video_path,label,identity,dataset,split
E:\FaceForencis++\original\776.mp4,real,776,FFPP_REAL,train
E:\FaceForencis++\original\507.mp4,real,507,FFPP_REAL,train
E:\FaceForencis++\original\895.mp4,real,895,FFPP_REAL,train
E:\FaceForencis++\original\922.mp4,real,922,FFPP_REAL,train
E:\FaceForencis++\original\033.mp4,real,033,FFPP_REAL,train
E:\FaceForencis++\original\483.mp4,real,483,FFPP_REAL,train
E:\FaceForencis++\original\085.mp4,real,085,FFPP_REAL,train
E:\FaceForencis++\original\750.mp4,real,750,FFPP_REAL,train
E:\FaceForencis++\original\354.mp4,real,354,FFPP_REAL,train
E:\FaceForencis++\original\523.mp4,real,523,FFPP_REAL,train
E:\FaceForencis++\original\184.mp4,real,184,FFPP_REAL,val
E:\FaceForencis++\original\809.mp4,real,809,FFPP_REAL,train
E:\FaceForencis++\original\418.mp4,real,418,FFPP_REAL,train
E:\FaceForencis++\original\615.mp4,real,615,FFPP_REAL,train
E:\FaceForencis++\original\682.mp4,real,682,FFPP_REAL,train
E:\FaceForencis++\original\501.mp4,real,501,FFPP_REAL,test
E:\FaceForencis++\original\760.mp4,real,760,FFPP_REAL,train
E:\FaceForencis++\original\049.mp4,real,049,FFPP_REAL,train
E:\FaceForencis++\original\732.mp4,real,732,FFPP_REAL,train
E:\FaceForencis++\original\336.mp4,real,336,FFPP_REAL,train
E:\FaceForencis++\original\450.mp4,real,450,FFPP_REAL,train
E:\FaceForencis++\original\790.mp4,real,790,FFPP_REAL,train
E:\FaceForencis++\original\350.mp4,real,350,FFPP_REAL,train
E:\FaceForencis++\original\467.mp4,real,467,FFPP_REAL,val
E:\FaceForencis++\original\622.mp4,real,622,FFPP_REAL,train
E:\FaceForencis++\original\476.mp4,real,476,FFPP_REAL,train
E:\FaceForencis++\original\614.mp4,real,614,FFPP_REAL,train
E:\FaceForencis++\original\554.mp4,real,554,FFPP_REAL,train
E:\FaceForencis++\original\365.mp4,real,365,FFPP_REAL,train
E:\FaceForencis++\original\770.mp4,real,770,FFPP_REAL,test
E:\FaceForencis++\original\630.mp4,real,630,FFPP_REAL,test
E:\FaceForencis++\original\940.mp4,real,940,FFPP_REAL,val
E:\FaceForencis++\original\797.mp4,real,797,FFPP_REAL,val
E:\FaceForencis++\original\496.mp4,real,496,FFPP_REAL,train
E:\FaceForencis++\original\924.mp4,real,924,FFPP_REAL,train
E:\FaceForencis++\original\369.mp4,real,369,FFPP_REAL,train
E:\FaceForencis++\original\596.mp4,real,596,FFPP_REAL,train
E:\FaceForencis++\original\720.mp4,real,720,FFPP_REAL,train
E:\FaceForencis++\original\053.mp4,real,053,FFPP_REAL,train
E:\FaceForencis++\original\426.mp4,real,426,FFPP_REAL,train
E:\FaceForencis++\original\056.mp4,real,056,FFPP_REAL,train
E:\FaceForencis++\original\264.mp4,real,264,FFPP_REAL,train
E:\FaceForencis++\original\772.mp4,real,772,FFPP_REAL,train
E:\FaceForencis++\original\185.mp4,real,185,FFPP_REAL,val
E:\FaceForencis++\original\466.mp4,real,466,FFPP_REAL,val
E:\FaceForencis++\original\789.mp4,real,789,FFPP_REAL,train
E:\FaceForencis++\original\174.mp4,real,174,FFPP_REAL,train
E:\FaceForencis++\original\150.mp4,real,150,FFPP_REAL,train
E:\FaceForencis++\original\741.mp4,real,741,FFPP_REAL,test
E:\FaceForencis++\original\113.mp4,real,113,FFPP_REAL,test
E:\FaceForencis++\original\428.mp4,real,428,FFPP_REAL,train
E:\FaceForencis++\original\965.mp4,real,965,FFPP_REAL,val
E:\FaceForencis++\original\018.mp4,real,018,FFPP_REAL,train
E:\FaceForencis++\original\189.mp4,real,189,FFPP_REAL,train
E:\FaceForencis++\original\414.mp4,real,414,FFPP_REAL,test
E:\FaceForencis++\original\589.mp4,real,589,FFPP_REAL,train
E:\FaceForencis++\original\666.mp4,real,666,FFPP_REAL,test
E:\FaceForencis++\original\763.mp4,real,763,FFPP_REAL,train
E:\FaceForencis++\original\221.mp4,real,221,FFPP_REAL,val
E:\FaceForencis++\original\586.mp4,real,586,FFPP_REAL,train
E:\FaceForencis++\original\581.mp4,real,581,FFPP_REAL,train
E:\FaceForencis++\original\299.mp4,real,299,FFPP_REAL,train
E:\FaceForencis++\original\638.mp4,real,638,FFPP_REAL,train
E:\FaceForencis++\original\386.mp4,real,386,FFPP_REAL,test
E:\FaceForencis++\original\364.mp4,real,364,FFPP_REAL,train
E:\FaceForencis++\original\879.mp4,real,879,FFPP_REAL,test
E:\FaceForencis++\original\334.mp4,real,334,FFPP_REAL,train
E:\FaceForencis++\original\016.mp4,real,016,FFPP_REAL,test
E:\FaceForencis++\original\202.mp4,real,202,FFPP_REAL,train
E:\FaceForencis++\original\001.mp4,real,001,FFPP_REAL,train
E:\FaceForencis++\original\038.mp4,real,038,FFPP_REAL,val
E:\FaceForencis++\original\290.mp4,real,290,FFPP_REAL,train
E:\FaceForencis++\original\493.mp4,real,493,FFPP_REAL,train
E:\FaceForencis++\original\247.mp4,real,247,FFPP_REAL,train
E:\FaceForencis++\original\506.mp4,real,506,FFPP_REAL,train
E:\FaceForencis++\original\896.mp4,real,896,FFPP_REAL,train
E:\FaceForencis++\original\713.mp4,real,713,FFPP_REAL,test
E:\FaceForencis++\original\891.mp4,real,891,FFPP_REAL,train
E:\FaceForencis++\original\076.mp4,real,076,FFPP_REAL,test
E:\FaceForencis++\original\911.mp4,real,911,FFPP_REAL,train
E:\FaceForencis++\original\792.mp4,real,792,FFPP_REAL,train
E:\FaceForencis++\original\508.mp4,real,508,FFPP_REAL,test
E:\FaceForencis++\original\177.mp4,real,177,FFPP_REAL,train
E:\FaceForencis++\original\842.mp4,real,842,FFPP_REAL,val
E:\FaceForencis++\original\200.mp4,real,200,FFPP_REAL,train
E:\FaceForencis++\original\765.mp4,real,765,FFPP_REAL,train
E:\FaceForencis++\original\909.mp4,real,909,FFPP_REAL,val
E:\FaceForencis++\original\293.mp4,real,293,FFPP_REAL,train
E:\FaceForencis++\original\538.mp4,real,538,FFPP_REAL,train
E:\FaceForencis++\original\024.mp4,real,024,FFPP_REAL,train
E:\FaceForencis++\original\694.mp4,real,694,FFPP_REAL,train
E:\FaceForencis++\original\210.mp4,real,210,FFPP_REAL,train
E:\FaceForencis++\original\424.mp4,real,424,FFPP_REAL,train
E:\FaceForencis++\original\528.mp4,real,528,FFPP_REAL,train
E:\FaceForencis++\original\034.mp4,real,034,FFPP_REAL,train
E:\FaceForencis++\original\928.mp4,real,928,FFPP_REAL,train
E:\FaceForencis++\original\398.mp4,real,398,FFPP_REAL,train
E:\FaceForencis++\original\607.mp4,real,607,FFPP_REAL,train
E:\FaceForencis++\original\298.mp4,real,298,FFPP_REAL,train
E:\FaceForencis++\original\848.mp4,real,848,FFPP_REAL,test
E:\FaceForencis++\original\668.mp4,real,668,FFPP_REAL,val
E:\FaceForencis++\original\282.mp4,real,282,FFPP_REAL,val
E:\FaceForencis++\original\939.mp4,real,939,FFPP_REAL,train
E:\FaceForencis++\original\944.mp4,real,944,FFPP_REAL,train
E:\FaceForencis++\original\606.mp4,real,606,FFPP_REAL,train
E:\FaceForencis++\original\959.mp4,real,959,FFPP_REAL,train
E:\FaceForencis++\original\934.mp4,real,934,FFPP_REAL,train
E:\FaceForencis++\original\731.mp4,real,731,FFPP_REAL,test
E:\FaceForencis++\original\287.mp4,real,287,FFPP_REAL,train
E:\FaceForencis++\original\527.mp4,real,527,FFPP_REAL,test
E:\FaceForencis++\original\807.mp4,real,807,FFPP_REAL,train
E:\FaceForencis++\original\229.mp4,real,229,FFPP_REAL,val
E:\FaceForencis++\original\436.mp4,real,436,FFPP_REAL,train
E:\FaceForencis++\original\028.mp4,real,028,FFPP_REAL,val
E:\FaceForencis++\original\374.mp4,real,374,FFPP_REAL,train
E:\FaceForencis++\original\819.mp4,real,819,FFPP_REAL,test
E:\FaceForencis++\original\316.mp4,real,316,FFPP_REAL,train
E:\FaceForencis++\original\560.mp4,real,560,FFPP_REAL,train
E:\FaceForencis++\original\241.mp4,real,241,FFPP_REAL,train
E:\FaceForencis++\original\149.mp4,real,149,FFPP_REAL,train
E:\FaceForencis++\original\516.mp4,real,516,FFPP_REAL,train
E:\FaceForencis++\original\417.mp4,real,417,FFPP_REAL,train
E:\FaceForencis++\original\660.mp4,real,660,FFPP_REAL,train
E:\FaceForencis++\original\198.mp4,real,198,FFPP_REAL,test
E:\FaceForencis++\original\585.mp4,real,585,FFPP_REAL,train
E:\FaceForencis++\original\325.mp4,real,325,FFPP_REAL,train
E:\FaceForencis++\original\823.mp4,real,823,FFPP_REAL,val
E:\FaceForencis++\original\702.mp4,real,702,FFPP_REAL,train
E:\FaceForencis++\original\949.mp4,real,949,FFPP_REAL,val
E:\FaceForencis++\original\515.mp4,real,515,FFPP_REAL,test
E:\FaceForencis++\original\864.mp4,real,864,FFPP_REAL,train
E:\FaceForencis++\original\836.mp4,real,836,FFPP_REAL,train
E:\FaceForencis++\original\877.mp4,real,877,FFPP_REAL,train
E:\FaceForencis++\original\359.mp4,real,359,FFPP_REAL,train
E:\FaceForencis++\original\594.mp4,real,594,FFPP_REAL,train
E:\FaceForencis++\original\788.mp4,real,788,FFPP_REAL,val
E:\FaceForencis++\original\188.mp4,real,188,FFPP_REAL,train
E:\FaceForencis++\original\066.mp4,real,066,FFPP_REAL,train
E:\FaceForencis++\original\355.mp4,real,355,FFPP_REAL,train
E:\FaceForencis++\original\799.mp4,real,799,FFPP_REAL,train
E:\FaceForencis++\original\902.mp4,real,902,FFPP_REAL,test
E:\FaceForencis++\original\920.mp4,real,920,FFPP_REAL,test
E:\FaceForencis++\original\942.mp4,real,942,FFPP_REAL,train
E:\FaceForencis++\original\330.mp4,real,330,FFPP_REAL,train
E:\FaceForencis++\original\727.mp4,real,727,FFPP_REAL,train
E:\FaceForencis++\original\396.mp4,real,396,FFPP_REAL,train
E:\FaceForencis++\original\463.mp4,real,463,FFPP_REAL,train
E:\FaceForencis++\original\393.mp4,real,393,FFPP_REAL,val
E:\FaceForencis++\original\311.mp4,real,311,FFPP_REAL,train
E:\FaceForencis++\original\680.mp4,real,680,FFPP_REAL,train
E:\FaceForencis++\original\744.mp4,real,744,FFPP_REAL,train
E:\FaceForencis++\original\921.mp4,real,921,FFPP_REAL,train
E:\FaceForencis++\original\461.mp4,real,461,FFPP_REAL,train
E:\FaceForencis++\original\522.mp4,real,522,FFPP_REAL,train
E:\FaceForencis++\original\631.mp4,real,631,FFPP_REAL,train
E:\FaceForencis++\original\490.mp4,real,490,FFPP_REAL,test
E:\FaceForencis++\original\195.mp4,real,195,FFPP_REAL,train
E:\FaceForencis++\original\256.mp4,real,256,FFPP_REAL,train
E:\FaceForencis++\original\693.mp4,real,693,FFPP_REAL,test
E:\FaceForencis++\original\740.mp4,real,740,FFPP_REAL,train
E:\FaceForencis++\original\577.mp4,real,577,FFPP_REAL,train
E:\FaceForencis++\original\157.mp4,real,157,FFPP_REAL,train
E:\FaceForencis++\original\612.mp4,real,612,FFPP_REAL,train
E:\FaceForencis++\original\392.mp4,real,392,FFPP_REAL,test
E:\FaceForencis++\original\969.mp4,real,969,FFPP_REAL,train
E:\FaceForencis++\original\688.mp4,real,688,FFPP_REAL,train
E:\FaceForencis++\original\361.mp4,real,361,FFPP_REAL,train
E:\FaceForencis++\original\816.mp4,real,816,FFPP_REAL,train
E:\FaceForencis++\original\401.mp4,real,401,FFPP_REAL,test
E:\FaceForencis++\original\092.mp4,real,092,FFPP_REAL,train
E:\FaceForencis++\original\917.mp4,real,917,FFPP_REAL,val
E:\FaceForencis++\original\489.mp4,real,489,FFPP_REAL,train
E:\FaceForencis++\original\451.mp4,real,451,FFPP_REAL,train
E:\FaceForencis++\original\251.mp4,real,251,FFPP_REAL,train
E:\FaceForencis++\original\653.mp4,real,653,FFPP_REAL,test
E:\FaceForencis++\original\769.mp4,real,769,FFPP_REAL,test
E:\FaceForencis++\original\670.mp4,real,670,FFPP_REAL,train
E:\FaceForencis++\original\129.mp4,real,129,FFPP_REAL,train
E:\FaceForencis++\original\637.mp4,real,637,FFPP_REAL,train
E:\FaceForencis++\original\991.mp4,real,991,FFPP_REAL,test
E:\FaceForencis++\original\342.mp4,real,342,FFPP_REAL,train
E:\FaceForencis++\original\308.mp4,real,308,FFPP_REAL,train
E:\FaceForencis++\original\136.mp4,real,136,FFPP_REAL,train
E:\FaceForencis++\original\088.mp4,real,088,FFPP_REAL,train
E:\FaceForencis++\original\327.mp4,real,327,FFPP_REAL,test
E:\FaceForencis++\original\475.mp4,real,475,FFPP_REAL,train
E:\FaceForencis++\original\981.mp4,real,981,FFPP_REAL,train
E:\FaceForencis++\original\850.mp4,real,850,FFPP_REAL,train
E:\FaceForencis++\original\892.mp4,real,892,FFPP_REAL,val
E:\FaceForencis++\original\375.mp4,real,375,FFPP_REAL,train
E:\FaceForencis++\original\178.mp4,real,178,FFPP_REAL,train
E:\FaceForencis++\original\026.mp4,real,026,FFPP_REAL,train
E:\FaceForencis++\original\349.mp4,real,349,FFPP_REAL,val
E:\FaceForencis++\original\499.mp4,real,499,FFPP_REAL,train
E:\FaceForencis++\original\474.mp4,real,474,FFPP_REAL,train
E:\FaceForencis++\original\617.mp4,real,617,FFPP_REAL,train
E:\FaceForencis++\original\697.mp4,real,697,FFPP_REAL,test
E:\FaceForencis++\original\050.mp4,real,050,FFPP_REAL,train
E:\FaceForencis++\original\211.mp4,real,211,FFPP_REAL,test
E:\FaceForencis++\original\381.mp4,real,381,FFPP_REAL,test
E:\FaceForencis++\original\883.mp4,real,883,FFPP_REAL,train
E:\FaceForencis++\original\173.mp4,real,173,FFPP_REAL,train
E:\FaceForencis++\original\147.mp4,real,147,FFPP_REAL,train
E:\FaceForencis++\original\419.mp4,real,419,FFPP_REAL,test
E:\FaceForencis++\original\961.mp4,real,961,FFPP_REAL,train
E:\FaceForencis++\original\148.mp4,real,148,FFPP_REAL,train
E:\FaceForencis++\original\975.mp4,real,975,FFPP_REAL,train
E:\FaceForencis++\original\079.mp4,real,079,FFPP_REAL,train
E:\FaceForencis++\original\775.mp4,real,775,FFPP_REAL,test
E:\FaceForencis++\original\302.mp4,real,302,FFPP_REAL,val
E:\FaceForencis++\original\995.mp4,real,995,FFPP_REAL,val
E:\FaceForencis++\original\525.mp4,real,525,FFPP_REAL,train
E:\FaceForencis++\original\774.mp4,real,774,FFPP_REAL,train
E:\FaceForencis++\original\231.mp4,real,231,FFPP_REAL,train
E:\FaceForencis++\original\625.mp4,real,625,FFPP_REAL,train
E:\FaceForencis++\original\800.mp4,real,800,FFPP_REAL,train
E:\FaceForencis++\original\561.mp4,real,561,FFPP_REAL,train
E:\FaceForencis++\original\509.mp4,real,509,FFPP_REAL,train
E:\FaceForencis++\original\840.mp4,real,840,FFPP_REAL,val
E:\FaceForencis++\original\494.mp4,real,494,FFPP_REAL,train
E:\FaceForencis++\original\119.mp4,real,119,FFPP_REAL,val
E:\FaceForencis++\original\477.mp4,real,477,FFPP_REAL,val
E:\FaceForencis++\original\144.mp4,real,144,FFPP_REAL,train
E:\FaceForencis++\original\029.mp4,real,029,FFPP_REAL,train
E:\FaceForencis++\original\910.mp4,real,910,FFPP_REAL,train
E:\FaceForencis++\original\121.mp4,real,121,FFPP_REAL,train
E:\FaceForencis++\original\605.mp4,real,605,FFPP_REAL,train
E:\FaceForencis++\original\061.mp4,real,061,FFPP_REAL,train
E:\FaceForencis++\original\871.mp4,real,871,FFPP_REAL,train
E:\FaceForencis++\original\572.mp4,real,572,FFPP_REAL,train
E:\FaceForencis++\original\005.mp4,real,005,FFPP_REAL,train
E:\FaceForencis++\original\926.mp4,real,926,FFPP_REAL,test
E:\FaceForencis++\original\639.mp4,real,639,FFPP_REAL,train
E:\FaceForencis++\original\439.mp4,real,439,FFPP_REAL,test
E:\FaceForencis++\original\729.mp4,real,729,FFPP_REAL,train
E:\FaceForencis++\original\193.mp4,real,193,FFPP_REAL,train
E:\FaceForencis++\original\752.mp4,real,752,FFPP_REAL,train
E:\FaceForencis++\original\626.mp4,real,626,FFPP_REAL,test
E:\FaceForencis++\original\571.mp4,real,571,FFPP_REAL,train
E:\FaceForencis++\original\017.mp4,real,017,FFPP_REAL,val
E:\FaceForencis++\original\742.mp4,real,742,FFPP_REAL,val
E:\FaceForencis++\original\914.mp4,real,914,FFPP_REAL,train
E:\FaceForencis++\original\510.mp4,real,510,FFPP_REAL,train
E:\FaceForencis++\original\573.mp4,real,573,FFPP_REAL,test
E:\FaceForencis++\original\138.mp4,real,138,FFPP_REAL,val
E:\FaceForencis++\original\191.mp4,real,191,FFPP_REAL,train
E:\FaceForencis++\original\004.mp4,real,004,FFPP_REAL,train
E:\FaceForencis++\original\443.mp4,real,443,FFPP_REAL,test
E:\FaceForencis++\original\020.mp4,real,020,FFPP_REAL,train
E:\FaceForencis++\original\213.mp4,real,213,FFPP_REAL,train
E:\FaceForencis++\original\064.mp4,real,064,FFPP_REAL,train
E:\FaceForencis++\original\411.mp4,real,411,FFPP_REAL,train
E:\FaceForencis++\original\301.mp4,real,301,FFPP_REAL,train
E:\FaceForencis++\original\333.mp4,real,333,FFPP_REAL,train
E:\FaceForencis++\original\192.mp4,real,192,FFPP_REAL,val
E:\FaceForencis++\original\664.mp4,real,664,FFPP_REAL,train
E:\FaceForencis++\original\262.mp4,real,262,FFPP_REAL,train
E:\FaceForencis++\original\647.mp4,real,647,FFPP_REAL,train
E:\FaceForencis++\original\810.mp4,real,810,FFPP_REAL,train
E:\FaceForencis++\original\232.mp4,real,232,FFPP_REAL,val
E:\FaceForencis++\original\795.mp4,real,795,FFPP_REAL,train
E:\FaceForencis++\original\681.mp4,real,681,FFPP_REAL,val
E:\FaceForencis++\original\804.mp4,real,804,FFPP_REAL,train
E:\FaceForencis++\original\482.mp4,real,482,FFPP_REAL,train
E:\FaceForencis++\original\360.mp4,real,360,FFPP_REAL,train
E:\FaceForencis++\original\838.mp4,real,838,FFPP_REAL,test
E:\FaceForencis++\original\236.mp4,real,236,FFPP_REAL,train
E:\FaceForencis++\original\627.mp4,real,627,FFPP_REAL,train
E:\FaceForencis++\original\957.mp4,real,957,FFPP_REAL,train
E:\FaceForencis++\original\582.mp4,real,582,FFPP_REAL,train
E:\FaceForencis++\original\272.mp4,real,272,FFPP_REAL,test
E:\FaceForencis++\original\201.mp4,real,201,FFPP_REAL,val
E:\FaceForencis++\original\013.mp4,real,013,FFPP_REAL,train
E:\FaceForencis++\original\427.mp4,real,427,FFPP_REAL,train
E:\FaceForencis++\original\239.mp4,real,239,FFPP_REAL,test
E:\FaceForencis++\original\084.mp4,real,084,FFPP_REAL,test
E:\FaceForencis++\original\532.mp4,real,532,FFPP_REAL,train
E:\FaceForencis++\original\172.mp4,real,172,FFPP_REAL,test
E:\FaceForencis++\original\289.mp4,real,289,FFPP_REAL,train
E:\FaceForencis++\original\485.mp4,real,485,FFPP_REAL,train
E:\FaceForencis++\original\329.mp4,real,329,FFPP_REAL,train
E:\FaceForencis++\original\683.mp4,real,683,FFPP_REAL,train
E:\FaceForencis++\original\318.mp4,real,318,FFPP_REAL,val
E:\FaceForencis++\original\454.mp4,real,454,FFPP_REAL,train
E:\FaceForencis++\original\249.mp4,real,249,FFPP_REAL,train
E:\FaceForencis++\original\846.mp4,real,846,FFPP_REAL,train
E:\FaceForencis++\original\279.mp4,real,279,FFPP_REAL,test
E:\FaceForencis++\original\455.mp4,real,455,FFPP_REAL,train
E:\FaceForencis++\original\901.mp4,real,901,FFPP_REAL,train
E:\FaceForencis++\original\761.mp4,real,761,FFPP_REAL,val
E:\FaceForencis++\original\547.mp4,real,547,FFPP_REAL,train
E:\FaceForencis++\original\180.mp4,real,180,FFPP_REAL,val
E:\FaceForencis++\original\557.mp4,real,557,FFPP_REAL,val
E:\FaceForencis++\original\628.mp4,real,628,FFPP_REAL,train
E:\FaceForencis++\original\423.mp4,real,423,FFPP_REAL,train
E:\FaceForencis++\original\843.mp4,real,843,FFPP_REAL,train
E:\FaceForencis++\original\010.mp4,real,010,FFPP_REAL,test
E:\FaceForencis++\original\199.mp4,real,199,FFPP_REAL,val
E:\FaceForencis++\original\425.mp4,real,425,FFPP_REAL,test
E:\FaceForencis++\original\534.mp4,real,534,FFPP_REAL,train
E:\FaceForencis++\original\031.mp4,real,031,FFPP_REAL,train
E:\FaceForencis++\original\579.mp4,real,579,FFPP_REAL,train
E:\FaceForencis++\original\404.mp4,real,404,FFPP_REAL,train
E:\FaceForencis++\original\277.mp4,real,277,FFPP_REAL,test
E:\FaceForencis++\original\444.mp4,real,444,FFPP_REAL,train
E:\FaceForencis++\original\771.mp4,real,771,FFPP_REAL,train
E:\FaceForencis++\original\372.mp4,real,372,FFPP_REAL,test
E:\FaceForencis++\original\722.mp4,real,722,FFPP_REAL,train
E:\FaceForencis++\original\400.mp4,real,400,FFPP_REAL,train
E:\FaceForencis++\original\078.mp4,real,078,FFPP_REAL,val
E:\FaceForencis++\original\537.mp4,real,537,FFPP_REAL,val
E:\FaceForencis++\original\575.mp4,real,575,FFPP_REAL,train
E:\FaceForencis++\original\548.mp4,real,548,FFPP_REAL,val
E:\FaceForencis++\original\710.mp4,real,710,FFPP_REAL,train
E:\FaceForencis++\original\041.mp4,real,041,FFPP_REAL,train
E:\FaceForencis++\original\885.mp4,real,885,FFPP_REAL,train
E:\FaceForencis++\original\632.mp4,real,632,FFPP_REAL,val
E:\FaceForencis++\original\858.mp4,real,858,FFPP_REAL,train
E:\FaceForencis++\original\139.mp4,real,139,FFPP_REAL,train
E:\FaceForencis++\original\385.mp4,real,385,FFPP_REAL,train
E:\FaceForencis++\original\456.mp4,real,456,FFPP_REAL,train
E:\FaceForencis++\original\932.mp4,real,932,FFPP_REAL,train
E:\FaceForencis++\original\813.mp4,real,813,FFPP_REAL,val
E:\FaceForencis++\original\140.mp4,real,140,FFPP_REAL,test
E:\FaceForencis++\original\624.mp4,real,624,FFPP_REAL,val
E:\FaceForencis++\original\320.mp4,real,320,FFPP_REAL,train
E:\FaceForencis++\original\708.mp4,real,708,FFPP_REAL,train
E:\FaceForencis++\original\457.mp4,real,457,FFPP_REAL,train
E:\FaceForencis++\original\873.mp4,real,873,FFPP_REAL,train
E:\FaceForencis++\original\326.mp4,real,326,FFPP_REAL,train
E:\FaceForencis++\original\126.mp4,real,126,FFPP_REAL,train
E:\FaceForencis++\original\132.mp4,real,132,FFPP_REAL,test
E:\FaceForencis++\original\817.mp4,real,817,FFPP_REAL,val
E:\FaceForencis++\original\397.mp4,real,397,FFPP_REAL,train
E:\FaceForencis++\original\915.mp4,real,915,FFPP_REAL,train
E:\FaceForencis++\original\993.mp4,real,993,FFPP_REAL,train
E:\FaceForencis++\original\415.mp4,real,415,FFPP_REAL,train
E:\FaceForencis++\original\595.mp4,real,595,FFPP_REAL,train
E:\FaceForencis++\original\258.mp4,real,258,FFPP_REAL,train
E:\FaceForencis++\original\313.mp4,real,313,FFPP_REAL,val
E:\FaceForencis++\original\409.mp4,real,409,FFPP_REAL,train
E:\FaceForencis++\original\162.mp4,real,162,FFPP_REAL,train
E:\FaceForencis++\original\304.mp4,real,304,FFPP_REAL,test
E:\FaceForencis++\original\286.mp4,real,286,FFPP_REAL,train
E:\FaceForencis++\original\644.mp4,real,644,FFPP_REAL,val
E:\FaceForencis++\original\635.mp4,real,635,FFPP_REAL,train
E:\FaceForencis++\original\353.mp4,real,353,FFPP_REAL,val
E:\FaceForencis++\original\068.mp4,real,068,FFPP_REAL,train
E:\FaceForencis++\original\678.mp4,real,678,FFPP_REAL,train
E:\FaceForencis++\original\833.mp4,real,833,FFPP_REAL,train
E:\FaceForencis++\original\935.mp4,real,935,FFPP_REAL,val
E:\FaceForencis++\original\679.mp4,real,679,FFPP_REAL,val
E:\FaceForencis++\original\719.mp4,real,719,FFPP_REAL,train
E:\FaceForencis++\original\237.mp4,real,237,FFPP_REAL,val
E:\FaceForencis++\original\265.mp4,real,265,FFPP_REAL,test
E:\FaceForencis++\original\090.mp4,real,090,FFPP_REAL,val
E:\FaceForencis++\original\835.mp4,real,835,FFPP_REAL,train
E:\FaceForencis++\original\862.mp4,real,862,FFPP_REAL,train
E:\FaceForencis++\original\054.mp4,real,054,FFPP_REAL,val
E:\FaceForencis++\original\657.mp4,real,657,FFPP_REAL,train
E:\FaceForencis++\original\943.mp4,real,943,FFPP_REAL,train
E:\FaceForencis++\original\406.mp4,real,406,FFPP_REAL,val
E:\FaceForencis++\original\380.mp4,real,380,FFPP_REAL,train
E:\FaceForencis++\original\124.mp4,real,124,FFPP_REAL,test
E:\FaceForencis++\original\491.mp4,real,491,FFPP_REAL,train
E:\FaceForencis++\original\802.mp4,real,802,FFPP_REAL,test
E:\FaceForencis++\original\900.mp4,real,900,FFPP_REAL,train
E:\FaceForencis++\original\430.mp4,real,430,FFPP_REAL,val
E:\FaceForencis++\original\945.mp4,real,945,FFPP_REAL,train
E:\FaceForencis++\original\703.mp4,real,703,FFPP_REAL,train
E:\FaceForencis++\original\294.mp4,real,294,FFPP_REAL,test
E:\FaceForencis++\original\878.mp4,real,878,FFPP_REAL,test
E:\FaceForencis++\original\212.mp4,real,212,FFPP_REAL,train
E:\FaceForencis++\original\918.mp4,real,918,FFPP_REAL,train
E:\FaceForencis++\original\037.mp4,real,037,FFPP_REAL,test
E:\FaceForencis++\original\860.mp4,real,860,FFPP_REAL,train
E:\FaceForencis++\original\898.mp4,real,898,FFPP_REAL,train
E:\FaceForencis++\original\125.mp4,real,125,FFPP_REAL,val
E:\FaceForencis++\original\023.mp4,real,023,FFPP_REAL,train
E:\FaceForencis++\original\839.mp4,real,839,FFPP_REAL,train
E:\FaceForencis++\original\976.mp4,real,976,FFPP_REAL,test
E:\FaceForencis++\original\101.mp4,real,101,FFPP_REAL,val
E:\FaceForencis++\original\115.mp4,real,115,FFPP_REAL,val
E:\FaceForencis++\original\435.mp4,real,435,FFPP_REAL,train
E:\FaceForencis++\original\950.mp4,real,950,FFPP_REAL,train
E:\FaceForencis++\original\120.mp4,real,120,FFPP_REAL,train
E:\FaceForencis++\original\384.mp4,real,384,FFPP_REAL,train
E:\FaceForencis++\original\047.mp4,real,047,FFPP_REAL,train
E:\FaceForencis++\original\171.mp4,real,171,FFPP_REAL,train
E:\FaceForencis++\original\317.mp4,real,317,FFPP_REAL,train
E:\FaceForencis++\original\324.mp4,real,324,FFPP_REAL,train
E:\FaceForencis++\original\880.mp4,real,880,FFPP_REAL,train
E:\FaceForencis++\original\263.mp4,real,263,FFPP_REAL,train
E:\FaceForencis++\original\145.mp4,real,145,FFPP_REAL,train
E:\FaceForencis++\original\043.mp4,real,043,FFPP_REAL,test
E:\FaceForencis++\original\504.mp4,real,504,FFPP_REAL,train
E:\FaceForencis++\original\086.mp4,real,086,FFPP_REAL,train
E:\FaceForencis++\original\376.mp4,real,376,FFPP_REAL,train
E:\FaceForencis++\original\530.mp4,real,530,FFPP_REAL,test
E:\FaceForencis++\original\984.mp4,real,984,FFPP_REAL,train
E:\FaceForencis++\original\851.mp4,real,851,FFPP_REAL,train
E:\FaceForencis++\original\345.mp4,real,345,FFPP_REAL,train
E:\FaceForencis++\original\403.mp4,real,403,FFPP_REAL,train
E:\FaceForencis++\original\226.mp4,real,226,FFPP_REAL,train
E:\FaceForencis++\original\987.mp4,real,987,FFPP_REAL,train
E:\FaceForencis++\original\164.mp4,real,164,FFPP_REAL,train
E:\FaceForencis++\original\335.mp4,real,335,FFPP_REAL,train
E:\FaceForencis++\original\600.mp4,real,600,FFPP_REAL,train
E:\FaceForencis++\original\916.mp4,real,916,FFPP_REAL,train
E:\FaceForencis++\original\472.mp4,real,472,FFPP_REAL,train
E:\FaceForencis++\original\447.mp4,real,447,FFPP_REAL,train
E:\FaceForencis++\original\107.mp4,real,107,FFPP_REAL,test
E:\FaceForencis++\original\856.mp4,real,856,FFPP_REAL,train
E:\FaceForencis++\original\155.mp4,real,155,FFPP_REAL,val
E:\FaceForencis++\original\458.mp4,real,458,FFPP_REAL,train
E:\FaceForencis++\original\280.mp4,real,280,FFPP_REAL,test
E:\FaceForencis++\original\207.mp4,real,207,FFPP_REAL,train
E:\FaceForencis++\original\154.mp4,real,154,FFPP_REAL,train
E:\FaceForencis++\original\587.mp4,real,587,FFPP_REAL,train
E:\FaceForencis++\original\757.mp4,real,757,FFPP_REAL,train
E:\FaceForencis++\original\985.mp4,real,985,FFPP_REAL,test
E:\FaceForencis++\original\383.mp4,real,383,FFPP_REAL,train
E:\FaceForencis++\original\801.mp4,real,801,FFPP_REAL,test
E:\FaceForencis++\original\648.mp4,real,648,FFPP_REAL,test
E:\FaceForencis++\original\806.mp4,real,806,FFPP_REAL,train
E:\FaceForencis++\original\536.mp4,real,536,FFPP_REAL,test
E:\FaceForencis++\original\503.mp4,real,503,FFPP_REAL,train
E:\FaceForencis++\original\737.mp4,real,737,FFPP_REAL,test
E:\FaceForencis++\original\559.mp4,real,559,FFPP_REAL,test
E:\FaceForencis++\original\544.mp4,real,544,FFPP_REAL,test
E:\FaceForencis++\original\356.mp4,real,356,FFPP_REAL,test
E:\FaceForencis++\original\206.mp4,real,206,FFPP_REAL,train
E:\FaceForencis++\original\888.mp4,real,888,FFPP_REAL,val
E:\FaceForencis++\original\611.mp4,real,611,FFPP_REAL,test
E:\FaceForencis++\original\711.mp4,real,711,FFPP_REAL,train
E:\FaceForencis++\original\531.mp4,real,531,FFPP_REAL,test
E:\FaceForencis++\original\259.mp4,real,259,FFPP_REAL,train
E:\FaceForencis++\original\153.mp4,real,153,FFPP_REAL,train
E:\FaceForencis++\original\852.mp4,real,852,FFPP_REAL,val
E:\FaceForencis++\original\063.mp4,real,063,FFPP_REAL,test
E:\FaceForencis++\original\434.mp4,real,434,FFPP_REAL,train
E:\FaceForencis++\original\339.mp4,real,339,FFPP_REAL,train
E:\FaceForencis++\original\513.mp4,real,513,FFPP_REAL,train
E:\FaceForencis++\original\748.mp4,real,748,FFPP_REAL,train
E:\FaceForencis++\original\487.mp4,real,487,FFPP_REAL,train
E:\FaceForencis++\original\524.mp4,real,524,FFPP_REAL,train
E:\FaceForencis++\original\893.mp4,real,893,FFPP_REAL,train
E:\FaceForencis++\original\952.mp4,real,952,FFPP_REAL,test
E:\FaceForencis++\original\186.mp4,real,186,FFPP_REAL,train
E:\FaceForencis++\original\673.mp4,real,673,FFPP_REAL,train
E:\FaceForencis++\original\343.mp4,real,343,FFPP_REAL,train
E:\FaceForencis++\original\377.mp4,real,377,FFPP_REAL,val
E:\FaceForencis++\original\903.mp4,real,903,FFPP_REAL,train
E:\FaceForencis++\original\368.mp4,real,368,FFPP_REAL,test
E:\FaceForencis++\original\568.mp4,real,568,FFPP_REAL,train
E:\FaceForencis++\original\275.mp4,real,275,FFPP_REAL,train
E:\FaceForencis++\original\690.mp4,real,690,FFPP_REAL,train
E:\FaceForencis++\original\266.mp4,real,266,FFPP_REAL,train
E:\FaceForencis++\original\782.mp4,real,782,FFPP_REAL,train
E:\FaceForencis++\original\937.mp4,real,937,FFPP_REAL,train
E:\FaceForencis++\original\533.mp4,real,533,FFPP_REAL,train
E:\FaceForencis++\original\022.mp4,real,022,FFPP_REAL,val
E:\FaceForencis++\original\542.mp4,real,542,FFPP_REAL,test
E:\FaceForencis++\original\097.mp4,real,097,FFPP_REAL,train
E:\FaceForencis++\original\295.mp4,real,295,FFPP_REAL,val
E:\FaceForencis++\original\460.mp4,real,460,FFPP_REAL,train
E:\FaceForencis++\original\197.mp4,real,197,FFPP_REAL,train
E:\FaceForencis++\original\707.mp4,real,707,FFPP_REAL,train
E:\FaceForencis++\original\261.mp4,real,261,FFPP_REAL,train
E:\FaceForencis++\original\310.mp4,real,310,FFPP_REAL,train
E:\FaceForencis++\original\979.mp4,real,979,FFPP_REAL,train
E:\FaceForencis++\original\160.mp4,real,160,FFPP_REAL,train
E:\FaceForencis++\original\402.mp4,real,402,FFPP_REAL,train
E:\FaceForencis++\original\539.mp4,real,539,FFPP_REAL,train
E:\FaceForencis++\original\176.mp4,real,176,FFPP_REAL,train
E:\FaceForencis++\original\726.mp4,real,726,FFPP_REAL,train
E:\FaceForencis++\original\793.mp4,real,793,FFPP_REAL,train
E:\FaceForencis++\original\818.mp4,real,818,FFPP_REAL,train
E:\FaceForencis++\original\778.mp4,real,778,FFPP_REAL,test
E:\FaceForencis++\original\756.mp4,real,756,FFPP_REAL,train
E:\FaceForencis++\original\297.mp4,real,297,FFPP_REAL,train
E:\FaceForencis++\original\091.mp4,real,091,FFPP_REAL,test
E:\FaceForencis++\original\929.mp4,real,929,FFPP_REAL,train
E:\FaceForencis++\original\449.mp4,real,449,FFPP_REAL,train
E:\FaceForencis++\original\645.mp4,real,645,FFPP_REAL,train
E:\FaceForencis++\original\014.mp4,real,014,FFPP_REAL,val
E:\FaceForencis++\original\480.mp4,real,480,FFPP_REAL,test
E:\FaceForencis++\original\996.mp4,real,996,FFPP_REAL,train
E:\FaceForencis++\original\868.mp4,real,868,FFPP_REAL,train
E:\FaceForencis++\original\431.mp4,real,431,FFPP_REAL,train
E:\FaceForencis++\original\695.mp4,real,695,FFPP_REAL,val
E:\FaceForencis++\original\502.mp4,real,502,FFPP_REAL,train
E:\FaceForencis++\original\260.mp4,real,260,FFPP_REAL,train
E:\FaceForencis++\original\328.mp4,real,328,FFPP_REAL,test
E:\FaceForencis++\original\179.mp4,real,179,FFPP_REAL,val
E:\FaceForencis++\original\564.mp4,real,564,FFPP_REAL,train
E:\FaceForencis++\original\395.mp4,real,395,FFPP_REAL,train
E:\FaceForencis++\original\495.mp4,real,495,FFPP_REAL,val
E:\FaceForencis++\original\035.mp4,real,035,FFPP_REAL,train
E:\FaceForencis++\original\442.mp4,real,442,FFPP_REAL,train
E:\FaceForencis++\original\927.mp4,real,927,FFPP_REAL,train
E:\FaceForencis++\original\659.mp4,real,659,FFPP_REAL,train
E:\FaceForencis++\original\636.mp4,real,636,FFPP_REAL,train
E:\FaceForencis++\original\098.mp4,real,098,FFPP_REAL,train
E:\FaceForencis++\original\337.mp4,real,337,FFPP_REAL,train
E:\FaceForencis++\original\012.mp4,real,012,FFPP_REAL,train
E:\FaceForencis++\original\684.mp4,real,684,FFPP_REAL,val
E:\FaceForencis++\original\116.mp4,real,116,FFPP_REAL,train
E:\FaceForencis++\original\446.mp4,real,446,FFPP_REAL,train
E:\FaceForencis++\original\407.mp4,real,407,FFPP_REAL,train
E:\FaceForencis++\original\815.mp4,real,815,FFPP_REAL,train
E:\FaceForencis++\original\312.mp4,real,312,FFPP_REAL,train
E:\FaceForencis++\original\358.mp4,real,358,FFPP_REAL,train
E:\FaceForencis++\original\471.mp4,real,471,FFPP_REAL,test
E:\FaceForencis++\original\204.mp4,real,204,FFPP_REAL,test
E:\FaceForencis++\original\227.mp4,real,227,FFPP_REAL,train
E:\FaceForencis++\original\481.mp4,real,481,FFPP_REAL,train
E:\FaceForencis++\original\039.mp4,real,039,FFPP_REAL,train
E:\FaceForencis++\original\391.mp4,real,391,FFPP_REAL,train
E:\FaceForencis++\original\110.mp4,real,110,FFPP_REAL,train
E:\FaceForencis++\original\832.mp4,real,832,FFPP_REAL,train
E:\FaceForencis++\original\812.mp4,real,812,FFPP_REAL,train
E:\FaceForencis++\original\962.mp4,real,962,FFPP_REAL,val
E:\FaceForencis++\original\421.mp4,real,421,FFPP_REAL,train
E:\FaceForencis++\original\340.mp4,real,340,FFPP_REAL,train
E:\FaceForencis++\original\183.mp4,real,183,FFPP_REAL,train
E:\FaceForencis++\original\997.mp4,real,997,FFPP_REAL,val
E:\FaceForencis++\original\422.mp4,real,422,FFPP_REAL,val
E:\FaceForencis++\original\181.mp4,real,181,FFPP_REAL,train
E:\FaceForencis++\original\904.mp4,real,904,FFPP_REAL,test
E:\FaceForencis++\original\861.mp4,real,861,FFPP_REAL,train
E:\FaceForencis++\original\649.mp4,real,649,FFPP_REAL,train
E:\FaceForencis++\original\745.mp4,real,745,FFPP_REAL,val
E:\FaceForencis++\original\700.mp4,real,700,FFPP_REAL,train
E:\FaceForencis++\original\105.mp4,real,105,FFPP_REAL,train
E:\FaceForencis++\original\919.mp4,real,919,FFPP_REAL,test
E:\FaceForencis++\original\651.mp4,real,651,FFPP_REAL,train
E:\FaceForencis++\original\366.mp4,real,366,FFPP_REAL,train
E:\FaceForencis++\original\619.mp4,real,619,FFPP_REAL,test
E:\FaceForencis++\original\905.mp4,real,905,FFPP_REAL,train
E:\FaceForencis++\original\315.mp4,real,315,FFPP_REAL,train
E:\FaceForencis++\original\042.mp4,real,042,FFPP_REAL,train
E:\FaceForencis++\original\130.mp4,real,130,FFPP_REAL,train
E:\FaceForencis++\original\440.mp4,real,440,FFPP_REAL,val
E:\FaceForencis++\original\151.mp4,real,151,FFPP_REAL,train
E:\FaceForencis++\original\588.mp4,real,588,FFPP_REAL,train
E:\FaceForencis++\original\036.mp4,real,036,FFPP_REAL,train
E:\FaceForencis++\original\152.mp4,real,152,FFPP_REAL,train
E:\FaceForencis++\original\676.mp4,real,676,FFPP_REAL,val
E:\FaceForencis++\original\960.mp4,real,960,FFPP_REAL,val
E:\FaceForencis++\original\601.mp4,real,601,FFPP_REAL,train
E:\FaceForencis++\original\437.mp4,real,437,FFPP_REAL,test
E:\FaceForencis++\original\452.mp4,real,452,FFPP_REAL,val
E:\FaceForencis++\original\785.mp4,real,785,FFPP_REAL,train
E:\FaceForencis++\original\268.mp4,real,268,FFPP_REAL,train
E:\FaceForencis++\original\133.mp4,real,133,FFPP_REAL,train
E:\FaceForencis++\original\341.mp4,real,341,FFPP_REAL,train
E:\FaceForencis++\original\803.mp4,real,803,FFPP_REAL,train
E:\FaceForencis++\original\045.mp4,real,045,FFPP_REAL,train
E:\FaceForencis++\original\283.mp4,real,283,FFPP_REAL,train
E:\FaceForencis++\original\652.mp4,real,652,FFPP_REAL,test
E:\FaceForencis++\original\948.mp4,real,948,FFPP_REAL,train
E:\FaceForencis++\original\052.mp4,real,052,FFPP_REAL,train
E:\FaceForencis++\original\821.mp4,real,821,FFPP_REAL,train
E:\FaceForencis++\original\779.mp4,real,779,FFPP_REAL,train
E:\FaceForencis++\original\977.mp4,real,977,FFPP_REAL,train
E:\FaceForencis++\original\599.mp4,real,599,FFPP_REAL,train
E:\FaceForencis++\original\208.mp4,real,208,FFPP_REAL,test
E:\FaceForencis++\original\351.mp4,real,351,FFPP_REAL,train
E:\FaceForencis++\original\215.mp4,real,215,FFPP_REAL,train
E:\FaceForencis++\original\288.mp4,real,288,FFPP_REAL,train
E:\FaceForencis++\original\278.mp4,real,278,FFPP_REAL,test
E:\FaceForencis++\original\953.mp4,real,953,FFPP_REAL,train
E:\FaceForencis++\original\820.mp4,real,820,FFPP_REAL,val
E:\FaceForencis++\original\109.mp4,real,109,FFPP_REAL,train
E:\FaceForencis++\original\118.mp4,real,118,FFPP_REAL,val
E:\FaceForencis++\original\941.mp4,real,941,FFPP_REAL,train
E:\FaceForencis++\original\137.mp4,real,137,FFPP_REAL,train
E:\FaceForencis++\original\106.mp4,real,106,FFPP_REAL,train
E:\FaceForencis++\original\306.mp4,real,306,FFPP_REAL,train
E:\FaceForencis++\original\972.mp4,real,972,FFPP_REAL,train
E:\FaceForencis++\original\008.mp4,real,008,FFPP_REAL,test
E:\FaceForencis++\original\822.mp4,real,822,FFPP_REAL,test
E:\FaceForencis++\original\309.mp4,real,309,FFPP_REAL,test
E:\FaceForencis++\original\556.mp4,real,556,FFPP_REAL,train
E:\FaceForencis++\original\743.mp4,real,743,FFPP_REAL,test
E:\FaceForencis++\original\634.mp4,real,634,FFPP_REAL,train
E:\FaceForencis++\original\291.mp4,real,291,FFPP_REAL,train
E:\FaceForencis++\original\378.mp4,real,378,FFPP_REAL,test
E:\FaceForencis++\original\889.mp4,real,889,FFPP_REAL,test
E:\FaceForencis++\original\629.mp4,real,629,FFPP_REAL,train
E:\FaceForencis++\original\357.mp4,real,357,FFPP_REAL,train
E:\FaceForencis++\original\712.mp4,real,712,FFPP_REAL,train
E:\FaceForencis++\original\620.mp4,real,620,FFPP_REAL,train
E:\FaceForencis++\original\518.mp4,real,518,FFPP_REAL,test
E:\FaceForencis++\original\662.mp4,real,662,FFPP_REAL,train
E:\FaceForencis++\original\550.mp4,real,550,FFPP_REAL,test
E:\FaceForencis++\original\075.mp4,real,075,FFPP_REAL,train
E:\FaceForencis++\original\102.mp4,real,102,FFPP_REAL,val
E:\FaceForencis++\original\576.mp4,real,576,FFPP_REAL,val
E:\FaceForencis++\original\857.mp4,real,857,FFPP_REAL,train
E:\FaceForencis++\original\009.mp4,real,009,FFPP_REAL,train
E:\FaceForencis++\original\074.mp4,real,074,FFPP_REAL,val
E:\FaceForencis++\original\951.mp4,real,951,FFPP_REAL,train
E:\FaceForencis++\original\468.mp4,real,468,FFPP_REAL,train
E:\FaceForencis++\original\307.mp4,real,307,FFPP_REAL,val
E:\FaceForencis++\original\134.mp4,real,134,FFPP_REAL,train
E:\FaceForencis++\original\859.mp4,real,859,FFPP_REAL,test
E:\FaceForencis++\original\884.mp4,real,884,FFPP_REAL,train
E:\FaceForencis++\original\244.mp4,real,244,FFPP_REAL,train
E:\FaceForencis++\original\641.mp4,real,641,FFPP_REAL,val
E:\FaceForencis++\original\209.mp4,real,209,FFPP_REAL,train
E:\FaceForencis++\original\267.mp4,real,267,FFPP_REAL,train
E:\FaceForencis++\original\870.mp4,real,870,FFPP_REAL,train
E:\FaceForencis++\original\535.mp4,real,535,FFPP_REAL,train
E:\FaceForencis++\original\578.mp4,real,578,FFPP_REAL,train
E:\FaceForencis++\original\845.mp4,real,845,FFPP_REAL,train
E:\FaceForencis++\original\968.mp4,real,968,FFPP_REAL,test
E:\FaceForencis++\original\083.mp4,real,083,FFPP_REAL,test
E:\FaceForencis++\original\040.mp4,real,040,FFPP_REAL,val
E:\FaceForencis++\original\608.mp4,real,608,FFPP_REAL,test
E:\FaceForencis++\original\592.mp4,real,592,FFPP_REAL,test
E:\FaceForencis++\original\853.mp4,real,853,FFPP_REAL,train
E:\FaceForencis++\original\583.mp4,real,583,FFPP_REAL,train
E:\FaceForencis++\original\122.mp4,real,122,FFPP_REAL,test
E:\FaceForencis++\original\413.mp4,real,413,FFPP_REAL,train
E:\FaceForencis++\original\240.mp4,real,240,FFPP_REAL,test
E:\FaceForencis++\original\723.mp4,real,723,FFPP_REAL,train
E:\FaceForencis++\original\609.mp4,real,609,FFPP_REAL,train
E:\FaceForencis++\original\766.mp4,real,766,FFPP_REAL,val
E:\FaceForencis++\original\190.mp4,real,190,FFPP_REAL,val
E:\FaceForencis++\original\082.mp4,real,082,FFPP_REAL,val
E:\FaceForencis++\original\520.mp4,real,520,FFPP_REAL,train
E:\FaceForencis++\original\876.mp4,real,876,FFPP_REAL,train
E:\FaceForencis++\original\805.mp4,real,805,FFPP_REAL,val
E:\FaceForencis++\original\783.mp4,real,783,FFPP_REAL,train
E:\FaceForencis++\original\514.mp4,real,514,FFPP_REAL,test
E:\FaceForencis++\original\488.mp4,real,488,FFPP_REAL,train
E:\FaceForencis++\original\847.mp4,real,847,FFPP_REAL,val
E:\FaceForencis++\original\672.mp4,real,672,FFPP_REAL,train
E:\FaceForencis++\original\058.mp4,real,058,FFPP_REAL,train
E:\FaceForencis++\original\321.mp4,real,321,FFPP_REAL,train
E:\FaceForencis++\original\691.mp4,real,691,FFPP_REAL,train
E:\FaceForencis++\original\555.mp4,real,555,FFPP_REAL,val
E:\FaceForencis++\original\593.mp4,real,593,FFPP_REAL,train
E:\FaceForencis++\original\837.mp4,real,837,FFPP_REAL,train
E:\FaceForencis++\original\222.mp4,real,222,FFPP_REAL,train
E:\FaceForencis++\original\303.mp4,real,303,FFPP_REAL,train
E:\FaceForencis++\original\716.mp4,real,716,FFPP_REAL,train
E:\FaceForencis++\original\158.mp4,real,158,FFPP_REAL,val
E:\FaceForencis++\original\498.mp4,real,498,FFPP_REAL,val
E:\FaceForencis++\original\569.mp4,real,569,FFPP_REAL,val
E:\FaceForencis++\original\897.mp4,real,897,FFPP_REAL,train
E:\FaceForencis++\original\292.mp4,real,292,FFPP_REAL,train
E:\FaceForencis++\original\465.mp4,real,465,FFPP_REAL,test
E:\FaceForencis++\original\988.mp4,real,988,FFPP_REAL,train
E:\FaceForencis++\original\399.mp4,real,399,FFPP_REAL,train
E:\FaceForencis++\original\002.mp4,real,002,FFPP_REAL,train
E:\FaceForencis++\original\886.mp4,real,886,FFPP_REAL,train
E:\FaceForencis++\original\168.mp4,real,168,FFPP_REAL,train
E:\FaceForencis++\original\725.mp4,real,725,FFPP_REAL,train
E:\FaceForencis++\original\869.mp4,real,869,FFPP_REAL,val
E:\FaceForencis++\original\218.mp4,real,218,FFPP_REAL,train
E:\FaceForencis++\original\492.mp4,real,492,FFPP_REAL,train
E:\FaceForencis++\original\715.mp4,real,715,FFPP_REAL,train
E:\FaceForencis++\original\751.mp4,real,751,FFPP_REAL,val
E:\FaceForencis++\original\170.mp4,real,170,FFPP_REAL,train
E:\FaceForencis++\original\242.mp4,real,242,FFPP_REAL,train
E:\FaceForencis++\original\980.mp4,real,980,FFPP_REAL,train
E:\FaceForencis++\original\015.mp4,real,015,FFPP_REAL,val
E:\FaceForencis++\original\553.mp4,real,553,FFPP_REAL,val
E:\FaceForencis++\original\667.mp4,real,667,FFPP_REAL,train
E:\FaceForencis++\original\051.mp4,real,051,FFPP_REAL,val
E:\FaceForencis++\original\989.mp4,real,989,FFPP_REAL,train
E:\FaceForencis++\original\563.mp4,real,563,FFPP_REAL,train
E:\FaceForencis++\original\453.mp4,real,453,FFPP_REAL,train
E:\FaceForencis++\original\077.mp4,real,077,FFPP_REAL,train
E:\FaceForencis++\original\255.mp4,real,255,FFPP_REAL,val
E:\FaceForencis++\original\912.mp4,real,912,FFPP_REAL,val
E:\FaceForencis++\original\717.mp4,real,717,FFPP_REAL,val
E:\FaceForencis++\original\187.mp4,real,187,FFPP_REAL,val
E:\FaceForencis++\original\829.mp4,real,829,FFPP_REAL,train
E:\FaceForencis++\original\143.mp4,real,143,FFPP_REAL,val
E:\FaceForencis++\original\966.mp4,real,966,FFPP_REAL,train
E:\FaceForencis++\original\814.mp4,real,814,FFPP_REAL,train
E:\FaceForencis++\original\705.mp4,real,705,FFPP_REAL,train
E:\FaceForencis++\original\923.mp4,real,923,FFPP_REAL,train
E:\FaceForencis++\original\254.mp4,real,254,FFPP_REAL,train
E:\FaceForencis++\original\111.mp4,real,111,FFPP_REAL,train
E:\FaceForencis++\original\347.mp4,real,347,FFPP_REAL,train
E:\FaceForencis++\original\412.mp4,real,412,FFPP_REAL,train
E:\FaceForencis++\original\062.mp4,real,062,FFPP_REAL,train
E:\FaceForencis++\original\100.mp4,real,100,FFPP_REAL,train
E:\FaceForencis++\original\661.mp4,real,661,FFPP_REAL,train
E:\FaceForencis++\original\669.mp4,real,669,FFPP_REAL,train
E:\FaceForencis++\original\689.mp4,real,689,FFPP_REAL,train
E:\FaceForencis++\original\055.mp4,real,055,FFPP_REAL,train
E:\FaceForencis++\original\478.mp4,real,478,FFPP_REAL,train
E:\FaceForencis++\original\420.mp4,real,420,FFPP_REAL,train
E:\FaceForencis++\original\755.mp4,real,755,FFPP_REAL,train
E:\FaceForencis++\original\362.mp4,real,362,FFPP_REAL,test
E:\FaceForencis++\original\441.mp4,real,441,FFPP_REAL,test
E:\FaceForencis++\original\674.mp4,real,674,FFPP_REAL,train
E:\FaceForencis++\original\946.mp4,real,946,FFPP_REAL,train
E:\FaceForencis++\original\096.mp4,real,096,FFPP_REAL,test
E:\FaceForencis++\original\194.mp4,real,194,FFPP_REAL,test
E:\FaceForencis++\original\416.mp4,real,416,FFPP_REAL,val
E:\FaceForencis++\original\709.mp4,real,709,FFPP_REAL,val
E:\FaceForencis++\original\248.mp4,real,248,FFPP_REAL,train
E:\FaceForencis++\original\484.mp4,real,484,FFPP_REAL,train
E:\FaceForencis++\original\590.mp4,real,590,FFPP_REAL,train
E:\FaceForencis++\original\584.mp4,real,584,FFPP_REAL,test
E:\FaceForencis++\original\135.mp4,real,135,FFPP_REAL,train
E:\FaceForencis++\original\753.mp4,real,753,FFPP_REAL,train
E:\FaceForencis++\original\219.mp4,real,219,FFPP_REAL,val
E:\FaceForencis++\original\767.mp4,real,767,FFPP_REAL,train
E:\FaceForencis++\original\685.mp4,real,685,FFPP_REAL,train
E:\FaceForencis++\original\285.mp4,real,285,FFPP_REAL,train
E:\FaceForencis++\original\243.mp4,real,243,FFPP_REAL,train
E:\FaceForencis++\original\526.mp4,real,526,FFPP_REAL,train
E:\FaceForencis++\original\728.mp4,real,728,FFPP_REAL,train
E:\FaceForencis++\original\338.mp4,real,338,FFPP_REAL,train
E:\FaceForencis++\original\872.mp4,real,872,FFPP_REAL,val
E:\FaceForencis++\original\069.mp4,real,069,FFPP_REAL,train
E:\FaceForencis++\original\874.mp4,real,874,FFPP_REAL,test
E:\FaceForencis++\original\060.mp4,real,060,FFPP_REAL,train
E:\FaceForencis++\original\646.mp4,real,646,FFPP_REAL,train
E:\FaceForencis++\original\724.mp4,real,724,FFPP_REAL,test
E:\FaceForencis++\original\072.mp4,real,072,FFPP_REAL,train
E:\FaceForencis++\original\007.mp4,real,007,FFPP_REAL,train
E:\FaceForencis++\original\967.mp4,real,967,FFPP_REAL,train
E:\FaceForencis++\original\734.mp4,real,734,FFPP_REAL,train
E:\FaceForencis++\original\235.mp4,real,235,FFPP_REAL,train
E:\FaceForencis++\original\567.mp4,real,567,FFPP_REAL,test
E:\FaceForencis++\original\602.mp4,real,602,FFPP_REAL,train
E:\FaceForencis++\original\021.mp4,real,021,FFPP_REAL,train
E:\FaceForencis++\original\346.mp4,real,346,FFPP_REAL,val
E:\FaceForencis++\original\827.mp4,real,827,FFPP_REAL,train
E:\FaceForencis++\original\230.mp4,real,230,FFPP_REAL,train
E:\FaceForencis++\original\253.mp4,real,253,FFPP_REAL,train
E:\FaceForencis++\original\123.mp4,real,123,FFPP_REAL,train
E:\FaceForencis++\original\462.mp4,real,462,FFPP_REAL,test
E:\FaceForencis++\original\529.mp4,real,529,FFPP_REAL,train
E:\FaceForencis++\original\448.mp4,real,448,FFPP_REAL,test
E:\FaceForencis++\original\831.mp4,real,831,FFPP_REAL,train
E:\FaceForencis++\original\971.mp4,real,971,FFPP_REAL,train
E:\FaceForencis++\original\687.mp4,real,687,FFPP_REAL,val
E:\FaceForencis++\original\844.mp4,real,844,FFPP_REAL,train
E:\FaceForencis++\original\319.mp4,real,319,FFPP_REAL,train
E:\FaceForencis++\original\730.mp4,real,730,FFPP_REAL,train
E:\FaceForencis++\original\205.mp4,real,205,FFPP_REAL,train
E:\FaceForencis++\original\706.mp4,real,706,FFPP_REAL,train
E:\FaceForencis++\original\938.mp4,real,938,FFPP_REAL,val
E:\FaceForencis++\original\784.mp4,real,784,FFPP_REAL,train
E:\FaceForencis++\original\866.mp4,real,866,FFPP_REAL,test
E:\FaceForencis++\original\433.mp4,real,433,FFPP_REAL,test
E:\FaceForencis++\original\621.mp4,real,621,FFPP_REAL,train
E:\FaceForencis++\original\540.mp4,real,540,FFPP_REAL,train
E:\FaceForencis++\original\855.mp4,real,855,FFPP_REAL,train
E:\FaceForencis++\original\169.mp4,real,169,FFPP_REAL,val
E:\FaceForencis++\original\562.mp4,real,562,FFPP_REAL,train
E:\FaceForencis++\original\486.mp4,real,486,FFPP_REAL,train
E:\FaceForencis++\original\675.mp4,real,675,FFPP_REAL,train
E:\FaceForencis++\original\131.mp4,real,131,FFPP_REAL,train
E:\FaceForencis++\original\128.mp4,real,128,FFPP_REAL,val
E:\FaceForencis++\original\545.mp4,real,545,FFPP_REAL,train
E:\FaceForencis++\original\070.mp4,real,070,FFPP_REAL,train
E:\FaceForencis++\original\497.mp4,real,497,FFPP_REAL,train
E:\FaceForencis++\original\749.mp4,real,749,FFPP_REAL,train
E:\FaceForencis++\original\087.mp4,real,087,FFPP_REAL,train
E:\FaceForencis++\original\933.mp4,real,933,FFPP_REAL,train
E:\FaceForencis++\original\865.mp4,real,865,FFPP_REAL,train
E:\FaceForencis++\original\246.mp4,real,246,FFPP_REAL,train
E:\FaceForencis++\original\059.mp4,real,059,FFPP_REAL,train
E:\FaceForencis++\original\245.mp4,real,245,FFPP_REAL,test
E:\FaceForencis++\original\314.mp4,real,314,FFPP_REAL,train
E:\FaceForencis++\original\371.mp4,real,371,FFPP_REAL,train
E:\FaceForencis++\original\808.mp4,real,808,FFPP_REAL,val
E:\FaceForencis++\original\019.mp4,real,019,FFPP_REAL,train
E:\FaceForencis++\original\500.mp4,real,500,FFPP_REAL,train
E:\FaceForencis++\original\331.mp4,real,331,FFPP_REAL,test
E:\FaceForencis++\original\613.mp4,real,613,FFPP_REAL,train
E:\FaceForencis++\original\000.mp4,real,000,FFPP_REAL,test
E:\FaceForencis++\original\543.mp4,real,543,FFPP_REAL,train
E:\FaceForencis++\original\552.mp4,real,552,FFPP_REAL,train
E:\FaceForencis++\original\165.mp4,real,165,FFPP_REAL,train
E:\FaceForencis++\original\798.mp4,real,798,FFPP_REAL,train
E:\FaceForencis++\original\382.mp4,real,382,FFPP_REAL,val
E:\FaceForencis++\original\834.mp4,real,834,FFPP_REAL,test
E:\FaceForencis++\original\973.mp4,real,973,FFPP_REAL,train
E:\FaceForencis++\original\894.mp4,real,894,FFPP_REAL,train
E:\FaceForencis++\original\796.mp4,real,796,FFPP_REAL,train
E:\FaceForencis++\original\999.mp4,real,999,FFPP_REAL,train
E:\FaceForencis++\original\305.mp4,real,305,FFPP_REAL,test
E:\FaceForencis++\original\640.mp4,real,640,FFPP_REAL,train
E:\FaceForencis++\original\108.mp4,real,108,FFPP_REAL,train
E:\FaceForencis++\original\519.mp4,real,519,FFPP_REAL,train
E:\FaceForencis++\original\182.mp4,real,182,FFPP_REAL,train
E:\FaceForencis++\original\780.mp4,real,780,FFPP_REAL,train
E:\FaceForencis++\original\512.mp4,real,512,FFPP_REAL,train
E:\FaceForencis++\original\930.mp4,real,930,FFPP_REAL,train
E:\FaceForencis++\original\736.mp4,real,736,FFPP_REAL,train
E:\FaceForencis++\original\739.mp4,real,739,FFPP_REAL,train
E:\FaceForencis++\original\003.mp4,real,003,FFPP_REAL,train
E:\FaceForencis++\original\908.mp4,real,908,FFPP_REAL,train
E:\FaceForencis++\original\161.mp4,real,161,FFPP_REAL,train
E:\FaceForencis++\original\445.mp4,real,445,FFPP_REAL,train
E:\FaceForencis++\original\931.mp4,real,931,FFPP_REAL,train
E:\FaceForencis++\original\998.mp4,real,998,FFPP_REAL,train
E:\FaceForencis++\original\955.mp4,real,955,FFPP_REAL,train
E:\FaceForencis++\original\656.mp4,real,656,FFPP_REAL,val
E:\FaceForencis++\original\787.mp4,real,787,FFPP_REAL,train
E:\FaceForencis++\original\899.mp4,real,899,FFPP_REAL,train
E:\FaceForencis++\original\768.mp4,real,768,FFPP_REAL,train
E:\FaceForencis++\original\936.mp4,real,936,FFPP_REAL,train
E:\FaceForencis++\original\698.mp4,real,698,FFPP_REAL,train
E:\FaceForencis++\original\117.mp4,real,117,FFPP_REAL,val
E:\FaceForencis++\original\738.mp4,real,738,FFPP_REAL,val
E:\FaceForencis++\original\830.mp4,real,830,FFPP_REAL,val
E:\FaceForencis++\original\011.mp4,real,011,FFPP_REAL,train
E:\FaceForencis++\original\566.mp4,real,566,FFPP_REAL,val
E:\FaceForencis++\original\257.mp4,real,257,FFPP_REAL,train
E:\FaceForencis++\original\541.mp4,real,541,FFPP_REAL,train
E:\FaceForencis++\original\479.mp4,real,479,FFPP_REAL,train
E:\FaceForencis++\original\963.mp4,real,963,FFPP_REAL,train
E:\FaceForencis++\original\390.mp4,real,390,FFPP_REAL,train
E:\FaceForencis++\original\394.mp4,real,394,FFPP_REAL,test
E:\FaceForencis++\original\065.mp4,real,065,FFPP_REAL,train
E:\FaceForencis++\original\610.mp4,real,610,FFPP_REAL,train
E:\FaceForencis++\original\956.mp4,real,956,FFPP_REAL,train
E:\FaceForencis++\original\696.mp4,real,696,FFPP_REAL,train
E:\FaceForencis++\original\811.mp4,real,811,FFPP_REAL,train
E:\FaceForencis++\original\958.mp4,real,958,FFPP_REAL,train
E:\FaceForencis++\original\642.mp4,real,642,FFPP_REAL,train
E:\FaceForencis++\original\156.mp4,real,156,FFPP_REAL,train
E:\FaceForencis++\original\112.mp4,real,112,FFPP_REAL,train
E:\FaceForencis++\original\048.mp4,real,048,FFPP_REAL,train
E:\FaceForencis++\original\773.mp4,real,773,FFPP_REAL,train
E:\FaceForencis++\original\093.mp4,real,093,FFPP_REAL,test
E:\FaceForencis++\original\505.mp4,real,505,FFPP_REAL,train
E:\FaceForencis++\original\521.mp4,real,521,FFPP_REAL,train
E:\FaceForencis++\original\141.mp4,real,141,FFPP_REAL,train
E:\FaceForencis++\original\881.mp4,real,881,FFPP_REAL,train
E:\FaceForencis++\original\925.mp4,real,925,FFPP_REAL,val
E:\FaceForencis++\original\408.mp4,real,408,FFPP_REAL,train
E:\FaceForencis++\original\597.mp4,real,597,FFPP_REAL,test
E:\FaceForencis++\original\438.mp4,real,438,FFPP_REAL,train
E:\FaceForencis++\original\598.mp4,real,598,FFPP_REAL,val
E:\FaceForencis++\original\764.mp4,real,764,FFPP_REAL,train
E:\FaceForencis++\original\269.mp4,real,269,FFPP_REAL,train
E:\FaceForencis++\original\551.mp4,real,551,FFPP_REAL,train
E:\FaceForencis++\original\974.mp4,real,974,FFPP_REAL,train
E:\FaceForencis++\original\762.mp4,real,762,FFPP_REAL,test
E:\FaceForencis++\original\252.mp4,real,252,FFPP_REAL,train
E:\FaceForencis++\original\992.mp4,real,992,FFPP_REAL,train
E:\FaceForencis++\original\271.mp4,real,271,FFPP_REAL,test
E:\FaceForencis++\original\146.mp4,real,146,FFPP_REAL,train
E:\FaceForencis++\original\469.mp4,real,469,FFPP_REAL,train
E:\FaceForencis++\original\658.mp4,real,658,FFPP_REAL,test
E:\FaceForencis++\original\405.mp4,real,405,FFPP_REAL,val
E:\FaceForencis++\original\511.mp4,real,511,FFPP_REAL,train
E:\FaceForencis++\original\671.mp4,real,671,FFPP_REAL,train
E:\FaceForencis++\original\217.mp4,real,217,FFPP_REAL,test
E:\FaceForencis++\original\322.mp4,real,322,FFPP_REAL,train
E:\FaceForencis++\original\735.mp4,real,735,FFPP_REAL,test
E:\FaceForencis++\original\580.mp4,real,580,FFPP_REAL,train
E:\FaceForencis++\original\216.mp4,real,216,FFPP_REAL,train
E:\FaceForencis++\original\067.mp4,real,067,FFPP_REAL,test
E:\FaceForencis++\original\274.mp4,real,274,FFPP_REAL,train
E:\FaceForencis++\original\410.mp4,real,410,FFPP_REAL,val
E:\FaceForencis++\original\323.mp4,real,323,FFPP_REAL,train
E:\FaceForencis++\original\824.mp4,real,824,FFPP_REAL,train
E:\FaceForencis++\original\982.mp4,real,982,FFPP_REAL,train
E:\FaceForencis++\original\841.mp4,real,841,FFPP_REAL,train
E:\FaceForencis++\original\234.mp4,real,234,FFPP_REAL,train
E:\FaceForencis++\original\057.mp4,real,057,FFPP_REAL,train
E:\FaceForencis++\original\794.mp4,real,794,FFPP_REAL,train
E:\FaceForencis++\original\786.mp4,real,786,FFPP_REAL,train
E:\FaceForencis++\original\863.mp4,real,863,FFPP_REAL,train
E:\FaceForencis++\original\332.mp4,real,332,FFPP_REAL,train
E:\FaceForencis++\original\701.mp4,real,701,FFPP_REAL,train
E:\FaceForencis++\original\224.mp4,real,224,FFPP_REAL,test
E:\FaceForencis++\original\570.mp4,real,570,FFPP_REAL,val
E:\FaceForencis++\original\704.mp4,real,704,FFPP_REAL,train
E:\FaceForencis++\original\655.mp4,real,655,FFPP_REAL,train
E:\FaceForencis++\original\276.mp4,real,276,FFPP_REAL,val
E:\FaceForencis++\original\388.mp4,real,388,FFPP_REAL,test
E:\FaceForencis++\original\473.mp4,real,473,FFPP_REAL,test
E:\FaceForencis++\original\167.mp4,real,167,FFPP_REAL,train
E:\FaceForencis++\original\994.mp4,real,994,FFPP_REAL,val
E:\FaceForencis++\original\746.mp4,real,746,FFPP_REAL,train
E:\FaceForencis++\original\546.mp4,real,546,FFPP_REAL,train
E:\FaceForencis++\original\175.mp4,real,175,FFPP_REAL,test
E:\FaceForencis++\original\907.mp4,real,907,FFPP_REAL,test
E:\FaceForencis++\original\623.mp4,real,623,FFPP_REAL,test
E:\FaceForencis++\original\073.mp4,real,073,FFPP_REAL,train
E:\FaceForencis++\original\663.mp4,real,663,FFPP_REAL,train
E:\FaceForencis++\original\699.mp4,real,699,FFPP_REAL,train
E:\FaceForencis++\original\970.mp4,real,970,FFPP_REAL,val
E:\FaceForencis++\original\273.mp4,real,273,FFPP_REAL,test
E:\FaceForencis++\original\686.mp4,real,686,FFPP_REAL,train
E:\FaceForencis++\original\214.mp4,real,214,FFPP_REAL,train
E:\FaceForencis++\original\363.mp4,real,363,FFPP_REAL,train
E:\FaceForencis++\original\379.mp4,real,379,FFPP_REAL,test
E:\FaceForencis++\original\166.mp4,real,166,FFPP_REAL,val
E:\FaceForencis++\original\373.mp4,real,373,FFPP_REAL,train
E:\FaceForencis++\original\854.mp4,real,854,FFPP_REAL,test
E:\FaceForencis++\original\650.mp4,real,650,FFPP_REAL,train
E:\FaceForencis++\original\464.mp4,real,464,FFPP_REAL,train
E:\FaceForencis++\original\954.mp4,real,954,FFPP_REAL,val
E:\FaceForencis++\original\947.mp4,real,947,FFPP_REAL,test
E:\FaceForencis++\original\103.mp4,real,103,FFPP_REAL,train
E:\FaceForencis++\original\887.mp4,real,887,FFPP_REAL,train
E:\FaceForencis++\original\978.mp4,real,978,FFPP_REAL,train
E:\FaceForencis++\original\875.mp4,real,875,FFPP_REAL,train
E:\FaceForencis++\original\081.mp4,real,081,FFPP_REAL,test
E:\FaceForencis++\original\296.mp4,real,296,FFPP_REAL,train
E:\FaceForencis++\original\791.mp4,real,791,FFPP_REAL,val
E:\FaceForencis++\original\233.mp4,real,233,FFPP_REAL,train
E:\FaceForencis++\original\677.mp4,real,677,FFPP_REAL,train
E:\FaceForencis++\original\046.mp4,real,046,FFPP_REAL,train
E:\FaceForencis++\original\071.mp4,real,071,FFPP_REAL,train
E:\FaceForencis++\original\721.mp4,real,721,FFPP_REAL,test
E:\FaceForencis++\original\196.mp4,real,196,FFPP_REAL,train
E:\FaceForencis++\original\591.mp4,real,591,FFPP_REAL,train
E:\FaceForencis++\original\370.mp4,real,370,FFPP_REAL,train
E:\FaceForencis++\original\882.mp4,real,882,FFPP_REAL,test
E:\FaceForencis++\original\906.mp4,real,906,FFPP_REAL,train
E:\FaceForencis++\original\633.mp4,real,633,FFPP_REAL,train
E:\FaceForencis++\original\643.mp4,real,643,FFPP_REAL,train
E:\FaceForencis++\original\849.mp4,real,849,FFPP_REAL,train
E:\FaceForencis++\original\300.mp4,real,300,FFPP_REAL,test
E:\FaceForencis++\original\565.mp4,real,565,FFPP_REAL,train
E:\FaceForencis++\original\080.mp4,real,080,FFPP_REAL,train
E:\FaceForencis++\original\387.mp4,real,387,FFPP_REAL,train
E:\FaceForencis++\original\127.mp4,real,127,FFPP_REAL,train
E:\FaceForencis++\original\549.mp4,real,549,FFPP_REAL,train
E:\FaceForencis++\original\470.mp4,real,470,FFPP_REAL,val
E:\FaceForencis++\original\747.mp4,real,747,FFPP_REAL,train
E:\FaceForencis++\original\044.mp4,real,044,FFPP_REAL,test
E:\FaceForencis++\original\826.mp4,real,826,FFPP_REAL,test
E:\FaceForencis++\original\270.mp4,real,270,FFPP_REAL,val
E:\FaceForencis++\original\618.mp4,real,618,FFPP_REAL,train
E:\FaceForencis++\original\352.mp4,real,352,FFPP_REAL,test
E:\FaceForencis++\original\867.mp4,real,867,FFPP_REAL,train
E:\FaceForencis++\original\367.mp4,real,367,FFPP_REAL,train
E:\FaceForencis++\original\099.mp4,real,099,FFPP_REAL,train
E:\FaceForencis++\original\389.mp4,real,389,FFPP_REAL,val
E:\FaceForencis++\original\094.mp4,real,094,FFPP_REAL,train
E:\FaceForencis++\original\990.mp4,real,990,FFPP_REAL,test
E:\FaceForencis++\original\344.mp4,real,344,FFPP_REAL,train
E:\FaceForencis++\original\781.mp4,real,781,FFPP_REAL,train
E:\FaceForencis++\original\220.mp4,real,220,FFPP_REAL,train
E:\FaceForencis++\original\159.mp4,real,159,FFPP_REAL,val
E:\FaceForencis++\original\964.mp4,real,964,FFPP_REAL,train
E:\FaceForencis++\original\348.mp4,real,348,FFPP_REAL,train
E:\FaceForencis++\original\983.mp4,real,983,FFPP_REAL,train
E:\FaceForencis++\original\714.mp4,real,714,FFPP_REAL,train
E:\FaceForencis++\original\163.mp4,real,163,FFPP_REAL,test
E:\FaceForencis++\original\825.mp4,real,825,FFPP_REAL,train
E:\FaceForencis++\original\777.mp4,real,777,FFPP_REAL,train
E:\FaceForencis++\original\006.mp4,real,006,FFPP_REAL,train
E:\FaceForencis++\original\890.mp4,real,890,FFPP_REAL,test
E:\FaceForencis++\original\828.mp4,real,828,FFPP_REAL,val
E:\FaceForencis++\original\284.mp4,real,284,FFPP_REAL,train
E:\FaceForencis++\original\603.mp4,real,603,FFPP_REAL,train
E:\FaceForencis++\original\459.mp4,real,459,FFPP_REAL,train
E:\FaceForencis++\original\225.mp4,real,225,FFPP_REAL,test
E:\FaceForencis++\original\429.mp4,real,429,FFPP_REAL,train
E:\FaceForencis++\original\986.mp4,real,986,FFPP_REAL,train
E:\FaceForencis++\original\718.mp4,real,718,FFPP_REAL,train
E:\FaceForencis++\original\665.mp4,real,665,FFPP_REAL,train
E:\FaceForencis++\original\733.mp4,real,733,FFPP_REAL,train
E:\FaceForencis++\original\203.mp4,real,203,FFPP_REAL,train
E:\FaceForencis++\original\574.mp4,real,574,FFPP_REAL,val
E:\FaceForencis++\original\027.mp4,real,027,FFPP_REAL,train
E:\FaceForencis++\original\616.mp4,real,616,FFPP_REAL,train
E:\FaceForencis++\original\517.mp4,real,517,FFPP_REAL,train
E:\FaceForencis++\original\238.mp4,real,238,FFPP_REAL,train
E:\FaceForencis++\original\223.mp4,real,223,FFPP_REAL,val
E:\FaceForencis++\original\095.mp4,real,095,FFPP_REAL,train
E:\FaceForencis++\original\030.mp4,real,030,FFPP_REAL,train
E:\FaceForencis++\original\032.mp4,real,032,FFPP_REAL,test
E:\FaceForencis++\original\432.mp4,real,432,FFPP_REAL,test
E:\FaceForencis++\original\604.mp4,real,604,FFPP_REAL,val
E:\FaceForencis++\original\089.mp4,real,089,FFPP_REAL,val
E:\FaceForencis++\original\558.mp4,real,558,FFPP_REAL,train
E:\FaceForencis++\original\913.mp4,real,913,FFPP_REAL,train
E:\FaceForencis++\original\758.mp4,real,758,FFPP_REAL,val
E:\FaceForencis++\original\692.mp4,real,692,FFPP_REAL,train
E:\FaceForencis++\original\104.mp4,real,104,FFPP_REAL,train
E:\FaceForencis++\original\754.mp4,real,754,FFPP_REAL,train
E:\FaceForencis++\original\142.mp4,real,142,FFPP_REAL,train
E:\FaceForencis++\original\228.mp4,real,228,FFPP_REAL,test
E:\FaceForencis++\original\250.mp4,real,250,FFPP_REAL,train
E:\FaceForencis++\original\281.mp4,real,281,FFPP_REAL,train
E:\FaceForencis++\original\759.mp4,real,759,FFPP_REAL,train
E:\FaceForencis++\original\025.mp4,real,025,FFPP_REAL,test
E:\FaceForencis++\original\114.mp4,real,114,FFPP_REAL,train
E:\FaceForencis++\original\654.mp4,real,654,FFPP_REAL,train
E:\celeb deepfake\Celeb-real\id25_0000.mp4,real,id25,CELEB_REAL,val
E:\celeb deepfake\Celeb-real\id26_0001.mp4,real,id26,CELEB_REAL,train
E:\celeb deepfake\Celeb-real\id0_0002.mp4,real,id0,CELEB_REAL,train
E:\celeb deepfake\Celeb-real\id3_0006.mp4,real,id3,CELEB_REAL,train
E:\celeb deepfake\Celeb-real\id6_0005.mp4,real,id6,CELEB_REAL,test
E:\celeb deepfake\Celeb-real\id1_0000.mp4,real,id1,CELEB_REAL,train
E:\celeb deepfake\Celeb-real\id2_0000.mp4,real,id2,CELEB_REAL,train
E:\celeb deepfake\Celeb-real\id51_0008.mp4,real,id51,CELEB_REAL,test
E:\celeb deepfake\Celeb-real\id56_0003.mp4,real,id56,CELEB_REAL,train
E:\celeb deepfake\Celeb-real\id4_0004.mp4,real,id4,CELEB_REAL,train
E:\celeb deepfake\Celeb-real\id6_0001.mp4,real,id6,CELEB_REAL,test
E:\celeb deepfake\Celeb-real\id7_0003.mp4,real,id7,CELEB_REAL,train
E:\celeb deepfake\Celeb-real\id37_0006.mp4,real,id37,CELEB_REAL,train
E:\celeb deepfake\Celeb-real\id19_0008.mp4,real,id19,CELEB_REAL,train
E:\celeb deepfake\Celeb-real\id40_0007.mp4,real,id40,CELEB_REAL,test
E:\celeb deepfake\Celeb-real\id4_0005.mp4,real,id4,CELEB_REAL,train
E:\celeb deepfake\Celeb-real\id55_0007.mp4,real,id55,CELEB_REAL,train
E:\celeb deepfake\Celeb-real\id7_0000.mp4,real,id7,CELEB_REAL,train
E:\celeb deepfake\Celeb-real\id35_0002.mp4,real,id35,CELEB_REAL,train
E:\celeb deepfake\Celeb-real\id39_0009.mp4,real,id39,CELEB_REAL,train
E:\celeb deepfake\Celeb-real\id36_0007.mp4,real,id36,CELEB_REAL,train
E:\celeb deepfake\Celeb-real\id46_0008.mp4,real,id46,CELEB_REAL,train
E:\celeb deepfake\Celeb-real\id21_0000.mp4,real,id21,CELEB_REAL,train
E:\celeb deepfake\Celeb-real\id10_0009.mp4,real,id10,CELEB_REAL,train
E:\celeb deepfake\Celeb-real\id43_0008.mp4,real,id43,CELEB_REAL,train
E:\celeb deepfake\Celeb-real\id8_0006.mp4,real,id8,CELEB_REAL,test
E:\celeb deepfake\Celeb-real\id58_0009.mp4,real,id58,CELEB_REAL,test
E:\celeb deepfake\Celeb-real\id5_0006.mp4,real,id5,CELEB_REAL,test
E:\celeb deepfake\Celeb-real\id49_0000.mp4,real,id49,CELEB_REAL,train
E:\celeb deepfake\Celeb-real\id45_0007.mp4,real,id45,CELEB_REAL,val
E:\celeb deepfake\Celeb-real\id7_0006.mp4,real,id7,CELEB_REAL,train
E:\celeb deepfake\Celeb-real\id49_0006.mp4,real,id49,CELEB_REAL,train
E:\celeb deepfake\Celeb-real\id36_0005.mp4,real,id36,CELEB_REAL,train
E:\celeb deepfake\Celeb-real\id43_0005.mp4,real,id43,CELEB_REAL,train
E:\celeb deepfake\Celeb-real\id61_0006.mp4,real,id61,CELEB_REAL,val
E:\celeb deepfake\Celeb-real\id37_0008.mp4,real,id37,CELEB_REAL,train
E:\celeb deepfake\Celeb-real\id57_0001.mp4,real,id57,CELEB_REAL,train
E:\celeb deepfake\Celeb-real\id3_0004.mp4,real,id3,CELEB_REAL,train
E:\celeb deepfake\Celeb-real\id20_0000.mp4,real,id20,CELEB_REAL,test
E:\celeb deepfake\Celeb-real\id55_0006.mp4,real,id55,CELEB_REAL,train
E:\celeb deepfake\Celeb-real\id20_0005.mp4,real,id20,CELEB_REAL,test
E:\celeb deepfake\Celeb-real\id56_0006.mp4,real,id56,CELEB_REAL,train
E:\celeb deepfake\Celeb-real\id35_0008.mp4,real,id35,CELEB_REAL,train
E:\celeb deepfake\Celeb-real\id37_0004.mp4,real,id37,CELEB_REAL,train
E:\celeb deepfake\Celeb-real\id13_0007.mp4,real,id13,CELEB_REAL,val
E:\celeb deepfake\Celeb-real\id44_0004.mp4,real,id44,CELEB_REAL,train
E:\celeb deepfake\Celeb-real\id28_0005.mp4,real,id28,CELEB_REAL,train
E:\celeb deepfake\Celeb-real\id57_0008.mp4,real,id57,CELEB_REAL,train
E:\celeb deepfake\Celeb-real\id11_0010.mp4,real,id11,CELEB_REAL,train
E:\celeb deepfake\Celeb-real\id16_0009.mp4,real,id16,CELEB_REAL,train
E:\celeb deepfake\Celeb-real\id35_0009.mp4,real,id35,CELEB_REAL,train
E:\celeb deepfake\Celeb-real\id30_0009.mp4,real,id30,CELEB_REAL,val
E:\celeb deepfake\Celeb-real\id33_0006.mp4,real,id33,CELEB_REAL,val
E:\celeb deepfake\Celeb-real\id13_0004.mp4,real,id13,CELEB_REAL,val
E:\celeb deepfake\Celeb-real\id5_0000.mp4,real,id5,CELEB_REAL,test
E:\celeb deepfake\Celeb-real\id17_0000.mp4,real,id17,CELEB_REAL,train
E:\celeb deepfake\Celeb-real\id60_0002.mp4,real,id60,CELEB_REAL,train
E:\celeb deepfake\Celeb-real\id28_0002.mp4,real,id28,CELEB_REAL,train
E:\celeb deepfake\Celeb-real\id21_0006.mp4,real,id21,CELEB_REAL,train
E:\celeb deepfake\Celeb-real\id58_0001.mp4,real,id58,CELEB_REAL,test
E:\celeb deepfake\Celeb-real\id48_0001.mp4,real,id48,CELEB_REAL,train
E:\celeb deepfake\Celeb-real\id43_0009.mp4,real,id43,CELEB_REAL,train
E:\celeb deepfake\Celeb-real\id9_0000.mp4,real,id9,CELEB_REAL,val
E:\celeb deepfake\Celeb-real\id13_0005.mp4,real,id13,CELEB_REAL,val
E:\celeb deepfake\Celeb-real\id50_0005.mp4,real,id50,CELEB_REAL,train
E:\celeb deepfake\Celeb-real\id29_0009.mp4,real,id29,CELEB_REAL,val
E:\celeb deepfake\Celeb-real\id21_0002.mp4,real,id21,CELEB_REAL,train
E:\celeb deepfake\Celeb-real\id29_0000.mp4,real,id29,CELEB_REAL,val
E:\celeb deepfake\Celeb-real\id31_0004.mp4,real,id31,CELEB_REAL,val
E:\celeb deepfake\Celeb-real\id54_0000.mp4,real,id54,CELEB_REAL,train
E:\celeb deepfake\Celeb-real\id39_0005.mp4,real,id39,CELEB_REAL,train
E:\celeb deepfake\Celeb-real\id8_0000.mp4,real,id8,CELEB_REAL,test
E:\celeb deepfake\Celeb-real\id21_0001.mp4,real,id21,CELEB_REAL,train
E:\celeb deepfake\Celeb-real\id55_0008.mp4,real,id55,CELEB_REAL,train
E:\celeb deepfake\Celeb-real\id50_0009.mp4,real,id50,CELEB_REAL,train
E:\celeb deepfake\Celeb-real\id39_0000.mp4,real,id39,CELEB_REAL,train
E:\celeb deepfake\Celeb-real\id54_0009.mp4,real,id54,CELEB_REAL,train
E:\celeb deepfake\Celeb-real\id26_0002.mp4,real,id26,CELEB_REAL,train
E:\celeb deepfake\Celeb-real\id20_0007.mp4,real,id20,CELEB_REAL,test
E:\celeb deepfake\Celeb-real\id38_0001.mp4,real,id38,CELEB_REAL,train
E:\celeb deepfake\Celeb-real\id41_0009.mp4,real,id41,CELEB_REAL,val
E:\celeb deepfake\Celeb-real\id47_0000.mp4,real,id47,CELEB_REAL,test
E:\celeb deepfake\Celeb-real\id46_0003.mp4,real,id46,CELEB_REAL,train
E:\celeb deepfake\Celeb-real\id53_0007.mp4,real,id53,CELEB_REAL,train
E:\celeb deepfake\Celeb-real\id7_0004.mp4,real,id7,CELEB_REAL,train
E:\celeb deepfake\Celeb-real\id45_0002.mp4,real,id45,CELEB_REAL,val
E:\celeb deepfake\Celeb-real\id2_0001.mp4,real,id2,CELEB_REAL,train
E:\celeb deepfake\Celeb-real\id51_0003.mp4,real,id51,CELEB_REAL,test
E:\celeb deepfake\Celeb-real\id10_0000.mp4,real,id10,CELEB_REAL,train
E:\celeb deepfake\Celeb-real\id2_0002.mp4,real,id2,CELEB_REAL,train
E:\celeb deepfake\Celeb-real\id30_0005.mp4,real,id30,CELEB_REAL,val
E:\celeb deepfake\Celeb-real\id30_0006.mp4,real,id30,CELEB_REAL,val
E:\celeb deepfake\Celeb-real\id21_0003.mp4,real,id21,CELEB_REAL,train
E:\celeb deepfake\Celeb-real\id46_0002.mp4,real,id46,CELEB_REAL,train
E:\celeb deepfake\Celeb-real\id60_0009.mp4,real,id60,CELEB_REAL,train
E:\celeb deepfake\Celeb-real\id59_0005.mp4,real,id59,CELEB_REAL,train
E:\celeb deepfake\Celeb-real\id7_0008.mp4,real,id7,CELEB_REAL,train
E:\celeb deepfake\Celeb-real\id47_0005.mp4,real,id47,CELEB_REAL,test
E:\celeb deepfake\Celeb-real\id23_0004.mp4,real,id23,CELEB_REAL,val
E:\celeb deepfake\Celeb-real\id23_0001.mp4,real,id23,CELEB_REAL,val
E:\celeb deepfake\Celeb-real\id48_0003.mp4,real,id48,CELEB_REAL,train
E:\celeb deepfake\Celeb-real\id57_0006.mp4,real,id57,CELEB_REAL,train
E:\celeb deepfake\Celeb-real\id16_0012.mp4,real,id16,CELEB_REAL,train
E:\celeb deepfake\Celeb-real\id39_0008.mp4,real,id39,CELEB_REAL,train
E:\celeb deepfake\Celeb-real\id20_0002.mp4,real,id20,CELEB_REAL,test
E:\celeb deepfake\Celeb-real\id51_0009.mp4,real,id51,CELEB_REAL,test
E:\celeb deepfake\Celeb-real\id25_0007.mp4,real,id25,CELEB_REAL,val
E:\celeb deepfake\Celeb-real\id54_0008.mp4,real,id54,CELEB_REAL,train
E:\celeb deepfake\Celeb-real\id46_0007.mp4,real,id46,CELEB_REAL,train
E:\celeb deepfake\Celeb-real\id43_0007.mp4,real,id43,CELEB_REAL,train
E:\celeb deepfake\Celeb-real\id56_0002.mp4,real,id56,CELEB_REAL,train
E:\celeb deepfake\Celeb-real\id10_0003.mp4,real,id10,CELEB_REAL,train
E:\celeb deepfake\Celeb-real\id17_0007.mp4,real,id17,CELEB_REAL,train
E:\celeb deepfake\Celeb-real\id16_0011.mp4,real,id16,CELEB_REAL,train
E:\celeb deepfake\Celeb-real\id8_0001.mp4,real,id8,CELEB_REAL,test
E:\celeb deepfake\Celeb-real\id48_0006.mp4,real,id48,CELEB_REAL,train
E:\celeb deepfake\Celeb-real\id34_0002.mp4,real,id34,CELEB_REAL,train
E:\celeb deepfake\Celeb-real\id5_0005.mp4,real,id5,CELEB_REAL,test
E:\celeb deepfake\Celeb-real\id27_0008.mp4,real,id27,CELEB_REAL,val
E:\celeb deepfake\Celeb-real\id57_0004.mp4,real,id57,CELEB_REAL,train
E:\celeb deepfake\Celeb-real\id43_0002.mp4,real,id43,CELEB_REAL,train
E:\celeb deepfake\Celeb-real\id32_0000.mp4,real,id32,CELEB_REAL,train
E:\celeb deepfake\Celeb-real\id37_0007.mp4,real,id37,CELEB_REAL,train
E:\celeb deepfake\Celeb-real\id46_0000.mp4,real,id46,CELEB_REAL,train
E:\celeb deepfake\Celeb-real\id58_0006.mp4,real,id58,CELEB_REAL,test
E:\celeb deepfake\Celeb-real\id23_0006.mp4,real,id23,CELEB_REAL,val
E:\celeb deepfake\Celeb-real\id23_0005.mp4,real,id23,CELEB_REAL,val
E:\celeb deepfake\Celeb-real\id52_0007.mp4,real,id52,CELEB_REAL,train
E:\celeb deepfake\Celeb-real\id41_0005.mp4,real,id41,CELEB_REAL,val
E:\celeb deepfake\Celeb-real\id6_0004.mp4,real,id6,CELEB_REAL,test
E:\celeb deepfake\Celeb-real\id29_0001.mp4,real,id29,CELEB_REAL,val
E:\celeb deepfake\Celeb-real\id2_0007.mp4,real,id2,CELEB_REAL,train
E:\celeb deepfake\Celeb-real\id49_0002.mp4,real,id49,CELEB_REAL,train
E:\celeb deepfake\Celeb-real\id28_0009.mp4,real,id28,CELEB_REAL,train
E:\celeb deepfake\Celeb-real\id31_0000.mp4,real,id31,CELEB_REAL,val
E:\celeb deepfake\Celeb-real\id42_0004.mp4,real,id42,CELEB_REAL,test
E:\celeb deepfake\Celeb-real\id13_0006.mp4,real,id13,CELEB_REAL,val
E:\celeb deepfake\Celeb-real\id48_0004.mp4,real,id48,CELEB_REAL,train
E:\celeb deepfake\Celeb-real\id9_0005.mp4,real,id9,CELEB_REAL,val
E:\celeb deepfake\Celeb-real\id33_0004.mp4,real,id33,CELEB_REAL,val
E:\celeb deepfake\Celeb-real\id30_0002.mp4,real,id30,CELEB_REAL,val
E:\celeb deepfake\Celeb-real\id0_0000.mp4,real,id0,CELEB_REAL,train
E:\celeb deepfake\Celeb-real\id41_0000.mp4,real,id41,CELEB_REAL,val
E:\celeb deepfake\Celeb-real\id35_0003.mp4,real,id35,CELEB_REAL,train
E:\celeb deepfake\Celeb-real\id31_0002.mp4,real,id31,CELEB_REAL,val
E:\celeb deepfake\Celeb-real\id52_0000.mp4,real,id52,CELEB_REAL,train
E:\celeb deepfake\Celeb-real\id13_0015.mp4,real,id13,CELEB_REAL,val
E:\celeb deepfake\Celeb-real\id52_0005.mp4,real,id52,CELEB_REAL,train
E:\celeb deepfake\Celeb-real\id50_0004.mp4,real,id50,CELEB_REAL,train
E:\celeb deepfake\Celeb-real\id13_0014.mp4,real,id13,CELEB_REAL,val
E:\celeb deepfake\Celeb-real\id51_0004.mp4,real,id51,CELEB_REAL,test
E:\celeb deepfake\Celeb-real\id12_0001.mp4,real,id12,CELEB_REAL,train
E:\celeb deepfake\Celeb-real\id57_0000.mp4,real,id57,CELEB_REAL,train
E:\celeb deepfake\Celeb-real\id43_0004.mp4,real,id43,CELEB_REAL,train
E:\celeb deepfake\Celeb-real\id10_0002.mp4,real,id10,CELEB_REAL,train
E:\celeb deepfake\Celeb-real\id0_0005.mp4,real,id0,CELEB_REAL,train
E:\celeb deepfake\Celeb-real\id51_0002.mp4,real,id51,CELEB_REAL,test
E:\celeb deepfake\Celeb-real\id3_0000.mp4,real,id3,CELEB_REAL,train
E:\celeb deepfake\Celeb-real\id53_0008.mp4,real,id53,CELEB_REAL,train
E:\celeb deepfake\Celeb-real\id29_0003.mp4,real,id29,CELEB_REAL,val
E:\celeb deepfake\Celeb-real\id46_0005.mp4,real,id46,CELEB_REAL,train
E:\celeb deepfake\Celeb-real\id13_0010.mp4,real,id13,CELEB_REAL,val
E:\celeb deepfake\Celeb-real\id37_0001.mp4,real,id37,CELEB_REAL,train
E:\celeb deepfake\Celeb-real\id35_0005.mp4,real,id35,CELEB_REAL,train
E:\celeb deepfake\Celeb-real\id10_0005.mp4,real,id10,CELEB_REAL,train
E:\celeb deepfake\Celeb-real\id1_0003.mp4,real,id1,CELEB_REAL,train
E:\celeb deepfake\Celeb-real\id30_0004.mp4,real,id30,CELEB_REAL,val
E:\celeb deepfake\Celeb-real\id35_0004.mp4,real,id35,CELEB_REAL,train
E:\celeb deepfake\Celeb-real\id27_0006.mp4,real,id27,CELEB_REAL,val
E:\celeb deepfake\Celeb-real\id28_0003.mp4,real,id28,CELEB_REAL,train
E:\celeb deepfake\Celeb-real\id48_0008.mp4,real,id48,CELEB_REAL,train
E:\celeb deepfake\Celeb-real\id48_0002.mp4,real,id48,CELEB_REAL,train
E:\celeb deepfake\Celeb-real\id45_0004.mp4,real,id45,CELEB_REAL,val
E:\celeb deepfake\Celeb-real\id21_0005.mp4,real,id21,CELEB_REAL,train
E:\celeb deepfake\Celeb-real\id59_0001.mp4,real,id59,CELEB_REAL,train
E:\celeb deepfake\Celeb-real\id32_0002.mp4,real,id32,CELEB_REAL,train
E:\celeb deepfake\Celeb-real\id3_0001.mp4,real,id3,CELEB_REAL,train
E:\celeb deepfake\Celeb-real\id0_0008.mp4,real,id0,CELEB_REAL,train
E:\celeb deepfake\Celeb-real\id17_0003.mp4,real,id17,CELEB_REAL,train
E:\celeb deepfake\Celeb-real\id33_0005.mp4,real,id33,CELEB_REAL,val
E:\celeb deepfake\Celeb-real\id25_0009.mp4,real,id25,CELEB_REAL,val
E:\celeb deepfake\Celeb-real\id51_0001.mp4,real,id51,CELEB_REAL,test
E:\celeb deepfake\Celeb-real\id37_0009.mp4,real,id37,CELEB_REAL,train
E:\celeb deepfake\Celeb-real\id8_0008.mp4,real,id8,CELEB_REAL,test
E:\celeb deepfake\Celeb-real\id20_0008.mp4,real,id20,CELEB_REAL,test
E:\celeb deepfake\Celeb-real\id13_0001.mp4,real,id13,CELEB_REAL,val
E:\celeb deepfake\Celeb-real\id42_0003.mp4,real,id42,CELEB_REAL,test
E:\celeb deepfake\Celeb-real\id5_0009.mp4,real,id5,CELEB_REAL,test
E:\celeb deepfake\Celeb-real\id24_0000.mp4,real,id24,CELEB_REAL,val
E:\celeb deepfake\Celeb-real\id27_0009.mp4,real,id27,CELEB_REAL,val
E:\celeb deepfake\Celeb-real\id27_0002.mp4,real,id27,CELEB_REAL,val
E:\celeb deepfake\Celeb-real\id39_0006.mp4,real,id39,CELEB_REAL,train
E:\celeb deepfake\Celeb-real\id61_0007.mp4,real,id61,CELEB_REAL,val
E:\celeb deepfake\Celeb-real\id20_0001.mp4,real,id20,CELEB_REAL,test
E:\celeb deepfake\Celeb-real\id12_0003.mp4,real,id12,CELEB_REAL,train
E:\celeb deepfake\Celeb-real\id40_0002.mp4,real,id40,CELEB_REAL,test
E:\celeb deepfake\Celeb-real\id55_0001.mp4,real,id55,CELEB_REAL,train
E:\celeb deepfake\Celeb-real\id11_0004.mp4,real,id11,CELEB_REAL,train
E:\celeb deepfake\Celeb-real\id2_0005.mp4,real,id2,CELEB_REAL,train
E:\celeb deepfake\Celeb-real\id22_0008.mp4,real,id22,CELEB_REAL,train
E:\celeb deepfake\Celeb-real\id2_0008.mp4,real,id2,CELEB_REAL,train
E:\celeb deepfake\Celeb-real\id0_0009.mp4,real,id0,CELEB_REAL,train
E:\celeb deepfake\Celeb-real\id38_0008.mp4,real,id38,CELEB_REAL,train
E:\celeb deepfake\Celeb-real\id45_0000.mp4,real,id45,CELEB_REAL,val
E:\celeb deepfake\Celeb-real\id11_0009.mp4,real,id11,CELEB_REAL,train
E:\celeb deepfake\Celeb-real\id58_0000.mp4,real,id58,CELEB_REAL,test
E:\celeb deepfake\Celeb-real\id43_0000.mp4,real,id43,CELEB_REAL,train
E:\celeb deepfake\Celeb-real\id49_0008.mp4,real,id49,CELEB_REAL,train
E:\celeb deepfake\Celeb-real\id61_0003.mp4,real,id61,CELEB_REAL,val
E:\celeb deepfake\Celeb-real\id56_0008.mp4,real,id56,CELEB_REAL,train
E:\celeb deepfake\Celeb-real\id56_0007.mp4,real,id56,CELEB_REAL,train
E:\celeb deepfake\Celeb-real\id54_0006.mp4,real,id54,CELEB_REAL,train
E:\celeb deepfake\Celeb-real\id10_0006.mp4,real,id10,CELEB_REAL,train
E:\celeb deepfake\Celeb-real\id26_0006.mp4,real,id26,CELEB_REAL,train
E:\celeb deepfake\Celeb-real\id16_0002.mp4,real,id16,CELEB_REAL,train
E:\celeb deepfake\Celeb-real\id25_0008.mp4,real,id25,CELEB_REAL,val
E:\celeb deepfake\Celeb-real\id19_0005.mp4,real,id19,CELEB_REAL,train
E:\celeb deepfake\Celeb-real\id24_0005.mp4,real,id24,CELEB_REAL,val
E:\celeb deepfake\Celeb-real\id56_0004.mp4,real,id56,CELEB_REAL,train
E:\celeb deepfake\Celeb-real\id0_0006.mp4,real,id0,CELEB_REAL,train
E:\celeb deepfake\Celeb-real\id44_0005.mp4,real,id44,CELEB_REAL,train
E:\celeb deepfake\Celeb-real\id16_0005.mp4,real,id16,CELEB_REAL,train
E:\celeb deepfake\Celeb-real\id8_0003.mp4,real,id8,CELEB_REAL,test
E:\celeb deepfake\Celeb-real\id11_0007.mp4,real,id11,CELEB_REAL,train
E:\celeb deepfake\Celeb-real\id1_0007.mp4,real,id1,CELEB_REAL,train
E:\celeb deepfake\Celeb-real\id26_0004.mp4,real,id26,CELEB_REAL,train
E:\celeb deepfake\Celeb-real\id52_0003.mp4,real,id52,CELEB_REAL,train
E:\celeb deepfake\Celeb-real\id51_0006.mp4,real,id51,CELEB_REAL,test
E:\celeb deepfake\Celeb-real\id5_0001.mp4,real,id5,CELEB_REAL,test
E:\celeb deepfake\Celeb-real\id9_0004.mp4,real,id9,CELEB_REAL,val
E:\celeb deepfake\Celeb-real\id32_0003.mp4,real,id32,CELEB_REAL,train
E:\celeb deepfake\Celeb-real\id42_0001.mp4,real,id42,CELEB_REAL,test
E:\celeb deepfake\Celeb-real\id34_0003.mp4,real,id34,CELEB_REAL,train
E:\celeb deepfake\Celeb-real\id1_0006.mp4,real,id1,CELEB_REAL,train
E:\celeb deepfake\Celeb-real\id44_0001.mp4,real,id44,CELEB_REAL,train
E:\celeb deepfake\Celeb-real\id12_0000.mp4,real,id12,CELEB_REAL,train
E:\celeb deepfake\Celeb-real\id23_0009.mp4,real,id23,CELEB_REAL,val
E:\celeb deepfake\Celeb-real\id35_0007.mp4,real,id35,CELEB_REAL,train
E:\celeb deepfake\Celeb-real\id0_0003.mp4,real,id0,CELEB_REAL,train
E:\celeb deepfake\Celeb-real\id57_0003.mp4,real,id57,CELEB_REAL,train
E:\celeb deepfake\Celeb-real\id38_0002.mp4,real,id38,CELEB_REAL,train
E:\celeb deepfake\Celeb-real\id47_0004.mp4,real,id47,CELEB_REAL,test
E:\celeb deepfake\Celeb-real\id60_0005.mp4,real,id60,CELEB_REAL,train
E:\celeb deepfake\Celeb-real\id24_0004.mp4,real,id24,CELEB_REAL,val
E:\celeb deepfake\Celeb-real\id2_0006.mp4,real,id2,CELEB_REAL,train
E:\celeb deepfake\Celeb-real\id30_0007.mp4,real,id30,CELEB_REAL,val
E:\celeb deepfake\Celeb-real\id39_0004.mp4,real,id39,CELEB_REAL,train
E:\celeb deepfake\Celeb-real\id27_0003.mp4,real,id27,CELEB_REAL,val
E:\celeb deepfake\Celeb-real\id58_0008.mp4,real,id58,CELEB_REAL,test
E:\celeb deepfake\Celeb-real\id59_0008.mp4,real,id59,CELEB_REAL,train
E:\celeb deepfake\Celeb-real\id48_0009.mp4,real,id48,CELEB_REAL,train
E:\celeb deepfake\Celeb-real\id16_0003.mp4,real,id16,CELEB_REAL,train
E:\celeb deepfake\Celeb-real\id39_0002.mp4,real,id39,CELEB_REAL,train
E:\celeb deepfake\Celeb-real\id4_0007.mp4,real,id4,CELEB_REAL,train
E:\celeb deepfake\Celeb-real\id12_0005.mp4,real,id12,CELEB_REAL,train
E:\celeb deepfake\Celeb-real\id46_0009.mp4,real,id46,CELEB_REAL,train
E:\celeb deepfake\Celeb-real\id8_0009.mp4,real,id8,CELEB_REAL,test
E:\celeb deepfake\Celeb-real\id59_0003.mp4,real,id59,CELEB_REAL,train
E:\celeb deepfake\Celeb-real\id46_0006.mp4,real,id46,CELEB_REAL,train
E:\celeb deepfake\Celeb-real\id41_0007.mp4,real,id41,CELEB_REAL,val
E:\celeb deepfake\Celeb-real\id33_0007.mp4,real,id33,CELEB_REAL,val
E:\celeb deepfake\Celeb-real\id23_0003.mp4,real,id23,CELEB_REAL,val
E:\celeb deepfake\Celeb-real\id19_0006.mp4,real,id19,CELEB_REAL,train
E:\celeb deepfake\Celeb-real\id54_0002.mp4,real,id54,CELEB_REAL,train
E:\celeb deepfake\Celeb-real\id6_0000.mp4,real,id6,CELEB_REAL,test
E:\celeb deepfake\Celeb-real\id28_0008.mp4,real,id28,CELEB_REAL,train
E:\celeb deepfake\Celeb-real\id45_0008.mp4,real,id45,CELEB_REAL,val
E:\celeb deepfake\Celeb-real\id20_0004.mp4,real,id20,CELEB_REAL,test
E:\celeb deepfake\Celeb-real\id55_0000.mp4,real,id55,CELEB_REAL,train
E:\celeb deepfake\Celeb-real\id52_0001.mp4,real,id52,CELEB_REAL,train
E:\celeb deepfake\Celeb-real\id26_0008.mp4,real,id26,CELEB_REAL,train
E:\celeb deepfake\Celeb-real\id38_0004.mp4,real,id38,CELEB_REAL,train
E:\celeb deepfake\Celeb-real\id46_0004.mp4,real,id46,CELEB_REAL,train
E:\celeb deepfake\Celeb-real\id57_0007.mp4,real,id57,CELEB_REAL,train
E:\celeb deepfake\Celeb-real\id28_0007.mp4,real,id28,CELEB_REAL,train
E:\celeb deepfake\Celeb-real\id10_0007.mp4,real,id10,CELEB_REAL,train
E:\celeb deepfake\Celeb-real\id58_0002.mp4,real,id58,CELEB_REAL,test
E:\celeb deepfake\Celeb-real\id25_0010.mp4,real,id25,CELEB_REAL,val
E:\celeb deepfake\Celeb-real\id11_0000.mp4,real,id11,CELEB_REAL,train
E:\celeb deepfake\Celeb-real\id13_0011.mp4,real,id13,CELEB_REAL,val
E:\celeb deepfake\Celeb-real\id17_0002.mp4,real,id17,CELEB_REAL,train
E:\celeb deepfake\Celeb-real\id53_0001.mp4,real,id53,CELEB_REAL,train
E:\celeb deepfake\Celeb-real\id61_0000.mp4,real,id61,CELEB_REAL,val
E:\celeb deepfake\Celeb-real\id21_0004.mp4,real,id21,CELEB_REAL,train
E:\celeb deepfake\Celeb-real\id28_0001.mp4,real,id28,CELEB_REAL,train
E:\celeb deepfake\Celeb-real\id8_0005.mp4,real,id8,CELEB_REAL,test
E:\celeb deepfake\Celeb-real\id24_0008.mp4,real,id24,CELEB_REAL,val
E:\celeb deepfake\Celeb-real\id40_0006.mp4,real,id40,CELEB_REAL,test
E:\celeb deepfake\Celeb-real\id11_0005.mp4,real,id11,CELEB_REAL,train
E:\celeb deepfake\Celeb-real\id40_0008.mp4,real,id40,CELEB_REAL,test
E:\celeb deepfake\Celeb-real\id24_0002.mp4,real,id24,CELEB_REAL,val
E:\celeb deepfake\Celeb-real\id8_0007.mp4,real,id8,CELEB_REAL,test
E:\celeb deepfake\Celeb-real\id10_0001.mp4,real,id10,CELEB_REAL,train
E:\celeb deepfake\Celeb-real\id5_0004.mp4,real,id5,CELEB_REAL,test
E:\celeb deepfake\Celeb-real\id25_0003.mp4,real,id25,CELEB_REAL,val
E:\celeb deepfake\Celeb-real\id38_0005.mp4,real,id38,CELEB_REAL,train
E:\celeb deepfake\Celeb-real\id61_0001.mp4,real,id61,CELEB_REAL,val
E:\celeb deepfake\Celeb-real\id4_0001.mp4,real,id4,CELEB_REAL,train
E:\celeb deepfake\Celeb-real\id60_0000.mp4,real,id60,CELEB_REAL,train
E:\celeb deepfake\Celeb-real\id22_0003.mp4,real,id22,CELEB_REAL,train
E:\celeb deepfake\Celeb-real\id16_0000.mp4,real,id16,CELEB_REAL,train
E:\celeb deepfake\Celeb-real\id6_0008.mp4,real,id6,CELEB_REAL,test
E:\celeb deepfake\Celeb-real\id5_0003.mp4,real,id5,CELEB_REAL,test
E:\celeb deepfake\Celeb-real\id20_0003.mp4,real,id20,CELEB_REAL,test
E:\celeb deepfake\Celeb-real\id25_0006.mp4,real,id25,CELEB_REAL,val
E:\celeb deepfake\Celeb-real\id47_0006.mp4,real,id47,CELEB_REAL,test
E:\celeb deepfake\Celeb-real\id23_0000.mp4,real,id23,CELEB_REAL,val
E:\celeb deepfake\Celeb-real\id30_0008.mp4,real,id30,CELEB_REAL,val
E:\celeb deepfake\Celeb-real\id43_0003.mp4,real,id43,CELEB_REAL,train
E:\celeb deepfake\Celeb-real\id55_0005.mp4,real,id55,CELEB_REAL,train
E:\celeb deepfake\Celeb-real\id50_0002.mp4,real,id50,CELEB_REAL,train
E:\celeb deepfake\Celeb-real\id60_0006.mp4,real,id60,CELEB_REAL,train
E:\celeb deepfake\Celeb-real\id5_0002.mp4,real,id5,CELEB_REAL,test
E:\celeb deepfake\Celeb-real\id19_0002.mp4,real,id19,CELEB_REAL,train
E:\celeb deepfake\Celeb-real\id37_0000.mp4,real,id37,CELEB_REAL,train
E:\celeb deepfake\Celeb-real\id60_0003.mp4,real,id60,CELEB_REAL,train
E:\celeb deepfake\Celeb-real\id32_0009.mp4,real,id32,CELEB_REAL,train
E:\celeb deepfake\Celeb-real\id0_0004.mp4,real,id0,CELEB_REAL,train
E:\celeb deepfake\Celeb-real\id45_0005.mp4,real,id45,CELEB_REAL,val
E:\celeb deepfake\Celeb-real\id32_0006.mp4,real,id32,CELEB_REAL,train
E:\celeb deepfake\Celeb-real\id23_0002.mp4,real,id23,CELEB_REAL,val
E:\celeb deepfake\Celeb-real\id55_0002.mp4,real,id55,CELEB_REAL,train
E:\celeb deepfake\Celeb-real\id59_0006.mp4,real,id59,CELEB_REAL,train
E:\celeb deepfake\Celeb-real\id47_0003.mp4,real,id47,CELEB_REAL,test
E:\celeb deepfake\Celeb-real\id9_0006.mp4,real,id9,CELEB_REAL,val
E:\celeb deepfake\Celeb-real\id34_0005.mp4,real,id34,CELEB_REAL,train
E:\celeb deepfake\Celeb-real\id22_0005.mp4,real,id22,CELEB_REAL,train
E:\celeb deepfake\Celeb-real\id3_0008.mp4,real,id3,CELEB_REAL,train
E:\celeb deepfake\Celeb-real\id49_0001.mp4,real,id49,CELEB_REAL,train
E:\celeb deepfake\Celeb-real\id3_0003.mp4,real,id3,CELEB_REAL,train
E:\celeb deepfake\Celeb-real\id6_0003.mp4,real,id6,CELEB_REAL,test
E:\celeb deepfake\Celeb-real\id1_0001.mp4,real,id1,CELEB_REAL,train
E:\celeb deepfake\Celeb-real\id19_0009.mp4,real,id19,CELEB_REAL,train
E:\celeb deepfake\Celeb-real\id1_0004.mp4,real,id1,CELEB_REAL,train
E:\celeb deepfake\Celeb-real\id9_0002.mp4,real,id9,CELEB_REAL,val
E:\celeb deepfake\Celeb-real\id49_0007.mp4,real,id49,CELEB_REAL,train
E:\celeb deepfake\Celeb-real\id36_0002.mp4,real,id36,CELEB_REAL,train
E:\celeb deepfake\Celeb-real\id22_0007.mp4,real,id22,CELEB_REAL,train
E:\celeb deepfake\Celeb-real\id53_0004.mp4,real,id53,CELEB_REAL,train
E:\celeb deepfake\Celeb-real\id31_0001.mp4,real,id31,CELEB_REAL,val
E:\celeb deepfake\Celeb-real\id29_0002.mp4,real,id29,CELEB_REAL,val
E:\celeb deepfake\Celeb-real\id28_0004.mp4,real,id28,CELEB_REAL,train
E:\celeb deepfake\Celeb-real\id25_0002.mp4,real,id25,CELEB_REAL,val
E:\celeb deepfake\Celeb-real\id11_0008.mp4,real,id11,CELEB_REAL,train
E:\celeb deepfake\Celeb-real\id26_0007.mp4,real,id26,CELEB_REAL,train
E:\celeb deepfake\Celeb-real\id11_0003.mp4,real,id11,CELEB_REAL,train
E:\celeb deepfake\Celeb-real\id56_0009.mp4,real,id56,CELEB_REAL,train
E:\celeb deepfake\Celeb-real\id25_0005.mp4,real,id25,CELEB_REAL,val
E:\celeb deepfake\Celeb-real\id19_0007.mp4,real,id19,CELEB_REAL,train
E:\celeb deepfake\Celeb-real\id31_0008.mp4,real,id31,CELEB_REAL,val
E:\celeb deepfake\Celeb-real\id47_0008.mp4,real,id47,CELEB_REAL,test
E:\celeb deepfake\Celeb-real\id40_0005.mp4,real,id40,CELEB_REAL,test
E:\celeb deepfake\Celeb-real\id13_0012.mp4,real,id13,CELEB_REAL,val
E:\celeb deepfake\Celeb-real\id31_0003.mp4,real,id31,CELEB_REAL,val
E:\celeb deepfake\Celeb-real\id13_0008.mp4,real,id13,CELEB_REAL,val
E:\celeb deepfake\Celeb-real\id21_0008.mp4,real,id21,CELEB_REAL,train
E:\celeb deepfake\Celeb-real\id57_0005.mp4,real,id57,CELEB_REAL,train
E:\celeb deepfake\Celeb-real\id43_0006.mp4,real,id43,CELEB_REAL,train
E:\celeb deepfake\Celeb-real\id40_0004.mp4,real,id40,CELEB_REAL,test
E:\celeb deepfake\Celeb-real\id22_0002.mp4,real,id22,CELEB_REAL,train
E:\celeb deepfake\Celeb-real\id60_0007.mp4,real,id60,CELEB_REAL,train
E:\celeb deepfake\Celeb-real\id3_0007.mp4,real,id3,CELEB_REAL,train
E:\celeb deepfake\Celeb-real\id52_0004.mp4,real,id52,CELEB_REAL,train
E:\celeb deepfake\Celeb-real\id36_0008.mp4,real,id36,CELEB_REAL,train
E:\celeb deepfake\Celeb-real\id34_0000.mp4,real,id34,CELEB_REAL,train
E:\celeb deepfake\Celeb-real\id58_0004.mp4,real,id58,CELEB_REAL,test
E:\celeb deepfake\Celeb-real\id49_0005.mp4,real,id49,CELEB_REAL,train
E:\celeb deepfake\Celeb-real\id29_0005.mp4,real,id29,CELEB_REAL,val
E:\celeb deepfake\Celeb-real\id36_0004.mp4,real,id36,CELEB_REAL,train
E:\celeb deepfake\Celeb-real\id43_0001.mp4,real,id43,CELEB_REAL,train
E:\celeb deepfake\Celeb-real\id26_0009.mp4,real,id26,CELEB_REAL,train
E:\celeb deepfake\Celeb-real\id61_0004.mp4,real,id61,CELEB_REAL,val
E:\celeb deepfake\Celeb-real\id41_0003.mp4,real,id41,CELEB_REAL,val
E:\celeb deepfake\Celeb-real\id2_0004.mp4,real,id2,CELEB_REAL,train
E:\celeb deepfake\Celeb-real\id44_0000.mp4,real,id44,CELEB_REAL,train
E:\celeb deepfake\Celeb-real\id40_0000.mp4,real,id40,CELEB_REAL,test
E:\celeb deepfake\Celeb-real\id27_0004.mp4,real,id27,CELEB_REAL,val
E:\celeb deepfake\Celeb-real\id23_0007.mp4,real,id23,CELEB_REAL,val
E:\celeb deepfake\Celeb-real\id33_0001.mp4,real,id33,CELEB_REAL,val
E:\celeb deepfake\Celeb-real\id13_0000.mp4,real,id13,CELEB_REAL,val
E:\celeb deepfake\Celeb-real\id19_0001.mp4,real,id19,CELEB_REAL,train
E:\celeb deepfake\Celeb-real\id41_0006.mp4,real,id41,CELEB_REAL,val
E:\celeb deepfake\Celeb-real\id30_0000.mp4,real,id30,CELEB_REAL,val
E:\celeb deepfake\Celeb-real\id7_0009.mp4,real,id7,CELEB_REAL,train
E:\celeb deepfake\Celeb-real\id45_0009.mp4,real,id45,CELEB_REAL,val
E:\celeb deepfake\Celeb-real\id56_0000.mp4,real,id56,CELEB_REAL,train
E:\celeb deepfake\Celeb-real\id4_0006.mp4,real,id4,CELEB_REAL,train
E:\celeb deepfake\Celeb-real\id36_0000.mp4,real,id36,CELEB_REAL,train
E:\celeb deepfake\Celeb-real\id4_0009.mp4,real,id4,CELEB_REAL,train
E:\celeb deepfake\Celeb-real\id31_0006.mp4,real,id31,CELEB_REAL,val
E:\celeb deepfake\Celeb-real\id13_0013.mp4,real,id13,CELEB_REAL,val
E:\celeb deepfake\Celeb-real\id7_0007.mp4,real,id7,CELEB_REAL,train
E:\celeb deepfake\Celeb-real\id39_0003.mp4,real,id39,CELEB_REAL,train
E:\celeb deepfake\Celeb-real\id34_0008.mp4,real,id34,CELEB_REAL,train
E:\celeb deepfake\Celeb-real\id16_0010.mp4,real,id16,CELEB_REAL,train
E:\celeb deepfake\Celeb-real\id10_0008.mp4,real,id10,CELEB_REAL,train
E:\celeb deepfake\Celeb-real\id34_0004.mp4,real,id34,CELEB_REAL,train
E:\celeb deepfake\Celeb-real\id17_0009.mp4,real,id17,CELEB_REAL,train
E:\celeb deepfake\Celeb-real\id41_0004.mp4,real,id41,CELEB_REAL,val
E:\celeb deepfake\Celeb-real\id42_0000.mp4,real,id42,CELEB_REAL,test
E:\celeb deepfake\Celeb-real\id29_0008.mp4,real,id29,CELEB_REAL,val
E:\celeb deepfake\Celeb-real\id29_0006.mp4,real,id29,CELEB_REAL,val
E:\celeb deepfake\Celeb-real\id54_0003.mp4,real,id54,CELEB_REAL,train
E:\celeb deepfake\Celeb-real\id33_0003.mp4,real,id33,CELEB_REAL,val
E:\celeb deepfake\Celeb-real\id47_0001.mp4,real,id47,CELEB_REAL,test
E:\celeb deepfake\Celeb-real\id26_0003.mp4,real,id26,CELEB_REAL,train
E:\celeb deepfake\Celeb-real\id11_0002.mp4,real,id11,CELEB_REAL,train
E:\celeb deepfake\Celeb-real\id30_0001.mp4,real,id30,CELEB_REAL,val
E:\celeb deepfake\Celeb-real\id48_0007.mp4,real,id48,CELEB_REAL,train
E:\celeb deepfake\Celeb-real\id22_0001.mp4,real,id22,CELEB_REAL,train
E:\celeb deepfake\Celeb-real\id53_0003.mp4,real,id53,CELEB_REAL,train
E:\celeb deepfake\Celeb-real\id38_0003.mp4,real,id38,CELEB_REAL,train
E:\celeb deepfake\Celeb-real\id56_0005.mp4,real,id56,CELEB_REAL,train
E:\celeb deepfake\Celeb-real\id57_0002.mp4,real,id57,CELEB_REAL,train
E:\celeb deepfake\Celeb-real\id59_0000.mp4,real,id59,CELEB_REAL,train
E:\celeb deepfake\Celeb-real\id5_0008.mp4,real,id5,CELEB_REAL,test
E:\celeb deepfake\Celeb-real\id53_0006.mp4,real,id53,CELEB_REAL,train
E:\celeb deepfake\Celeb-real\id29_0004.mp4,real,id29,CELEB_REAL,val
E:\celeb deepfake\Celeb-real\id6_0009.mp4,real,id6,CELEB_REAL,test
E:\celeb deepfake\Celeb-real\id48_0000.mp4,real,id48,CELEB_REAL,train
E:\celeb deepfake\Celeb-real\id53_0005.mp4,real,id53,CELEB_REAL,train
E:\celeb deepfake\Celeb-real\id27_0001.mp4,real,id27,CELEB_REAL,val
E:\celeb deepfake\Celeb-real\id27_0007.mp4,real,id27,CELEB_REAL,val
E:\celeb deepfake\Celeb-real\id53_0009.mp4,real,id53,CELEB_REAL,train
E:\celeb deepfake\Celeb-real\id61_0005.mp4,real,id61,CELEB_REAL,val
E:\celeb deepfake\Celeb-real\id31_0009.mp4,real,id31,CELEB_REAL,val
E:\celeb deepfake\Celeb-real\id17_0008.mp4,real,id17,CELEB_REAL,train
E:\celeb deepfake\Celeb-real\id34_0001.mp4,real,id34,CELEB_REAL,train
E:\celeb deepfake\Celeb-real\id5_0007.mp4,real,id5,CELEB_REAL,test
E:\celeb deepfake\Celeb-real\id38_0007.mp4,real,id38,CELEB_REAL,train
E:\celeb deepfake\Celeb-real\id39_0001.mp4,real,id39,CELEB_REAL,train
E:\celeb deepfake\Celeb-real\id50_0008.mp4,real,id50,CELEB_REAL,train
E:\celeb deepfake\Celeb-real\id8_0002.mp4,real,id8,CELEB_REAL,test
E:\celeb deepfake\Celeb-real\id46_0001.mp4,real,id46,CELEB_REAL,train
E:\celeb deepfake\Celeb-real\id24_0006.mp4,real,id24,CELEB_REAL,val
E:\celeb deepfake\Celeb-real\id59_0004.mp4,real,id59,CELEB_REAL,train
E:\celeb deepfake\Celeb-real\id50_0000.mp4,real,id50,CELEB_REAL,train
E:\celeb deepfake\Celeb-real\id57_0009.mp4,real,id57,CELEB_REAL,train
E:\celeb deepfake\Celeb-real\id35_0000.mp4,real,id35,CELEB_REAL,train
E:\celeb deepfake\Celeb-real\id49_0003.mp4,real,id49,CELEB_REAL,train
E:\celeb deepfake\Celeb-real\id27_0005.mp4,real,id27,CELEB_REAL,val
E:\celeb deepfake\Celeb-real\id9_0008.mp4,real,id9,CELEB_REAL,val
E:\celeb deepfake\Celeb-real\id51_0007.mp4,real,id51,CELEB_REAL,test
E:\celeb deepfake\Celeb-real\id49_0004.mp4,real,id49,CELEB_REAL,train
E:\celeb deepfake\Celeb-real\id48_0005.mp4,real,id48,CELEB_REAL,train
E:\celeb deepfake\Celeb-real\id24_0003.mp4,real,id24,CELEB_REAL,val
E:\celeb deepfake\Celeb-real\id12_0004.mp4,real,id12,CELEB_REAL,train
E:\celeb deepfake\Celeb-real\id8_0004.mp4,real,id8,CELEB_REAL,test
E:\celeb deepfake\Celeb-real\id17_0001.mp4,real,id17,CELEB_REAL,train
E:\celeb deepfake\Celeb-real\id47_0002.mp4,real,id47,CELEB_REAL,test
E:\celeb deepfake\Celeb-real\id9_0001.mp4,real,id9,CELEB_REAL,val
E:\celeb deepfake\Celeb-real\id39_0007.mp4,real,id39,CELEB_REAL,train
E:\celeb deepfake\Celeb-real\id1_0009.mp4,real,id1,CELEB_REAL,train
E:\celeb deepfake\Celeb-real\id29_0007.mp4,real,id29,CELEB_REAL,val
E:\celeb deepfake\Celeb-real\id17_0006.mp4,real,id17,CELEB_REAL,train
E:\celeb deepfake\Celeb-real\id7_0002.mp4,real,id7,CELEB_REAL,train
E:\celeb deepfake\Celeb-real\id32_0004.mp4,real,id32,CELEB_REAL,train
E:\celeb deepfake\Celeb-real\id22_0006.mp4,real,id22,CELEB_REAL,train
E:\celeb deepfake\Celeb-real\id33_0002.mp4,real,id33,CELEB_REAL,val
E:\celeb deepfake\Celeb-real\id33_0008.mp4,real,id33,CELEB_REAL,val
E:\celeb deepfake\Celeb-real\id50_0007.mp4,real,id50,CELEB_REAL,train
E:\celeb deepfake\Celeb-real\id30_0003.mp4,real,id30,CELEB_REAL,val
E:\celeb deepfake\Celeb-real\id24_0001.mp4,real,id24,CELEB_REAL,val
E:\celeb deepfake\Celeb-real\id45_0001.mp4,real,id45,CELEB_REAL,val
E:\celeb deepfake\Celeb-real\id35_0001.mp4,real,id35,CELEB_REAL,train
E:\celeb deepfake\Celeb-real\id25_0001.mp4,real,id25,CELEB_REAL,val
E:\celeb deepfake\Celeb-real\id45_0006.mp4,real,id45,CELEB_REAL,val
E:\celeb deepfake\Celeb-real\id6_0006.mp4,real,id6,CELEB_REAL,test
E:\celeb deepfake\Celeb-real\id19_0000.mp4,real,id19,CELEB_REAL,train
E:\celeb deepfake\Celeb-real\id50_0006.mp4,real,id50,CELEB_REAL,train
E:\celeb deepfake\Celeb-real\id59_0007.mp4,real,id59,CELEB_REAL,train
E:\celeb deepfake\Celeb-real\id16_0006.mp4,real,id16,CELEB_REAL,train
E:\celeb deepfake\Celeb-real\id32_0007.mp4,real,id32,CELEB_REAL,train
E:\celeb deepfake\Celeb-real\id16_0004.mp4,real,id16,CELEB_REAL,train
E:\celeb deepfake\Celeb-real\id54_0007.mp4,real,id54,CELEB_REAL,train
E:\celeb deepfake\Celeb-real\id51_0000.mp4,real,id51,CELEB_REAL,test
E:\celeb deepfake\Celeb-real\id21_0007.mp4,real,id21,CELEB_REAL,train
E:\celeb deepfake\Celeb-real\id13_0009.mp4,real,id13,CELEB_REAL,val
E:\celeb deepfake\Celeb-real\id2_0009.mp4,real,id2,CELEB_REAL,train
E:\celeb deepfake\Celeb-real\id60_0004.mp4,real,id60,CELEB_REAL,train
E:\celeb deepfake\Celeb-real\id0_0007.mp4,real,id0,CELEB_REAL,train
E:\celeb deepfake\Celeb-real\id37_0003.mp4,real,id37,CELEB_REAL,train
E:\celeb deepfake\Celeb-real\id26_0000.mp4,real,id26,CELEB_REAL,train
E:\celeb deepfake\Celeb-real\id19_0003.mp4,real,id19,CELEB_REAL,train
E:\celeb deepfake\Celeb-real\id45_0003.mp4,real,id45,CELEB_REAL,val
E:\celeb deepfake\Celeb-real\id22_0004.mp4,real,id22,CELEB_REAL,train
E:\celeb deepfake\Celeb-real\id49_0009.mp4,real,id49,CELEB_REAL,train
E:\celeb deepfake\Celeb-real\id7_0001.mp4,real,id7,CELEB_REAL,train
E:\celeb deepfake\Celeb-real\id59_0009.mp4,real,id59,CELEB_REAL,train
E:\celeb deepfake\Celeb-real\id10_0004.mp4,real,id10,CELEB_REAL,train
E:\celeb deepfake\Celeb-real\id16_0008.mp4,real,id16,CELEB_REAL,train
E:\celeb deepfake\Celeb-real\id33_0009.mp4,real,id33,CELEB_REAL,val
E:\celeb deepfake\Celeb-real\id44_0003.mp4,real,id44,CELEB_REAL,train
E:\celeb deepfake\Celeb-real\id53_0000.mp4,real,id53,CELEB_REAL,train
E:\celeb deepfake\Celeb-real\id31_0005.mp4,real,id31,CELEB_REAL,val
E:\celeb deepfake\Celeb-real\id24_0009.mp4,real,id24,CELEB_REAL,val
E:\celeb deepfake\Celeb-real\id55_0004.mp4,real,id55,CELEB_REAL,train
E:\celeb deepfake\Celeb-real\id16_0013.mp4,real,id16,CELEB_REAL,train
E:\celeb deepfake\Celeb-real\id37_0002.mp4,real,id37,CELEB_REAL,train
E:\celeb deepfake\Celeb-real\id23_0008.mp4,real,id23,CELEB_REAL,val
E:\celeb deepfake\YouTube-real\00034.mp4,real,00034,YOUTUBE_REAL,train
E:\celeb deepfake\YouTube-real\00168.mp4,real,00168,YOUTUBE_REAL,train
E:\celeb deepfake\YouTube-real\00279.mp4,real,00279,YOUTUBE_REAL,train
E:\celeb deepfake\YouTube-real\00028.mp4,real,00028,YOUTUBE_REAL,train
E:\celeb deepfake\YouTube-real\00099.mp4,real,00099,YOUTUBE_REAL,train
E:\celeb deepfake\YouTube-real\00286.mp4,real,00286,YOUTUBE_REAL,train
E:\celeb deepfake\YouTube-real\00096.mp4,real,00096,YOUTUBE_REAL,train
E:\celeb deepfake\YouTube-real\00100.mp4,real,00100,YOUTUBE_REAL,val
E:\celeb deepfake\YouTube-real\00000.mp4,real,00000,YOUTUBE_REAL,train
E:\celeb deepfake\YouTube-real\00108.mp4,real,00108,YOUTUBE_REAL,train
E:\celeb deepfake\YouTube-real\00216.mp4,real,00216,YOUTUBE_REAL,train
E:\celeb deepfake\YouTube-real\00059.mp4,real,00059,YOUTUBE_REAL,val
E:\celeb deepfake\YouTube-real\00040.mp4,real,00040,YOUTUBE_REAL,train
E:\celeb deepfake\YouTube-real\00063.mp4,real,00063,YOUTUBE_REAL,train
E:\celeb deepfake\YouTube-real\00002.mp4,real,00002,YOUTUBE_REAL,train
E:\celeb deepfake\YouTube-real\00075.mp4,real,00075,YOUTUBE_REAL,test
E:\celeb deepfake\YouTube-real\00164.mp4,real,00164,YOUTUBE_REAL,test
E:\celeb deepfake\YouTube-real\00156.mp4,real,00156,YOUTUBE_REAL,train
E:\celeb deepfake\YouTube-real\00157.mp4,real,00157,YOUTUBE_REAL,train
E:\celeb deepfake\YouTube-real\00048.mp4,real,00048,YOUTUBE_REAL,val
E:\celeb deepfake\YouTube-real\00123.mp4,real,00123,YOUTUBE_REAL,train
E:\celeb deepfake\YouTube-real\00265.mp4,real,00265,YOUTUBE_REAL,train
E:\celeb deepfake\YouTube-real\00051.mp4,real,00051,YOUTUBE_REAL,train
E:\celeb deepfake\YouTube-real\00235.mp4,real,00235,YOUTUBE_REAL,train
E:\celeb deepfake\YouTube-real\00107.mp4,real,00107,YOUTUBE_REAL,val
E:\celeb deepfake\YouTube-real\00207.mp4,real,00207,YOUTUBE_REAL,val
E:\celeb deepfake\YouTube-real\00061.mp4,real,00061,YOUTUBE_REAL,train
E:\celeb deepfake\YouTube-real\00204.mp4,real,00204,YOUTUBE_REAL,train
E:\celeb deepfake\YouTube-real\00293.mp4,real,00293,YOUTUBE_REAL,train
E:\celeb deepfake\YouTube-real\00270.mp4,real,00270,YOUTUBE_REAL,test
E:\celeb deepfake\YouTube-real\00169.mp4,real,00169,YOUTUBE_REAL,train
E:\celeb deepfake\YouTube-real\00069.mp4,real,00069,YOUTUBE_REAL,train
E:\celeb deepfake\YouTube-real\00222.mp4,real,00222,YOUTUBE_REAL,train
E:\celeb deepfake\YouTube-real\00185.mp4,real,00185,YOUTUBE_REAL,val
E:\celeb deepfake\YouTube-real\00124.mp4,real,00124,YOUTUBE_REAL,train
E:\celeb deepfake\YouTube-real\00133.mp4,real,00133,YOUTUBE_REAL,train
E:\celeb deepfake\YouTube-real\00209.mp4,real,00209,YOUTUBE_REAL,train
E:\celeb deepfake\YouTube-real\00228.mp4,real,00228,YOUTUBE_REAL,train
E:\celeb deepfake\YouTube-real\00225.mp4,real,00225,YOUTUBE_REAL,train
E:\celeb deepfake\YouTube-real\00203.mp4,real,00203,YOUTUBE_REAL,test
E:\celeb deepfake\YouTube-real\00251.mp4,real,00251,YOUTUBE_REAL,test
E:\celeb deepfake\YouTube-real\00287.mp4,real,00287,YOUTUBE_REAL,test
E:\celeb deepfake\YouTube-real\00243.mp4,real,00243,YOUTUBE_REAL,train
E:\celeb deepfake\YouTube-real\00234.mp4,real,00234,YOUTUBE_REAL,test
E:\celeb deepfake\YouTube-real\00262.mp4,real,00262,YOUTUBE_REAL,train
E:\celeb deepfake\YouTube-real\00233.mp4,real,00233,YOUTUBE_REAL,train
E:\celeb deepfake\YouTube-real\00190.mp4,real,00190,YOUTUBE_REAL,train
E:\celeb deepfake\YouTube-real\00055.mp4,real,00055,YOUTUBE_REAL,val
E:\celeb deepfake\YouTube-real\00188.mp4,real,00188,YOUTUBE_REAL,train
E:\celeb deepfake\YouTube-real\00224.mp4,real,00224,YOUTUBE_REAL,test
E:\celeb deepfake\YouTube-real\00229.mp4,real,00229,YOUTUBE_REAL,train
E:\celeb deepfake\YouTube-real\00084.mp4,real,00084,YOUTUBE_REAL,train
E:\celeb deepfake\YouTube-real\00088.mp4,real,00088,YOUTUBE_REAL,val
E:\celeb deepfake\YouTube-real\00053.mp4,real,00053,YOUTUBE_REAL,train
E:\celeb deepfake\YouTube-real\00068.mp4,real,00068,YOUTUBE_REAL,val
E:\celeb deepfake\YouTube-real\00295.mp4,real,00295,YOUTUBE_REAL,train
E:\celeb deepfake\YouTube-real\00137.mp4,real,00137,YOUTUBE_REAL,test
E:\celeb deepfake\YouTube-real\00294.mp4,real,00294,YOUTUBE_REAL,train
E:\celeb deepfake\YouTube-real\00021.mp4,real,00021,YOUTUBE_REAL,train
E:\celeb deepfake\YouTube-real\00193.mp4,real,00193,YOUTUBE_REAL,train
E:\celeb deepfake\YouTube-real\00151.mp4,real,00151,YOUTUBE_REAL,test
E:\celeb deepfake\YouTube-real\00121.mp4,real,00121,YOUTUBE_REAL,train
E:\celeb deepfake\YouTube-real\00240.mp4,real,00240,YOUTUBE_REAL,val
E:\celeb deepfake\YouTube-real\00093.mp4,real,00093,YOUTUBE_REAL,train
E:\celeb deepfake\YouTube-real\00125.mp4,real,00125,YOUTUBE_REAL,train
E:\celeb deepfake\YouTube-real\00016.mp4,real,00016,YOUTUBE_REAL,val
E:\celeb deepfake\YouTube-real\00175.mp4,real,00175,YOUTUBE_REAL,val
E:\celeb deepfake\YouTube-real\00276.mp4,real,00276,YOUTUBE_REAL,train
E:\celeb deepfake\YouTube-real\00161.mp4,real,00161,YOUTUBE_REAL,train
E:\celeb deepfake\YouTube-real\00138.mp4,real,00138,YOUTUBE_REAL,train
E:\celeb deepfake\YouTube-real\00186.mp4,real,00186,YOUTUBE_REAL,train
E:\celeb deepfake\YouTube-real\00105.mp4,real,00105,YOUTUBE_REAL,train
E:\celeb deepfake\YouTube-real\00208.mp4,real,00208,YOUTUBE_REAL,train
E:\celeb deepfake\YouTube-real\00032.mp4,real,00032,YOUTUBE_REAL,val
E:\celeb deepfake\YouTube-real\00087.mp4,real,00087,YOUTUBE_REAL,test
E:\celeb deepfake\YouTube-real\00290.mp4,real,00290,YOUTUBE_REAL,train
E:\celeb deepfake\YouTube-real\00071.mp4,real,00071,YOUTUBE_REAL,train
E:\celeb deepfake\YouTube-real\00012.mp4,real,00012,YOUTUBE_REAL,train
E:\celeb deepfake\YouTube-real\00081.mp4,real,00081,YOUTUBE_REAL,train
E:\celeb deepfake\YouTube-real\00008.mp4,real,00008,YOUTUBE_REAL,train
E:\celeb deepfake\YouTube-real\00042.mp4,real,00042,YOUTUBE_REAL,train
E:\celeb deepfake\YouTube-real\00149.mp4,real,00149,YOUTUBE_REAL,test
E:\celeb deepfake\YouTube-real\00006.mp4,real,00006,YOUTUBE_REAL,train
E:\celeb deepfake\YouTube-real\00076.mp4,real,00076,YOUTUBE_REAL,test
E:\celeb deepfake\YouTube-real\00104.mp4,real,00104,YOUTUBE_REAL,train
E:\celeb deepfake\YouTube-real\00245.mp4,real,00245,YOUTUBE_REAL,train
E:\celeb deepfake\YouTube-real\00221.mp4,real,00221,YOUTUBE_REAL,val
E:\celeb deepfake\YouTube-real\00036.mp4,real,00036,YOUTUBE_REAL,test
E:\celeb deepfake\YouTube-real\00047.mp4,real,00047,YOUTUBE_REAL,train
E:\celeb deepfake\YouTube-real\00285.mp4,real,00285,YOUTUBE_REAL,train
E:\celeb deepfake\YouTube-real\00184.mp4,real,00184,YOUTUBE_REAL,val
E:\celeb deepfake\YouTube-real\00252.mp4,real,00252,YOUTUBE_REAL,val
E:\celeb deepfake\YouTube-real\00066.mp4,real,00066,YOUTUBE_REAL,val
E:\celeb deepfake\YouTube-real\00067.mp4,real,00067,YOUTUBE_REAL,train
E:\celeb deepfake\YouTube-real\00095.mp4,real,00095,YOUTUBE_REAL,train
E:\celeb deepfake\YouTube-real\00264.mp4,real,00264,YOUTUBE_REAL,train
E:\celeb deepfake\YouTube-real\00140.mp4,real,00140,YOUTUBE_REAL,train
E:\celeb deepfake\YouTube-real\00031.mp4,real,00031,YOUTUBE_REAL,train
E:\celeb deepfake\YouTube-real\00256.mp4,real,00256,YOUTUBE_REAL,train
E:\celeb deepfake\YouTube-real\00282.mp4,real,00282,YOUTUBE_REAL,train
E:\celeb deepfake\YouTube-real\00187.mp4,real,00187,YOUTUBE_REAL,train
E:\celeb deepfake\YouTube-real\00231.mp4,real,00231,YOUTUBE_REAL,train
E:\celeb deepfake\YouTube-real\00215.mp4,real,00215,YOUTUBE_REAL,val
E:\celeb deepfake\YouTube-real\00091.mp4,real,00091,YOUTUBE_REAL,train
E:\celeb deepfake\YouTube-real\00178.mp4,real,00178,YOUTUBE_REAL,test
E:\celeb deepfake\YouTube-real\00239.mp4,real,00239,YOUTUBE_REAL,val
E:\celeb deepfake\YouTube-real\00013.mp4,real,00013,YOUTUBE_REAL,train
E:\celeb deepfake\YouTube-real\00119.mp4,real,00119,YOUTUBE_REAL,train
E:\celeb deepfake\YouTube-real\00007.mp4,real,00007,YOUTUBE_REAL,train
E:\celeb deepfake\YouTube-real\00172.mp4,real,00172,YOUTUBE_REAL,train
E:\celeb deepfake\YouTube-real\00064.mp4,real,00064,YOUTUBE_REAL,train
E:\celeb deepfake\YouTube-real\00275.mp4,real,00275,YOUTUBE_REAL,test
E:\celeb deepfake\YouTube-real\00223.mp4,real,00223,YOUTUBE_REAL,train
E:\celeb deepfake\YouTube-real\00269.mp4,real,00269,YOUTUBE_REAL,train
E:\celeb deepfake\YouTube-real\00024.mp4,real,00024,YOUTUBE_REAL,test
E:\celeb deepfake\YouTube-real\00198.mp4,real,00198,YOUTUBE_REAL,val
E:\celeb deepfake\YouTube-real\00131.mp4,real,00131,YOUTUBE_REAL,val
E:\celeb deepfake\YouTube-real\00200.mp4,real,00200,YOUTUBE_REAL,test
E:\celeb deepfake\YouTube-real\00116.mp4,real,00116,YOUTUBE_REAL,train
E:\celeb deepfake\YouTube-real\00057.mp4,real,00057,YOUTUBE_REAL,train
E:\celeb deepfake\YouTube-real\00199.mp4,real,00199,YOUTUBE_REAL,train
E:\celeb deepfake\YouTube-real\00152.mp4,real,00152,YOUTUBE_REAL,train
E:\celeb deepfake\YouTube-real\00132.mp4,real,00132,YOUTUBE_REAL,val
E:\celeb deepfake\YouTube-real\00183.mp4,real,00183,YOUTUBE_REAL,test
E:\celeb deepfake\YouTube-real\00122.mp4,real,00122,YOUTUBE_REAL,train
E:\celeb deepfake\YouTube-real\00142.mp4,real,00142,YOUTUBE_REAL,train
E:\celeb deepfake\YouTube-real\00202.mp4,real,00202,YOUTUBE_REAL,val
E:\celeb deepfake\YouTube-real\00227.mp4,real,00227,YOUTUBE_REAL,val
E:\celeb deepfake\YouTube-real\00098.mp4,real,00098,YOUTUBE_REAL,test
E:\celeb deepfake\YouTube-real\00023.mp4,real,00023,YOUTUBE_REAL,train
E:\celeb deepfake\YouTube-real\00241.mp4,real,00241,YOUTUBE_REAL,train
E:\celeb deepfake\YouTube-real\00291.mp4,real,00291,YOUTUBE_REAL,test
E:\celeb deepfake\YouTube-real\00094.mp4,real,00094,YOUTUBE_REAL,train
E:\celeb deepfake\YouTube-real\00141.mp4,real,00141,YOUTUBE_REAL,train
E:\celeb deepfake\YouTube-real\00009.mp4,real,00009,YOUTUBE_REAL,train
E:\celeb deepfake\YouTube-real\00115.mp4,real,00115,YOUTUBE_REAL,train
E:\celeb deepfake\YouTube-real\00155.mp4,real,00155,YOUTUBE_REAL,train
E:\celeb deepfake\YouTube-real\00182.mp4,real,00182,YOUTUBE_REAL,train
E:\celeb deepfake\YouTube-real\00218.mp4,real,00218,YOUTUBE_REAL,train
E:\celeb deepfake\YouTube-real\00129.mp4,real,00129,YOUTUBE_REAL,test
E:\celeb deepfake\YouTube-real\00219.mp4,real,00219,YOUTUBE_REAL,test
E:\celeb deepfake\YouTube-real\00247.mp4,real,00247,YOUTUBE_REAL,train
E:\celeb deepfake\YouTube-real\00070.mp4,real,00070,YOUTUBE_REAL,val
E:\celeb deepfake\YouTube-real\00244.mp4,real,00244,YOUTUBE_REAL,train
E:\celeb deepfake\YouTube-real\00113.mp4,real,00113,YOUTUBE_REAL,train
E:\celeb deepfake\YouTube-real\00120.mp4,real,00120,YOUTUBE_REAL,train
E:\celeb deepfake\YouTube-real\00017.mp4,real,00017,YOUTUBE_REAL,val
E:\celeb deepfake\YouTube-real\00112.mp4,real,00112,YOUTUBE_REAL,train
E:\celeb deepfake\YouTube-real\00038.mp4,real,00038,YOUTUBE_REAL,train
E:\celeb deepfake\YouTube-real\00210.mp4,real,00210,YOUTUBE_REAL,train
E:\celeb deepfake\YouTube-real\00082.mp4,real,00082,YOUTUBE_REAL,train
E:\celeb deepfake\YouTube-real\00160.mp4,real,00160,YOUTUBE_REAL,train
E:\celeb deepfake\YouTube-real\00114.mp4,real,00114,YOUTUBE_REAL,val
E:\celeb deepfake\YouTube-real\00148.mp4,real,00148,YOUTUBE_REAL,train
E:\celeb deepfake\YouTube-real\00144.mp4,real,00144,YOUTUBE_REAL,val
E:\celeb deepfake\YouTube-real\00118.mp4,real,00118,YOUTUBE_REAL,train
E:\celeb deepfake\YouTube-real\00126.mp4,real,00126,YOUTUBE_REAL,train
E:\celeb deepfake\YouTube-real\00045.mp4,real,00045,YOUTUBE_REAL,train
E:\celeb deepfake\YouTube-real\00177.mp4,real,00177,YOUTUBE_REAL,test
E:\celeb deepfake\YouTube-real\00039.mp4,real,00039,YOUTUBE_REAL,train
E:\celeb deepfake\YouTube-real\00154.mp4,real,00154,YOUTUBE_REAL,val
E:\celeb deepfake\YouTube-real\00230.mp4,real,00230,YOUTUBE_REAL,train
E:\celeb deepfake\YouTube-real\00050.mp4,real,00050,YOUTUBE_REAL,test
E:\celeb deepfake\YouTube-real\00238.mp4,real,00238,YOUTUBE_REAL,train
E:\celeb deepfake\YouTube-real\00167.mp4,real,00167,YOUTUBE_REAL,train
E:\celeb deepfake\YouTube-real\00273.mp4,real,00273,YOUTUBE_REAL,train
E:\celeb deepfake\YouTube-real\00060.mp4,real,00060,YOUTUBE_REAL,val
E:\celeb deepfake\YouTube-real\00037.mp4,real,00037,YOUTUBE_REAL,train
E:\celeb deepfake\YouTube-real\00165.mp4,real,00165,YOUTUBE_REAL,train
E:\celeb deepfake\YouTube-real\00253.mp4,real,00253,YOUTUBE_REAL,val
E:\celeb deepfake\YouTube-real\00089.mp4,real,00089,YOUTUBE_REAL,train
E:\celeb deepfake\YouTube-real\00049.mp4,real,00049,YOUTUBE_REAL,train
E:\celeb deepfake\YouTube-real\00194.mp4,real,00194,YOUTUBE_REAL,train
E:\celeb deepfake\YouTube-real\00135.mp4,real,00135,YOUTUBE_REAL,train
E:\celeb deepfake\YouTube-real\00201.mp4,real,00201,YOUTUBE_REAL,val
E:\celeb deepfake\YouTube-real\00162.mp4,real,00162,YOUTUBE_REAL,val
E:\celeb deepfake\YouTube-real\00130.mp4,real,00130,YOUTUBE_REAL,train
E:\celeb deepfake\YouTube-real\00211.mp4,real,00211,YOUTUBE_REAL,train
E:\celeb deepfake\YouTube-real\00197.mp4,real,00197,YOUTUBE_REAL,test
E:\celeb deepfake\YouTube-real\00085.mp4,real,00085,YOUTUBE_REAL,train
E:\celeb deepfake\YouTube-real\00250.mp4,real,00250,YOUTUBE_REAL,train
E:\celeb deepfake\YouTube-real\00086.mp4,real,00086,YOUTUBE_REAL,test
E:\celeb deepfake\YouTube-real\00272.mp4,real,00272,YOUTUBE_REAL,train
E:\celeb deepfake\YouTube-real\00266.mp4,real,00266,YOUTUBE_REAL,train
E:\celeb deepfake\YouTube-real\00020.mp4,real,00020,YOUTUBE_REAL,train
E:\celeb deepfake\YouTube-real\00254.mp4,real,00254,YOUTUBE_REAL,val
E:\celeb deepfake\YouTube-real\00102.mp4,real,00102,YOUTUBE_REAL,val
E:\celeb deepfake\YouTube-real\00150.mp4,real,00150,YOUTUBE_REAL,train
E:\celeb deepfake\YouTube-real\00280.mp4,real,00280,YOUTUBE_REAL,test
E:\celeb deepfake\YouTube-real\00062.mp4,real,00062,YOUTUBE_REAL,train
E:\celeb deepfake\YouTube-real\00027.mp4,real,00027,YOUTUBE_REAL,train
E:\celeb deepfake\YouTube-real\00281.mp4,real,00281,YOUTUBE_REAL,train
E:\celeb deepfake\YouTube-real\00022.mp4,real,00022,YOUTUBE_REAL,train
E:\celeb deepfake\YouTube-real\00292.mp4,real,00292,YOUTUBE_REAL,train
E:\celeb deepfake\YouTube-real\00259.mp4,real,00259,YOUTUBE_REAL,train
E:\celeb deepfake\YouTube-real\00263.mp4,real,00263,YOUTUBE_REAL,train
E:\celeb deepfake\YouTube-real\00296.mp4,real,00296,YOUTUBE_REAL,train
E:\celeb deepfake\YouTube-real\00274.mp4,real,00274,YOUTUBE_REAL,train
E:\celeb deepfake\YouTube-real\00236.mp4,real,00236,YOUTUBE_REAL,train
E:\celeb deepfake\YouTube-real\00005.mp4,real,00005,YOUTUBE_REAL,train
E:\celeb deepfake\YouTube-real\00258.mp4,real,00258,YOUTUBE_REAL,test
E:\celeb deepfake\YouTube-real\00029.mp4,real,00029,YOUTUBE_REAL,train
E:\celeb deepfake\YouTube-real\00237.mp4,real,00237,YOUTUBE_REAL,train
E:\celeb deepfake\YouTube-real\00106.mp4,real,00106,YOUTUBE_REAL,train
E:\celeb deepfake\YouTube-real\00163.mp4,real,00163,YOUTUBE_REAL,train
E:\celeb deepfake\YouTube-real\00181.mp4,real,00181,YOUTUBE_REAL,train
E:\celeb deepfake\YouTube-real\00103.mp4,real,00103,YOUTUBE_REAL,train
E:\celeb deepfake\YouTube-real\00146.mp4,real,00146,YOUTUBE_REAL,train
E:\celeb deepfake\YouTube-real\00109.mp4,real,00109,YOUTUBE_REAL,train
E:\celeb deepfake\YouTube-real\00147.mp4,real,00147,YOUTUBE_REAL,train
E:\celeb deepfake\YouTube-real\00284.mp4,real,00284,YOUTUBE_REAL,train
E:\celeb deepfake\YouTube-real\00019.mp4,real,00019,YOUTUBE_REAL,train
E:\celeb deepfake\YouTube-real\00117.mp4,real,00117,YOUTUBE_REAL,test
E:\celeb deepfake\YouTube-real\00004.mp4,real,00004,YOUTUBE_REAL,val
E:\celeb deepfake\YouTube-real\00111.mp4,real,00111,YOUTUBE_REAL,train
E:\celeb deepfake\YouTube-real\00010.mp4,real,00010,YOUTUBE_REAL,train
E:\celeb deepfake\YouTube-real\00277.mp4,real,00277,YOUTUBE_REAL,train
E:\celeb deepfake\YouTube-real\00255.mp4,real,00255,YOUTUBE_REAL,test
E:\celeb deepfake\YouTube-real\00018.mp4,real,00018,YOUTUBE_REAL,train
E:\celeb deepfake\YouTube-real\00090.mp4,real,00090,YOUTUBE_REAL,train
E:\celeb deepfake\YouTube-real\00206.mp4,real,00206,YOUTUBE_REAL,val
E:\celeb deepfake\YouTube-real\00171.mp4,real,00171,YOUTUBE_REAL,train
E:\celeb deepfake\YouTube-real\00213.mp4,real,00213,YOUTUBE_REAL,train
E:\celeb deepfake\YouTube-real\00143.mp4,real,00143,YOUTUBE_REAL,train
E:\celeb deepfake\YouTube-real\00128.mp4,real,00128,YOUTUBE_REAL,train
E:\celeb deepfake\YouTube-real\00260.mp4,real,00260,YOUTUBE_REAL,train
E:\celeb deepfake\YouTube-real\00180.mp4,real,00180,YOUTUBE_REAL,test
E:\celeb deepfake\YouTube-real\00136.mp4,real,00136,YOUTUBE_REAL,train
E:\celeb deepfake\YouTube-real\00097.mp4,real,00097,YOUTUBE_REAL,val
E:\celeb deepfake\YouTube-real\00033.mp4,real,00033,YOUTUBE_REAL,train
E:\celeb deepfake\YouTube-real\00044.mp4,real,00044,YOUTUBE_REAL,train
E:\celeb deepfake\YouTube-real\00261.mp4,real,00261,YOUTUBE_REAL,val
E:\celeb deepfake\YouTube-real\00191.mp4,real,00191,YOUTUBE_REAL,train
E:\celeb deepfake\YouTube-real\00127.mp4,real,00127,YOUTUBE_REAL,train
E:\celeb deepfake\YouTube-real\00246.mp4,real,00246,YOUTUBE_REAL,train
E:\celeb deepfake\YouTube-real\00030.mp4,real,00030,YOUTUBE_REAL,train
E:\celeb deepfake\YouTube-real\00083.mp4,real,00083,YOUTUBE_REAL,train
E:\celeb deepfake\YouTube-real\00074.mp4,real,00074,YOUTUBE_REAL,test
E:\celeb deepfake\YouTube-real\00065.mp4,real,00065,YOUTUBE_REAL,train
E:\celeb deepfake\YouTube-real\00195.mp4,real,00195,YOUTUBE_REAL,train
E:\celeb deepfake\YouTube-real\00288.mp4,real,00288,YOUTUBE_REAL,train
E:\celeb deepfake\YouTube-real\00196.mp4,real,00196,YOUTUBE_REAL,train
E:\celeb deepfake\YouTube-real\00054.mp4,real,00054,YOUTUBE_REAL,train
E:\celeb deepfake\YouTube-real\00242.mp4,real,00242,YOUTUBE_REAL,train
E:\celeb deepfake\YouTube-real\00077.mp4,real,00077,YOUTUBE_REAL,val
E:\celeb deepfake\YouTube-real\00052.mp4,real,00052,YOUTUBE_REAL,train
E:\celeb deepfake\YouTube-real\00001.mp4,real,00001,YOUTUBE_REAL,train
E:\celeb deepfake\YouTube-real\00299.mp4,real,00299,YOUTUBE_REAL,val
E:\celeb deepfake\YouTube-real\00153.mp4,real,00153,YOUTUBE_REAL,val
E:\celeb deepfake\YouTube-real\00101.mp4,real,00101,YOUTUBE_REAL,train
E:\celeb deepfake\YouTube-real\00257.mp4,real,00257,YOUTUBE_REAL,train
E:\celeb deepfake\YouTube-real\00011.mp4,real,00011,YOUTUBE_REAL,train
E:\celeb deepfake\YouTube-real\00078.mp4,real,00078,YOUTUBE_REAL,train
E:\celeb deepfake\YouTube-real\00170.mp4,real,00170,YOUTUBE_REAL,train
E:\celeb deepfake\YouTube-real\00134.mp4,real,00134,YOUTUBE_REAL,train
E:\celeb deepfake\YouTube-real\00249.mp4,real,00249,YOUTUBE_REAL,train
E:\celeb deepfake\YouTube-real\00145.mp4,real,00145,YOUTUBE_REAL,train
E:\celeb deepfake\YouTube-real\00056.mp4,real,00056,YOUTUBE_REAL,train
E:\celeb deepfake\YouTube-real\00220.mp4,real,00220,YOUTUBE_REAL,test
E:\celeb deepfake\YouTube-real\00176.mp4,real,00176,YOUTUBE_REAL,train
E:\celeb deepfake\YouTube-real\00058.mp4,real,00058,YOUTUBE_REAL,train
E:\celeb deepfake\YouTube-real\00283.mp4,real,00283,YOUTUBE_REAL,val
E:\celeb deepfake\YouTube-real\00268.mp4,real,00268,YOUTUBE_REAL,train
E:\celeb deepfake\YouTube-real\00212.mp4,real,00212,YOUTUBE_REAL,train
E:\celeb deepfake\YouTube-real\00267.mp4,real,00267,YOUTUBE_REAL,train
E:\celeb deepfake\YouTube-real\00248.mp4,real,00248,YOUTUBE_REAL,val
E:\celeb deepfake\YouTube-real\00217.mp4,real,00217,YOUTUBE_REAL,train
E:\celeb deepfake\YouTube-real\00226.mp4,real,00226,YOUTUBE_REAL,val
E:\celeb deepfake\YouTube-real\00297.mp4,real,00297,YOUTUBE_REAL,train
E:\celeb deepfake\YouTube-real\00041.mp4,real,00041,YOUTUBE_REAL,val
E:\celeb deepfake\YouTube-real\00025.mp4,real,00025,YOUTUBE_REAL,train
E:\celeb deepfake\YouTube-real\00278.mp4,real,00278,YOUTUBE_REAL,train
E:\celeb deepfake\YouTube-real\00079.mp4,real,00079,YOUTUBE_REAL,test
E:\celeb deepfake\YouTube-real\00026.mp4,real,00026,YOUTUBE_REAL,train
E:\celeb deepfake\YouTube-real\00043.mp4,real,00043,YOUTUBE_REAL,train
E:\celeb deepfake\YouTube-real\00166.mp4,real,00166,YOUTUBE_REAL,test
E:\celeb deepfake\YouTube-real\00159.mp4,real,00159,YOUTUBE_REAL,train
E:\celeb deepfake\YouTube-real\00189.mp4,real,00189,YOUTUBE_REAL,train
E:\celeb deepfake\YouTube-real\00080.mp4,real,00080,YOUTUBE_REAL,train
E:\celeb deepfake\YouTube-real\00174.mp4,real,00174,YOUTUBE_REAL,train
E:\celeb deepfake\YouTube-real\00232.mp4,real,00232,YOUTUBE_REAL,train
E:\celeb deepfake\YouTube-real\00214.mp4,real,00214,YOUTUBE_REAL,test
E:\celeb deepfake\YouTube-real\00192.mp4,real,00192,YOUTUBE_REAL,train
E:\celeb deepfake\YouTube-real\00110.mp4,real,00110,YOUTUBE_REAL,test
E:\celeb deepfake\YouTube-real\00271.mp4,real,00271,YOUTUBE_REAL,train
E:\celeb deepfake\YouTube-real\00046.mp4,real,00046,YOUTUBE_REAL,test
E:\celeb deepfake\YouTube-real\00015.mp4,real,00015,YOUTUBE_REAL,val
E:\celeb deepfake\YouTube-real\00072.mp4,real,00072,YOUTUBE_REAL,train
E:\celeb deepfake\YouTube-real\00035.mp4,real,00035,YOUTUBE_REAL,train
E:\celeb deepfake\YouTube-real\00205.mp4,real,00205,YOUTUBE_REAL,train
E:\celeb deepfake\YouTube-real\00289.mp4,real,00289,YOUTUBE_REAL,train
E:\celeb deepfake\YouTube-real\00073.mp4,real,00073,YOUTUBE_REAL,train
E:\celeb deepfake\YouTube-real\00298.mp4,real,00298,YOUTUBE_REAL,train
E:\celeb deepfake\YouTube-real\00003.mp4,real,00003,YOUTUBE_REAL,val
E:\celeb deepfake\YouTube-real\00179.mp4,real,00179,YOUTUBE_REAL,train
E:\celeb deepfake\YouTube-real\00173.mp4,real,00173,YOUTUBE_REAL,train
E:\celeb deepfake\YouTube-real\00158.mp4,real,00158,YOUTUBE_REAL,train
E:\celeb deepfake\YouTube-real\00139.mp4,real,00139,YOUTUBE_REAL,train
E:\celeb deepfake\YouTube-real\00092.mp4,real,00092,YOUTUBE_REAL,train
E:\celeb deepfake\YouTube-real\00014.mp4,real,00014,YOUTUBE_REAL,train
E:\DFD\DFD_original sequences\01__hugging_happy.mp4,real,01,DFD_REAL,train
E:\DFD\DFD_original sequences\28__walking_outside_cafe_disgusted.mp4,real,28,DFD_REAL,train
E:\DFD\DFD_original sequences\28__secret_conversation.mp4,real,28,DFD_REAL,train
E:\DFD\DFD_original sequences\11__walking_down_street_outside_angry.mp4,real,11,DFD_REAL,train
E:\DFD\DFD_original sequences\21__talking_against_wall.mp4,real,21,DFD_REAL,val
E:\DFD\DFD_original sequences\24__walking_outside_cafe_disgusted.mp4,real,24,DFD_REAL,train
E:\DFD\DFD_original sequences\25__walking_down_street_outside_angry.mp4,real,25,DFD_REAL,train
E:\DFD\DFD_original sequences\13__hugging_happy.mp4,real,13,DFD_REAL,train
E:\DFD\DFD_original sequences\25__secret_conversation.mp4,real,25,DFD_REAL,train
E:\DFD\DFD_original sequences\19__kitchen_still.mp4,real,19,DFD_REAL,train
E:\DFD\DFD_original sequences\24__outside_talking_still_laughing.mp4,real,24,DFD_REAL,train
E:\DFD\DFD_original sequences\26__walk_down_hall_angry.mp4,real,26,DFD_REAL,train
E:\DFD\DFD_original sequences\28__kitchen_pan.mp4,real,28,DFD_REAL,train
E:\DFD\DFD_original sequences\15__walking_down_street_outside_angry.mp4,real,15,DFD_REAL,val
E:\DFD\DFD_original sequences\02__kitchen_pan.mp4,real,02,DFD_REAL,train
E:\DFD\DFD_original sequences\06__hugging_happy.mp4,real,06,DFD_REAL,train
E:\DFD\DFD_original sequences\09__walk_down_hall_angry.mp4,real,09,DFD_REAL,train
E:\DFD\DFD_original sequences\07__walking_outside_cafe_disgusted.mp4,real,07,DFD_REAL,train
E:\DFD\DFD_original sequences\28__exit_phone_room.mp4,real,28,DFD_REAL,train
E:\DFD\DFD_original sequences\24__kitchen_pan.mp4,real,24,DFD_REAL,train
E:\DFD\DFD_original sequences\01__outside_talking_still_laughing.mp4,real,01,DFD_REAL,train
E:\DFD\DFD_original sequences\17__walking_down_street_outside_angry.mp4,real,17,DFD_REAL,train
E:\DFD\DFD_original sequences\23__talking_against_wall.mp4,real,23,DFD_REAL,train
E:\DFD\DFD_original sequences\04__secret_conversation.mp4,real,04,DFD_REAL,train
E:\DFD\DFD_original sequences\10__walking_outside_cafe_disgusted.mp4,real,10,DFD_REAL,train
E:\DFD\DFD_original sequences\16__hugging_happy.mp4,real,16,DFD_REAL,train
E:\DFD\DFD_original sequences\17__talking_against_wall.mp4,real,17,DFD_REAL,train
E:\DFD\DFD_original sequences\15__hugging_happy.mp4,real,15,DFD_REAL,val
E:\DFD\DFD_original sequences\19__talking_against_wall.mp4,real,19,DFD_REAL,train
E:\DFD\DFD_original sequences\11__walking_outside_cafe_disgusted.mp4,real,11,DFD_REAL,train
E:\DFD\DFD_original sequences\01__outside_talking_pan_laughing.mp4,real,01,DFD_REAL,train
E:\DFD\DFD_original sequences\27__meeting_serious.mp4,real,27,DFD_REAL,val
E:\DFD\DFD_original sequences\07__walk_down_hall_angry.mp4,real,07,DFD_REAL,train
E:\DFD\DFD_original sequences\16__outside_talking_pan_laughing.mp4,real,16,DFD_REAL,train
E:\DFD\DFD_original sequences\27__walking_outside_cafe_disgusted.mp4,real,27,DFD_REAL,val
E:\DFD\DFD_original sequences\12__kitchen_pan.mp4,real,12,DFD_REAL,train
E:\DFD\DFD_original sequences\12__exit_phone_room.mp4,real,12,DFD_REAL,train
E:\DFD\DFD_original sequences\08__walking_down_street_outside_angry.mp4,real,08,DFD_REAL,train
E:\DFD\DFD_original sequences\19__walking_outside_cafe_disgusted.mp4,real,19,DFD_REAL,train
E:\DFD\DFD_original sequences\13__exit_phone_room.mp4,real,13,DFD_REAL,train
E:\DFD\DFD_original sequences\20__secret_conversation.mp4,real,20,DFD_REAL,val
E:\DFD\DFD_original sequences\08__walk_down_hall_angry.mp4,real,08,DFD_REAL,train
E:\DFD\DFD_original sequences\20__hugging_happy.mp4,real,20,DFD_REAL,val
E:\DFD\DFD_original sequences\04__talking_against_wall.mp4,real,04,DFD_REAL,train
E:\DFD\DFD_original sequences\16__walking_and_outside_surprised.mp4,real,16,DFD_REAL,train
E:\DFD\DFD_original sequences\14__podium_speech_happy.mp4,real,14,DFD_REAL,test
E:\DFD\DFD_original sequences\26__walking_down_street_outside_angry.mp4,real,26,DFD_REAL,train
E:\DFD\DFD_original sequences\02__walking_down_street_outside_angry.mp4,real,02,DFD_REAL,train
E:\DFD\DFD_original sequences\06__podium_speech_happy.mp4,real,06,DFD_REAL,train
E:\DFD\DFD_original sequences\04__podium_speech_happy.mp4,real,04,DFD_REAL,train
E:\DFD\DFD_original sequences\24__talking_angry_couch.mp4,real,24,DFD_REAL,train
E:\DFD\DFD_original sequences\17__outside_talking_pan_laughing.mp4,real,17,DFD_REAL,train
E:\DFD\DFD_original sequences\08__talking_against_wall.mp4,real,08,DFD_REAL,train
E:\DFD\DFD_original sequences\20__kitchen_still.mp4,real,20,DFD_REAL,val
E:\DFD\DFD_original sequences\19__outside_talking_still_laughing.mp4,real,19,DFD_REAL,train
E:\DFD\DFD_original sequences\26__walking_outside_cafe_disgusted.mp4,real,26,DFD_REAL,train
E:\DFD\DFD_original sequences\04__walking_outside_cafe_disgusted.mp4,real,04,DFD_REAL,train
E:\DFD\DFD_original sequences\11__kitchen_pan.mp4,real,11,DFD_REAL,train
E:\DFD\DFD_original sequences\13__walking_down_indoor_hall_disgust.mp4,real,13,DFD_REAL,train
E:\DFD\DFD_original sequences\14__outside_talking_pan_laughing.mp4,real,14,DFD_REAL,test
E:\DFD\DFD_original sequences\27__walking_down_street_outside_angry.mp4,real,27,DFD_REAL,val
E:\DFD\DFD_original sequences\23__exit_phone_room.mp4,real,23,DFD_REAL,train
E:\DFD\DFD_original sequences\03__walking_down_street_outside_angry.mp4,real,03,DFD_REAL,val
E:\DFD\DFD_original sequences\10__talking_angry_couch.mp4,real,10,DFD_REAL,train
E:\DFD\DFD_original sequences\11__podium_speech_happy.mp4,real,11,DFD_REAL,train
E:\DFD\DFD_original sequences\22__podium_speech_happy.mp4,real,22,DFD_REAL,train
E:\DFD\DFD_original sequences\11__talking_angry_couch.mp4,real,11,DFD_REAL,train
E:\DFD\DFD_original sequences\17__podium_speech_happy.mp4,real,17,DFD_REAL,train
E:\DFD\DFD_original sequences\04__walk_down_hall_angry.mp4,real,04,DFD_REAL,train
E:\DFD\DFD_original sequences\14__walking_down_street_outside_angry.mp4,real,14,DFD_REAL,test
E:\DFD\DFD_original sequences\16__talking_against_wall.mp4,real,16,DFD_REAL,train
E:\DFD\DFD_original sequences\18__exit_phone_room.mp4,real,18,DFD_REAL,train
E:\DFD\DFD_original sequences\21__podium_speech_happy.mp4,real,21,DFD_REAL,val
E:\DFD\DFD_original sequences\02__walking_outside_cafe_disgusted.mp4,real,02,DFD_REAL,train
E:\DFD\DFD_original sequences\11__talking_against_wall.mp4,real,11,DFD_REAL,train
E:\DFD\DFD_original sequences\08__kitchen_still.mp4,real,08,DFD_REAL,train
E:\DFD\DFD_original sequences\13__outside_talking_pan_laughing.mp4,real,13,DFD_REAL,train
E:\DFD\DFD_original sequences\02__walking_down_indoor_hall_disgust.mp4,real,02,DFD_REAL,train
E:\DFD\DFD_original sequences\05__outside_talking_still_laughing.mp4,real,05,DFD_REAL,train
E:\DFD\DFD_original sequences\10__walking_down_street_outside_angry.mp4,real,10,DFD_REAL,train
E:\DFD\DFD_original sequences\11__kitchen_still.mp4,real,11,DFD_REAL,train
E:\DFD\DFD_original sequences\06__walking_down_indoor_hall_disgust.mp4,real,06,DFD_REAL,train
E:\DFD\DFD_original sequences\25__exit_phone_room.mp4,real,25,DFD_REAL,train
E:\DFD\DFD_original sequences\03__outside_talking_still_laughing.mp4,real,03,DFD_REAL,val
E:\DFD\DFD_original sequences\03__outside_talking_pan_laughing.mp4,real,03,DFD_REAL,val
E:\DFD\DFD_original sequences\27__exit_phone_room.mp4,real,27,DFD_REAL,val
E:\DFD\DFD_original sequences\12__walking_down_indoor_hall_disgust.mp4,real,12,DFD_REAL,train
E:\DFD\DFD_original sequences\11__secret_conversation.mp4,real,11,DFD_REAL,train
E:\DFD\DFD_original sequences\18__outside_talking_still_laughing.mp4,real,18,DFD_REAL,train
E:\DFD\DFD_original sequences\27__walk_down_hall_angry.mp4,real,27,DFD_REAL,val
E:\DFD\DFD_original sequences\21__outside_talking_still_laughing.mp4,real,21,DFD_REAL,val
E:\DFD\DFD_original sequences\07__kitchen_pan.mp4,real,07,DFD_REAL,train
E:\DFD\DFD_original sequences\16__walk_down_hall_angry.mp4,real,16,DFD_REAL,train
E:\DFD\DFD_original sequences\22__kitchen_still.mp4,real,22,DFD_REAL,train
E:\DFD\DFD_original sequences\15__walking_and_outside_surprised.mp4,real,15,DFD_REAL,val
E:\DFD\DFD_original sequences\20__talking_angry_couch.mp4,real,20,DFD_REAL,val
E:\DFD\DFD_original sequences\08__walking_outside_cafe_disgusted.mp4,real,08,DFD_REAL,train
E:\DFD\DFD_original sequences\18__kitchen_still.mp4,real,18,DFD_REAL,train
E:\DFD\DFD_original sequences\13__walk_down_hall_angry.mp4,real,13,DFD_REAL,train
E:\DFD\DFD_original sequences\12__walking_down_street_outside_angry.mp4,real,12,DFD_REAL,train
E:\DFD\DFD_original sequences\02__talking_against_wall.mp4,real,02,DFD_REAL,train
E:\DFD\DFD_original sequences\22__walking_and_outside_surprised.mp4,real,22,DFD_REAL,train
E:\DFD\DFD_original sequences\27__hugging_happy.mp4,real,27,DFD_REAL,val
E:\DFD\DFD_original sequences\12__kitchen_still.mp4,real,12,DFD_REAL,train
E:\DFD\DFD_original sequences\13__secret_conversation.mp4,real,13,DFD_REAL,train
E:\DFD\DFD_original sequences\25__outside_talking_still_laughing.mp4,real,25,DFD_REAL,train
E:\DFD\DFD_original sequences\04__walking_down_street_outside_angry.mp4,real,04,DFD_REAL,train
E:\DFD\DFD_original sequences\12__walking_outside_cafe_disgusted.mp4,real,12,DFD_REAL,train
E:\DFD\DFD_original sequences\14__kitchen_pan.mp4,real,14,DFD_REAL,test
E:\DFD\DFD_original sequences\28__outside_talking_still_laughing.mp4,real,28,DFD_REAL,train
E:\DFD\DFD_original sequences\03__hugging_happy.mp4,real,03,DFD_REAL,val
E:\DFD\DFD_original sequences\01__walk_down_hall_angry.mp4,real,01,DFD_REAL,train
E:\DFD\DFD_original sequences\23__walking_down_indoor_hall_disgust.mp4,real,23,DFD_REAL,train
E:\DFD\DFD_original sequences\04__kitchen_pan.mp4,real,04,DFD_REAL,train
E:\DFD\DFD_original sequences\05__podium_speech_happy.mp4,real,05,DFD_REAL,train
E:\DFD\DFD_original sequences\26__talking_angry_couch.mp4,real,26,DFD_REAL,train
E:\DFD\DFD_original sequences\02__podium_speech_happy.mp4,real,02,DFD_REAL,train
E:\DFD\DFD_original sequences\23__walking_outside_cafe_disgusted.mp4,real,23,DFD_REAL,train
E:\DFD\DFD_original sequences\01__kitchen_still.mp4,real,01,DFD_REAL,train
E:\DFD\DFD_original sequences\12__walking_and_outside_surprised.mp4,real,12,DFD_REAL,train
E:\DFD\DFD_original sequences\15__outside_talking_pan_laughing.mp4,real,15,DFD_REAL,val
E:\DFD\DFD_original sequences\14__talking_angry_couch.mp4,real,14,DFD_REAL,test
E:\DFD\DFD_original sequences\23__talking_angry_couch.mp4,real,23,DFD_REAL,train
E:\DFD\DFD_original sequences\26__talking_against_wall.mp4,real,26,DFD_REAL,train
E:\DFD\DFD_original sequences\24__outside_talking_pan_laughing.mp4,real,24,DFD_REAL,train
E:\DFD\DFD_original sequences\14__exit_phone_room.mp4,real,14,DFD_REAL,test
E:\DFD\DFD_original sequences\05__talking_against_wall.mp4,real,05,DFD_REAL,train
E:\DFD\DFD_original sequences\03__kitchen_still.mp4,real,03,DFD_REAL,val
E:\DFD\DFD_original sequences\21__walking_and_outside_surprised.mp4,real,21,DFD_REAL,val
E:\DFD\DFD_original sequences\13__kitchen_pan.mp4,real,13,DFD_REAL,train
E:\DFD\DFD_original sequences\20__podium_speech_happy.mp4,real,20,DFD_REAL,val
E:\DFD\DFD_original sequences\26__exit_phone_room.mp4,real,26,DFD_REAL,train
E:\DFD\DFD_original sequences\09__walking_down_street_outside_angry.mp4,real,09,DFD_REAL,train
E:\DFD\DFD_original sequences\03__podium_speech_happy.mp4,real,03,DFD_REAL,val
E:\DFD\DFD_original sequences\12__hugging_happy.mp4,real,12,DFD_REAL,train
E:\DFD\DFD_original sequences\22__exit_phone_room.mp4,real,22,DFD_REAL,train
E:\DFD\DFD_original sequences\07__secret_conversation.mp4,real,07,DFD_REAL,train
E:\DFD\DFD_original sequences\22__walking_outside_cafe_disgusted.mp4,real,22,DFD_REAL,train
E:\DFD\DFD_original sequences\05__exit_phone_room.mp4,real,05,DFD_REAL,train
E:\DFD\DFD_original sequences\20__exit_phone_room.mp4,real,20,DFD_REAL,val
E:\DFD\DFD_original sequences\22__outside_talking_pan_laughing.mp4,real,22,DFD_REAL,train
E:\DFD\DFD_original sequences\21__walk_down_hall_angry.mp4,real,21,DFD_REAL,val
E:\DFD\DFD_original sequences\15__exit_phone_room.mp4,real,15,DFD_REAL,val
E:\DFD\DFD_original sequences\03__meeting_serious.mp4,real,03,DFD_REAL,val
E:\DFD\DFD_original sequences\01__podium_speech_happy.mp4,real,01,DFD_REAL,train
E:\DFD\DFD_original sequences\23__secret_conversation.mp4,real,23,DFD_REAL,train
E:\DFD\DFD_original sequences\16__podium_speech_happy.mp4,real,16,DFD_REAL,train
E:\DFD\DFD_original sequences\07__talking_against_wall.mp4,real,07,DFD_REAL,train
E:\DFD\DFD_original sequences\08__podium_speech_happy.mp4,real,08,DFD_REAL,train
E:\DFD\DFD_original sequences\23__walk_down_hall_angry.mp4,real,23,DFD_REAL,train
E:\DFD\DFD_original sequences\27__outside_talking_still_laughing.mp4,real,27,DFD_REAL,val
E:\DFD\DFD_original sequences\24__exit_phone_room.mp4,real,24,DFD_REAL,train
E:\DFD\DFD_original sequences\19__walking_down_street_outside_angry.mp4,real,19,DFD_REAL,train
E:\DFD\DFD_original sequences\18__walking_outside_cafe_disgusted.mp4,real,18,DFD_REAL,train
E:\DFD\DFD_original sequences\23__hugging_happy.mp4,real,23,DFD_REAL,train
E:\DFD\DFD_original sequences\17__walking_down_indoor_hall_disgust.mp4,real,17,DFD_REAL,train
E:\DFD\DFD_original sequences\07__outside_talking_pan_laughing.mp4,real,07,DFD_REAL,train
E:\DFD\DFD_original sequences\25__walking_outside_cafe_disgusted.mp4,real,25,DFD_REAL,train
E:\DFD\DFD_original sequences\26__secret_conversation.mp4,real,26,DFD_REAL,train
E:\DFD\DFD_original sequences\09__kitchen_pan.mp4,real,09,DFD_REAL,train
E:\DFD\DFD_original sequences\24__kitchen_still.mp4,real,24,DFD_REAL,train
E:\DFD\DFD_original sequences\24__secret_conversation.mp4,real,24,DFD_REAL,train
E:\DFD\DFD_original sequences\06__talking_against_wall.mp4,real,06,DFD_REAL,train
E:\DFD\DFD_original sequences\19__talking_angry_couch.mp4,real,19,DFD_REAL,train
E:\DFD\DFD_original sequences\06__walking_outside_cafe_disgusted.mp4,real,06,DFD_REAL,train
E:\DFD\DFD_original sequences\14__kitchen_still.mp4,real,14,DFD_REAL,test
E:\DFD\DFD_original sequences\23__walking_down_street_outside_angry.mp4,real,23,DFD_REAL,train
E:\DFD\DFD_original sequences\26__podium_speech_happy.mp4,real,26,DFD_REAL,train
E:\DFD\DFD_original sequences\18__outside_talking_pan_laughing.mp4,real,18,DFD_REAL,train
E:\DFD\DFD_original sequences\16__walking_outside_cafe_disgusted.mp4,real,16,DFD_REAL,train
E:\DFD\DFD_original sequences\17__walking_and_outside_surprised.mp4,real,17,DFD_REAL,train
E:\DFD\DFD_original sequences\22__walking_down_indoor_hall_disgust.mp4,real,22,DFD_REAL,train
E:\DFD\DFD_original sequences\23__outside_talking_pan_laughing.mp4,real,23,DFD_REAL,train
E:\DFD\DFD_original sequences\02__meeting_serious.mp4,real,02,DFD_REAL,train
E:\DFD\DFD_original sequences\09__exit_phone_room.mp4,real,09,DFD_REAL,train
E:\DFD\DFD_original sequences\02__outside_talking_pan_laughing.mp4,real,02,DFD_REAL,train
E:\DFD\DFD_original sequences\05__walking_down_street_outside_angry.mp4,real,05,DFD_REAL,train
E:\DFD\DFD_original sequences\11__outside_talking_still_laughing.mp4,real,11,DFD_REAL,train
E:\DFD\DFD_original sequences\19__outside_talking_pan_laughing.mp4,real,19,DFD_REAL,train
E:\DFD\DFD_original sequences\14__walking_down_indoor_hall_disgust.mp4,real,14,DFD_REAL,test
E:\DFD\DFD_original sequences\14__secret_conversation.mp4,real,14,DFD_REAL,test
E:\DFD\DFD_original sequences\10__walk_down_hall_angry.mp4,real,10,DFD_REAL,train
E:\DFD\DFD_original sequences\03__walk_down_hall_angry.mp4,real,03,DFD_REAL,val
E:\DFD\DFD_original sequences\18__talking_against_wall.mp4,real,18,DFD_REAL,train
E:\DFD\DFD_original sequences\08__exit_phone_room.mp4,real,08,DFD_REAL,train
E:\DFD\DFD_original sequences\09__podium_speech_happy.mp4,real,09,DFD_REAL,train
E:\DFD\DFD_original sequences\27__podium_speech_happy.mp4,real,27,DFD_REAL,val
E:\DFD\DFD_original sequences\09__outside_talking_still_laughing.mp4,real,09,DFD_REAL,train
E:\DFD\DFD_original sequences\07__talking_angry_couch.mp4,real,07,DFD_REAL,train
E:\DFD\DFD_original sequences\02__walk_down_hall_angry.mp4,real,02,DFD_REAL,train
E:\DFD\DFD_original sequences\05__walking_outside_cafe_disgusted.mp4,real,05,DFD_REAL,train
E:\DFD\DFD_original sequences\06__walk_down_hall_angry.mp4,real,06,DFD_REAL,train
E:\DFD\DFD_original sequences\13__walking_down_street_outside_angry.mp4,real,13,DFD_REAL,train
E:\DFD\DFD_original sequences\01__walking_down_indoor_hall_disgust.mp4,real,01,DFD_REAL,train
E:\DFD\DFD_original sequences\20__kitchen_pan.mp4,real,20,DFD_REAL,val
E:\DFD\DFD_original sequences\21__walking_down_indoor_hall_disgust.mp4,real,21,DFD_REAL,val
E:\DFD\DFD_original sequences\04__exit_phone_room.mp4,real,04,DFD_REAL,train
E:\DFD\DFD_original sequences\13__walking_and_outside_surprised.mp4,real,13,DFD_REAL,train
E:\DFD\DFD_original sequences\15__talking_against_wall.mp4,real,15,DFD_REAL,val
E:\DFD\DFD_original sequences\21__outside_talking_pan_laughing.mp4,real,21,DFD_REAL,val
E:\DFD\DFD_original sequences\20__outside_talking_still_laughing.mp4,real,20,DFD_REAL,val
E:\DFD\DFD_original sequences\22__walking_down_street_outside_angry.mp4,real,22,DFD_REAL,train
E:\DFD\DFD_original sequences\18__walking_down_street_outside_angry.mp4,real,18,DFD_REAL,train
E:\DFD\DFD_original sequences\08__outside_talking_pan_laughing.mp4,real,08,DFD_REAL,train
E:\DFD\DFD_original sequences\23__outside_talking_still_laughing.mp4,real,23,DFD_REAL,train
E:\DFD\DFD_original sequences\06__talking_angry_couch.mp4,real,06,DFD_REAL,train
E:\DFD\DFD_original sequences\06__walking_and_outside_surprised.mp4,real,06,DFD_REAL,train
E:\DFD\DFD_original sequences\20__walking_outside_cafe_disgusted.mp4,real,20,DFD_REAL,val
E:\DFD\DFD_original sequences\17__exit_phone_room.mp4,real,17,DFD_REAL,train
E:\DFD\DFD_original sequences\25__outside_talking_pan_laughing.mp4,real,25,DFD_REAL,train
E:\DFD\DFD_original sequences\23__kitchen_pan.mp4,real,23,DFD_REAL,train
E:\DFD\DFD_original sequences\04__outside_talking_pan_laughing.mp4,real,04,DFD_REAL,train
E:\DFD\DFD_original sequences\26__kitchen_pan.mp4,real,26,DFD_REAL,train
E:\DFD\DFD_original sequences\23__podium_speech_happy.mp4,real,23,DFD_REAL,train
E:\DFD\DFD_original sequences\10__exit_phone_room.mp4,real,10,DFD_REAL,train
E:\DFD\DFD_original sequences\22__kitchen_pan.mp4,real,22,DFD_REAL,train
E:\DFD\DFD_original sequences\14__walking_outside_cafe_disgusted.mp4,real,14,DFD_REAL,test
E:\DFD\DFD_original sequences\02__exit_phone_room.mp4,real,02,DFD_REAL,train
E:\DFD\DFD_original sequences\19__exit_phone_room.mp4,real,19,DFD_REAL,train
E:\DFD\DFD_original sequences\16__walking_down_indoor_hall_disgust.mp4,real,16,DFD_REAL,train
E:\DFD\DFD_original sequences\25__walk_down_hall_angry.mp4,real,25,DFD_REAL,train
E:\DFD\DFD_original sequences\13__podium_speech_happy.mp4,real,13,DFD_REAL,train
E:\DFD\DFD_original sequences\22__secret_conversation.mp4,real,22,DFD_REAL,train
E:\DFD\DFD_original sequences\25__talking_against_wall.mp4,real,25,DFD_REAL,train
E:\DFD\DFD_original sequences\10__kitchen_pan.mp4,real,10,DFD_REAL,train
E:\DFD\DFD_original sequences\14__outside_talking_still_laughing.mp4,real,14,DFD_REAL,test
E:\DFD\DFD_original sequences\20__walking_down_indoor_hall_disgust.mp4,real,20,DFD_REAL,val
E:\DFD\DFD_original sequences\25__podium_speech_happy.mp4,real,25,DFD_REAL,train
E:\DFD\DFD_original sequences\03__walking_down_indoor_hall_disgust.mp4,real,03,DFD_REAL,val
E:\DFD\DFD_original sequences\13__talking_angry_couch.mp4,real,13,DFD_REAL,train
E:\DFD\DFD_original sequences\16__walking_down_street_outside_angry.mp4,real,16,DFD_REAL,train
E:\DFD\DFD_original sequences\07__hugging_happy.mp4,real,07,DFD_REAL,train
E:\DFD\DFD_original sequences\26__outside_talking_still_laughing.mp4,real,26,DFD_REAL,train
E:\DFD\DFD_original sequences\07__outside_talking_still_laughing.mp4,real,07,DFD_REAL,train
E:\DFD\DFD_original sequences\01__walking_and_outside_surprised.mp4,real,01,DFD_REAL,train
E:\DFD\DFD_original sequences\26__kitchen_still.mp4,real,26,DFD_REAL,train
E:\DFD\DFD_original sequences\07__exit_phone_room.mp4,real,07,DFD_REAL,train
E:\DFD\DFD_original sequences\15__talking_angry_couch.mp4,real,15,DFD_REAL,val
E:\DFD\DFD_original sequences\28__outside_talking_pan_laughing.mp4,real,28,DFD_REAL,train
E:\DFD\DFD_original sequences\12__talking_against_wall.mp4,real,12,DFD_REAL,train
E:\DFD\DFD_original sequences\24__walking_down_street_outside_angry.mp4,real,24,DFD_REAL,train
E:\DFD\DFD_original sequences\27__kitchen_still.mp4,real,27,DFD_REAL,val
E:\DFD\DFD_original sequences\13__outside_talking_still_laughing.mp4,real,13,DFD_REAL,train
E:\DFD\DFD_original sequences\13__walking_outside_cafe_disgusted.mp4,real,13,DFD_REAL,train
E:\DFD\DFD_original sequences\15__kitchen_pan.mp4,real,15,DFD_REAL,val
E:\DFD\DFD_original sequences\05__hugging_happy.mp4,real,05,DFD_REAL,train
E:\DFD\DFD_original sequences\07__kitchen_still.mp4,real,07,DFD_REAL,train
E:\DFD\DFD_original sequences\02__hugging_happy.mp4,real,02,DFD_REAL,train
E:\DFD\DFD_original sequences\16__kitchen_pan.mp4,real,16,DFD_REAL,train
E:\DFD\DFD_original sequences\07__podium_speech_happy.mp4,real,07,DFD_REAL,train
E:\DFD\DFD_original sequences\01__meeting_serious.mp4,real,01,DFD_REAL,train
E:\DFD\DFD_original sequences\24__talking_against_wall.mp4,real,24,DFD_REAL,train
E:\DFD\DFD_original sequences\05__outside_talking_pan_laughing.mp4,real,05,DFD_REAL,train
E:\DFD\DFD_original sequences\21__kitchen_still.mp4,real,21,DFD_REAL,val
E:\DFD\DFD_original sequences\20__outside_talking_pan_laughing.mp4,real,20,DFD_REAL,val
E:\DFD\DFD_original sequences\15__walk_down_hall_angry.mp4,real,15,DFD_REAL,val
E:\DFD\DFD_original sequences\02__outside_talking_still_laughing.mp4,real,02,DFD_REAL,train
E:\DFD\DFD_original sequences\23__walking_and_outside_surprised.mp4,real,23,DFD_REAL,train
E:\DFD\DFD_original sequences\16__exit_phone_room.mp4,real,16,DFD_REAL,train
E:\DFD\DFD_original sequences\01__talking_angry_couch.mp4,real,01,DFD_REAL,train
E:\DFD\DFD_original sequences\20__walk_down_hall_angry.mp4,real,20,DFD_REAL,val
E:\DFD\DFD_original sequences\20__walking_down_street_outside_angry.mp4,real,20,DFD_REAL,val
E:\DFD\DFD_original sequences\03__kitchen_pan.mp4,real,03,DFD_REAL,val
E:\DFD\DFD_original sequences\14__walk_down_hall_angry.mp4,real,14,DFD_REAL,test
E:\DFD\DFD_original sequences\03__walking_and_outside_surprised.mp4,real,03,DFD_REAL,val
E:\DFD\DFD_original sequences\07__walking_down_street_outside_angry.mp4,real,07,DFD_REAL,train
E:\DFD\DFD_original sequences\17__kitchen_pan.mp4,real,17,DFD_REAL,train
E:\DFD\DFD_original sequences\28__walking_down_street_outside_angry.mp4,real,28,DFD_REAL,train
E:\DFD\DFD_original sequences\14__walking_and_outside_surprised.mp4,real,14,DFD_REAL,test
E:\DFD\DFD_original sequences\01__exit_phone_room.mp4,real,01,DFD_REAL,train
E:\DFD\DFD_original sequences\17__talking_angry_couch.mp4,real,17,DFD_REAL,train
E:\DFD\DFD_original sequences\12__talking_angry_couch.mp4,real,12,DFD_REAL,train
E:\DFD\DFD_original sequences\06__kitchen_pan.mp4,real,06,DFD_REAL,train
E:\DFD\DFD_original sequences\10__talking_against_wall.mp4,real,10,DFD_REAL,train
E:\DFD\DFD_original sequences\21__hugging_happy.mp4,real,21,DFD_REAL,val
E:\DFD\DFD_original sequences\01__secret_conversation.mp4,real,01,DFD_REAL,train
E:\DFD\DFD_original sequences\21__walking_outside_cafe_disgusted.mp4,real,21,DFD_REAL,val
E:\DFD\DFD_original sequences\20__talking_against_wall.mp4,real,20,DFD_REAL,val
E:\DFD\DFD_original sequences\22__walk_down_hall_angry.mp4,real,22,DFD_REAL,train
E:\DFD\DFD_original sequences\03__exit_phone_room.mp4,real,03,DFD_REAL,val
E:\DFD\DFD_original sequences\18__walk_down_hall_angry.mp4,real,18,DFD_REAL,train
E:\DFD\DFD_original sequences\27__talking_angry_couch.mp4,real,27,DFD_REAL,val
E:\DFD\DFD_original sequences\28__talking_angry_couch.mp4,real,28,DFD_REAL,train
E:\DFD\DFD_original sequences\02__secret_conversation.mp4,real,02,DFD_REAL,train
E:\DFD\DFD_original sequences\05__kitchen_pan.mp4,real,05,DFD_REAL,train
E:\DFD\DFD_original sequences\12__walk_down_hall_angry.mp4,real,12,DFD_REAL,train
E:\DFD\DFD_original sequences\10__outside_talking_still_laughing.mp4,real,10,DFD_REAL,train
E:\DFD\DFD_original sequences\12__secret_conversation.mp4,real,12,DFD_REAL,train
E:\DFD\DFD_original sequences\04__talking_angry_couch.mp4,real,04,DFD_REAL,train
E:\DFD\DFD_original sequences\17__outside_talking_still_laughing.mp4,real,17,DFD_REAL,train
E:\DFD\DFD_original sequences\28__kitchen_still.mp4,real,28,DFD_REAL,train
E:\DFD\DFD_original sequences\22__outside_talking_still_laughing.mp4,real,22,DFD_REAL,train
E:\DFD\DFD_original sequences\06__outside_talking_still_laughing.mp4,real,06,DFD_REAL,train
E:\DFD\DFD_original sequences\09__outside_talking_pan_laughing.mp4,real,09,DFD_REAL,train
E:\DFD\DFD_original sequences\11__outside_talking_pan_laughing.mp4,real,11,DFD_REAL,train
E:\DFD\DFD_original sequences\01__talking_against_wall.mp4,real,01,DFD_REAL,train
E:\DFD\DFD_original sequences\03__secret_conversation.mp4,real,03,DFD_REAL,val
E:\DFD\DFD_original sequences\01__kitchen_pan.mp4,real,01,DFD_REAL,train
E:\DFD\DFD_original sequences\28__walk_down_hall_angry.mp4,real,28,DFD_REAL,train
E:\DFD\DFD_original sequences\28__podium_speech_happy.mp4,real,28,DFD_REAL,train
E:\source_videos_part_01\source_videos\M015\light_leftup\neutral\camera_leftfront\M015_light_leftup_neutral_camera_leftfront.mp4,real,M015,DF_SOURCE_01,test
E:\source_videos_part_01\source_videos\M018\light_uniform\sad\camera_leftfront\M018_light_uniform_sad_camera_leftfront.mp4,real,M018,DF_SOURCE_01,test
E:\source_videos_part_01\source_videos\M021\light_leftdown\disgust\camera_leftfront\M021_light_leftdown_disgust_camera_leftfront.mp4,real,M021,DF_SOURCE_01,train
E:\source_videos_part_01\source_videos\M019\light_rightdown\surprise\camera_right\M019_light_rightdown_surprise_camera_right.mp4,real,M019,DF_SOURCE_01,train
E:\source_videos_part_01\source_videos\M015\light_right\happy\camera_leftfront\M015_light_right_happy_camera_leftfront.mp4,real,M015,DF_SOURCE_01,test
E:\source_videos_part_01\source_videos\M021\light_rightup\surprise\camera_up\M021_light_rightup_surprise_camera_up.mp4,real,M021,DF_SOURCE_01,train
E:\source_videos_part_01\source_videos\M011\light_leftup\neutral\camera_front\M011_light_leftup_neutral_camera_front.mp4,real,M011,DF_SOURCE_01,train
E:\source_videos_part_01\source_videos\M022\light_up\surprise\camera_rightfront\M022_light_up_surprise_camera_rightfront.mp4,real,M022,DF_SOURCE_01,test
E:\source_videos_part_01\source_videos\M014\light_rightup\disgust\camera_front\M014_light_rightup_disgust_camera_front.mp4,real,M014,DF_SOURCE_01,test
E:\source_videos_part_01\source_videos\M018\light_right\happy\camera_front\M018_light_right_happy_camera_front.mp4,real,M018,DF_SOURCE_01,test
E:\source_videos_part_01\source_videos\M013\light_rightdown\surprise\camera_down\M013_light_rightdown_surprise_camera_down.mp4,real,M013,DF_SOURCE_01,test
E:\source_videos_part_01\source_videos\M013\light_leftdown\angry\camera_right\M013_light_leftdown_angry_camera_right.mp4,real,M013,DF_SOURCE_01,test
E:\source_videos_part_01\source_videos\M013\light_up\angry\camera_right\M013_light_up_angry_camera_right.mp4,real,M013,DF_SOURCE_01,test
E:\source_videos_part_01\source_videos\M021\light_rightup\fear\camera_left\M021_light_rightup_fear_camera_left.mp4,real,M021,DF_SOURCE_01,train
E:\source_videos_part_01\source_videos\M014\light_down\fear\camera_left\M014_light_down_fear_camera_left.mp4,real,M014,DF_SOURCE_01,test
E:\source_videos_part_01\source_videos\M011\light_rightdown\contempt\camera_right\M011_light_rightdown_contempt_camera_right.mp4,real,M011,DF_SOURCE_01,train
E:\source_videos_part_01\source_videos\M013\light_up\contempt\camera_up\M013_light_up_contempt_camera_up.mp4,real,M013,DF_SOURCE_01,test
E:\source_videos_part_01\source_videos\M018\light_rightup\sad\camera_rightfront\M018_light_rightup_sad_camera_rightfront.mp4,real,M018,DF_SOURCE_01,test
E:\source_videos_part_01\source_videos\M016\light_rightup\neutral\camera_leftfront\M016_light_rightup_neutral_camera_leftfront.mp4,real,M016,DF_SOURCE_01,train
E:\source_videos_part_01\source_videos\M012\light_uniform\angry\camera_left\M012_light_uniform_angry_camera_left.mp4,real,M012,DF_SOURCE_01,train
E:\source_videos_part_01\source_videos\M021\light_rightup\fear\camera_right\M021_light_rightup_fear_camera_right.mp4,real,M021,DF_SOURCE_01,train
E:\source_videos_part_01\source_videos\M014\light_leftup\disgust\camera_right\M014_light_leftup_disgust_camera_right.mp4,real,M014,DF_SOURCE_01,test
E:\source_videos_part_01\source_videos\M018\light_down\neutral\camera_right\M018_light_down_neutral_camera_right.mp4,real,M018,DF_SOURCE_01,test
E:\source_videos_part_01\source_videos\M019\light_right\angry\camera_front\M019_light_right_angry_camera_front.mp4,real,M019,DF_SOURCE_01,train
E:\source_videos_part_01\source_videos\M013\light_rightup\happy\camera_leftfront\M013_light_rightup_happy_camera_leftfront.mp4,real,M013,DF_SOURCE_01,test
E:\source_videos_part_01\source_videos\M018\light_leftup\sad\camera_up\M018_light_leftup_sad_camera_up.mp4,real,M018,DF_SOURCE_01,test
E:\source_videos_part_01\source_videos\M012\light_up\neutral\camera_up\M012_light_up_neutral_camera_up.mp4,real,M012,DF_SOURCE_01,train
E:\source_videos_part_01\source_videos\M012\light_left\neutral\camera_front\M012_light_left_neutral_camera_front.mp4,real,M012,DF_SOURCE_01,train
E:\source_videos_part_01\source_videos\M022\light_rightup\disgust\camera_left\M022_light_rightup_disgust_camera_left.mp4,real,M022,DF_SOURCE_01,test
E:\source_videos_part_01\source_videos\M011\light_leftup\surprise\camera_up\M011_light_leftup_surprise_camera_up.mp4,real,M011,DF_SOURCE_01,train
E:\source_videos_part_01\source_videos\M019\light_leftdown\disgust\camera_down\M019_light_leftdown_disgust_camera_down.mp4,real,M019,DF_SOURCE_01,train
E:\source_videos_part_01\source_videos\M021\light_rightup\sad\camera_leftfront\M021_light_rightup_sad_camera_leftfront.mp4,real,M021,DF_SOURCE_01,train
E:\source_videos_part_01\source_videos\M011\light_rightdown\surprise\camera_up\M011_light_rightdown_surprise_camera_up.mp4,real,M011,DF_SOURCE_01,train
E:\source_videos_part_01\source_videos\M016\light_rightdown\sad\camera_down\M016_light_rightdown_sad_camera_down.mp4,real,M016,DF_SOURCE_01,train
E:\source_videos_part_01\source_videos\M018\light_leftdown\surprise\camera_right\M018_light_leftdown_surprise_camera_right.mp4,real,M018,DF_SOURCE_01,test
E:\source_videos_part_01\source_videos\M019\light_up\angry\camera_leftfront\M019_light_up_angry_camera_leftfront.mp4,real,M019,DF_SOURCE_01,train
E:\source_videos_part_01\source_videos\M013\light_leftdown\sad\camera_up\M013_light_leftdown_sad_camera_up.mp4,real,M013,DF_SOURCE_01,test
E:\source_videos_part_01\source_videos\M022\light_up\neutral\camera_right\M022_light_up_neutral_camera_right.mp4,real,M022,DF_SOURCE_01,test
E:\source_videos_part_01\source_videos\M019\light_left\neutral\camera_leftfront\M019_light_left_neutral_camera_leftfront.mp4,real,M019,DF_SOURCE_01,train
E:\source_videos_part_01\source_videos\M019\light_leftup\fear\camera_down\M019_light_leftup_fear_camera_down.mp4,real,M019,DF_SOURCE_01,train
E:\source_videos_part_01\source_videos\M012\light_uniform\contempt\camera_leftfront\M012_light_uniform_contempt_camera_leftfront.mp4,real,M012,DF_SOURCE_01,train
E:\source_videos_part_01\source_videos\M021\light_rightup\contempt\camera_leftfront\M021_light_rightup_contempt_camera_leftfront.mp4,real,M021,DF_SOURCE_01,train
E:\source_videos_part_01\source_videos\M019\light_leftdown\angry\camera_leftfront\M019_light_leftdown_angry_camera_leftfront.mp4,real,M019,DF_SOURCE_01,train
E:\source_videos_part_01\source_videos\M016\light_right\disgust\camera_front\M016_light_right_disgust_camera_front.mp4,real,M016,DF_SOURCE_01,train
E:\source_videos_part_01\source_videos\M013\light_rightdown\sad\camera_down\M013_light_rightdown_sad_camera_down.mp4,real,M013,DF_SOURCE_01,test
E:\source_videos_part_01\source_videos\M019\light_left\fear\camera_rightfront\M019_light_left_fear_camera_rightfront.mp4,real,M019,DF_SOURCE_01,train
E:\source_videos_part_01\source_videos\M013\light_leftup\fear\camera_down\M013_light_leftup_fear_camera_down.mp4,real,M013,DF_SOURCE_01,test
E:\source_videos_part_01\source_videos\M021\light_uniform\fear\camera_leftfront\M021_light_uniform_fear_camera_leftfront.mp4,real,M021,DF_SOURCE_01,train
E:\source_videos_part_01\source_videos\M019\light_leftdown\happy\camera_front\M019_light_leftdown_happy_camera_front.mp4,real,M019,DF_SOURCE_01,train
E:\source_videos_part_01\source_videos\M014\light_up\disgust\camera_rightfront\M014_light_up_disgust_camera_rightfront.mp4,real,M014,DF_SOURCE_01,test
E:\source_videos_part_01\source_videos\M021\light_uniform\sad\camera_left\M021_light_uniform_sad_camera_left.mp4,real,M021,DF_SOURCE_01,train
E:\source_videos_part_01\source_videos\M013\light_right\happy\camera_leftfront\M013_light_right_happy_camera_leftfront.mp4,real,M013,DF_SOURCE_01,test
E:\source_videos_part_01\source_videos\M018\light_uniform\fear\camera_up\M018_light_uniform_fear_camera_up.mp4,real,M018,DF_SOURCE_01,test
E:\source_videos_part_01\source_videos\M015\light_leftup\contempt\camera_down\M015_light_leftup_contempt_camera_down.mp4,real,M015,DF_SOURCE_01,test
E:\source_videos_part_01\source_videos\M013\light_leftdown\angry\camera_leftfront\M013_light_leftdown_angry_camera_leftfront.mp4,real,M013,DF_SOURCE_01,test
E:\source_videos_part_01\source_videos\M013\light_up\happy\camera_rightfront\M013_light_up_happy_camera_rightfront.mp4,real,M013,DF_SOURCE_01,test
E:\source_videos_part_01\source_videos\M013\light_leftup\contempt\camera_down\M013_light_leftup_contempt_camera_down.mp4,real,M013,DF_SOURCE_01,test
E:\source_videos_part_01\source_videos\M012\light_up\sad\camera_front\M012_light_up_sad_camera_front.mp4,real,M012,DF_SOURCE_01,train
E:\source_videos_part_01\source_videos\M016\light_leftup\fear\camera_left\M016_light_leftup_fear_camera_left.mp4,real,M016,DF_SOURCE_01,train
E:\source_videos_part_01\source_videos\M016\light_rightup\surprise\camera_down\M016_light_rightup_surprise_camera_down.mp4,real,M016,DF_SOURCE_01,train
E:\source_videos_part_01\source_videos\M018\light_leftdown\sad\camera_up\M018_light_leftdown_sad_camera_up.mp4,real,M018,DF_SOURCE_01,test
E:\source_videos_part_01\source_videos\M021\light_up\contempt\camera_leftfront\M021_light_up_contempt_camera_leftfront.mp4,real,M021,DF_SOURCE_01,train
E:\source_videos_part_01\source_videos\M015\light_down\surprise\camera_left\M015_light_down_surprise_camera_left.mp4,real,M015,DF_SOURCE_01,test
E:\source_videos_part_01\source_videos\M012\light_left\fear\camera_front\M012_light_left_fear_camera_front.mp4,real,M012,DF_SOURCE_01,train
E:\source_videos_part_01\source_videos\M013\light_left\surprise\camera_down\M013_light_left_surprise_camera_down.mp4,real,M013,DF_SOURCE_01,test
E:\source_videos_part_01\source_videos\M013\light_leftdown\angry\camera_down\M013_light_leftdown_angry_camera_down.mp4,real,M013,DF_SOURCE_01,test
E:\source_videos_part_01\source_videos\M018\light_leftdown\fear\camera_up\M018_light_leftdown_fear_camera_up.mp4,real,M018,DF_SOURCE_01,test
E:\source_videos_part_01\source_videos\M019\light_right\happy\camera_right\M019_light_right_happy_camera_right.mp4,real,M019,DF_SOURCE_01,train
E:\source_videos_part_01\source_videos\M019\light_left\contempt\camera_left\M019_light_left_contempt_camera_left.mp4,real,M019,DF_SOURCE_01,train
E:\source_videos_part_01\source_videos\M021\light_up\contempt\camera_left\M021_light_up_contempt_camera_left.mp4,real,M021,DF_SOURCE_01,train
E:\source_videos_part_01\source_videos\M019\light_rightup\angry\camera_leftfront\M019_light_rightup_angry_camera_leftfront.mp4,real,M019,DF_SOURCE_01,train
E:\source_videos_part_01\source_videos\M011\light_leftup\neutral\camera_right\M011_light_leftup_neutral_camera_right.mp4,real,M011,DF_SOURCE_01,train
E:\source_videos_part_01\source_videos\M016\light_right\surprise\camera_down\M016_light_right_surprise_camera_down.mp4,real,M016,DF_SOURCE_01,train
E:\source_videos_part_01\source_videos\M015\light_rightup\sad\camera_down\M015_light_rightup_sad_camera_down.mp4,real,M015,DF_SOURCE_01,test
E:\source_videos_part_01\source_videos\M015\light_uniform\contempt\camera_left\M015_light_uniform_contempt_camera_left.mp4,real,M015,DF_SOURCE_01,test
E:\source_videos_part_01\source_videos\M013\light_up\neutral\camera_rightfront\M013_light_up_neutral_camera_rightfront.mp4,real,M013,DF_SOURCE_01,test
E:\source_videos_part_01\source_videos\M022\light_left\disgust\camera_leftfront\M022_light_left_disgust_camera_leftfront.mp4,real,M022,DF_SOURCE_01,test
E:\source_videos_part_01\source_videos\M014\light_leftdown\fear\camera_rightfront\M014_light_leftdown_fear_camera_rightfront.mp4,real,M014,DF_SOURCE_01,test
E:\source_videos_part_01\source_videos\M014\light_up\disgust\camera_leftfront\M014_light_up_disgust_camera_leftfront.mp4,real,M014,DF_SOURCE_01,test
E:\source_videos_part_01\source_videos\M015\light_rightdown\happy\camera_front\M015_light_rightdown_happy_camera_front.mp4,real,M015,DF_SOURCE_01,test
E:\source_videos_part_01\source_videos\M016\light_rightup\sad\camera_down\M016_light_rightup_sad_camera_down.mp4,real,M016,DF_SOURCE_01,train
E:\source_videos_part_01\source_videos\M013\light_rightdown\happy\camera_down\M013_light_rightdown_happy_camera_down.mp4,real,M013,DF_SOURCE_01,test
E:\source_videos_part_01\source_videos\M011\light_rightdown\contempt\camera_leftfront\M011_light_rightdown_contempt_camera_leftfront.mp4,real,M011,DF_SOURCE_01,train
E:\source_videos_part_01\source_videos\M016\light_left\angry\camera_rightfront\M016_light_left_angry_camera_rightfront.mp4,real,M016,DF_SOURCE_01,train
E:\source_videos_part_01\source_videos\M018\light_left\happy\camera_front\M018_light_left_happy_camera_front.mp4,real,M018,DF_SOURCE_01,test
E:\source_videos_part_01\source_videos\M016\light_down\surprise\camera_left\M016_light_down_surprise_camera_left.mp4,real,M016,DF_SOURCE_01,train
E:\source_videos_part_01\source_videos\M018\light_right\angry\camera_left\M018_light_right_angry_camera_left.mp4,real,M018,DF_SOURCE_01,test
E:\source_videos_part_01\source_videos\M014\light_left\fear\camera_leftfront\M014_light_left_fear_camera_leftfront.mp4,real,M014,DF_SOURCE_01,test
E:\source_videos_part_01\source_videos\M013\light_down\surprise\camera_left\M013_light_down_surprise_camera_left.mp4,real,M013,DF_SOURCE_01,test
E:\source_videos_part_01\source_videos\M011\light_rightdown\disgust\camera_front\M011_light_rightdown_disgust_camera_front.mp4,real,M011,DF_SOURCE_01,train
E:\source_videos_part_01\source_videos\M013\light_uniform\sad\camera_up\M013_light_uniform_sad_camera_up.mp4,real,M013,DF_SOURCE_01,test
E:\source_videos_part_01\source_videos\M014\light_leftdown\angry\camera_down\M014_light_leftdown_angry_camera_down.mp4,real,M014,DF_SOURCE_01,test
E:\source_videos_part_01\source_videos\M013\light_left\happy\camera_front\M013_light_left_happy_camera_front.mp4,real,M013,DF_SOURCE_01,test
E:\source_videos_part_01\source_videos\M011\light_rightdown\happy\camera_front\M011_light_rightdown_happy_camera_front.mp4,real,M011,DF_SOURCE_01,train
E:\source_videos_part_01\source_videos\M013\light_rightup\happy\camera_up\M013_light_rightup_happy_camera_up.mp4,real,M013,DF_SOURCE_01,test
E:\source_videos_part_01\source_videos\M022\light_down\neutral\camera_up\M022_light_down_neutral_camera_up.mp4,real,M022,DF_SOURCE_01,test
E:\source_videos_part_01\source_videos\M014\light_down\angry\camera_up\M014_light_down_angry_camera_up.mp4,real,M014,DF_SOURCE_01,test
E:\source_videos_part_01\source_videos\M019\light_up\disgust\camera_leftfront\M019_light_up_disgust_camera_leftfront.mp4,real,M019,DF_SOURCE_01,train
E:\source_videos_part_01\source_videos\M015\light_left\disgust\camera_right\M015_light_left_disgust_camera_right.mp4,real,M015,DF_SOURCE_01,test
E:\source_videos_part_01\source_videos\M012\light_left\sad\camera_up\M012_light_left_sad_camera_up.mp4,real,M012,DF_SOURCE_01,train
E:\source_videos_part_01\source_videos\M012\light_rightdown\disgust\camera_up\M012_light_rightdown_disgust_camera_up.mp4,real,M012,DF_SOURCE_01,train
E:\source_videos_part_01\source_videos\M012\light_leftup\disgust\camera_left\M012_light_leftup_disgust_camera_left.mp4,real,M012,DF_SOURCE_01,train
E:\source_videos_part_01\source_videos\M016\light_rightup\happy\camera_left\M016_light_rightup_happy_camera_left.mp4,real,M016,DF_SOURCE_01,train
E:\source_videos_part_01\source_videos\M013\light_leftdown\fear\camera_rightfront\M013_light_leftdown_fear_camera_rightfront.mp4,real,M013,DF_SOURCE_01,test
E:\source_videos_part_01\source_videos\M013\light_left\neutral\camera_leftfront\M013_light_left_neutral_camera_leftfront.mp4,real,M013,DF_SOURCE_01,test
E:\source_videos_part_01\source_videos\M016\light_leftdown\sad\camera_rightfront\M016_light_leftdown_sad_camera_rightfront.mp4,real,M016,DF_SOURCE_01,train
E:\source_videos_part_01\source_videos\M016\light_rightdown\disgust\camera_right\M016_light_rightdown_disgust_camera_right.mp4,real,M016,DF_SOURCE_01,train
E:\source_videos_part_01\source_videos\M021\light_right\happy\camera_left\M021_light_right_happy_camera_left.mp4,real,M021,DF_SOURCE_01,train
E:\source_videos_part_01\source_videos\M021\BlendShape\camera_leftfront\M021_BlendShape_camera_leftfront.mp4,real,M021,DF_SOURCE_01,train
E:\source_videos_part_01\source_videos\M011\BlendShape\camera_left\M011_BlendShape_camera_left.mp4,real,M011,DF_SOURCE_01,train
E:\source_videos_part_01\source_videos\M018\light_rightup\neutral\camera_front\M018_light_rightup_neutral_camera_front.mp4,real,M018,DF_SOURCE_01,test
E:\source_videos_part_01\source_videos\M019\light_rightdown\surprise\camera_up\M019_light_rightdown_surprise_camera_up.mp4,real,M019,DF_SOURCE_01,train
E:\source_videos_part_01\source_videos\M012\light_down\neutral\camera_front\M012_light_down_neutral_camera_front.mp4,real,M012,DF_SOURCE_01,train
E:\source_videos_part_01\source_videos\M022\light_rightup\surprise\camera_up\M022_light_rightup_surprise_camera_up.mp4,real,M022,DF_SOURCE_01,test
E:\source_videos_part_01\source_videos\M019\light_rightup\angry\camera_up\M019_light_rightup_angry_camera_up.mp4,real,M019,DF_SOURCE_01,train
E:\source_videos_part_01\source_videos\M016\light_up\angry\camera_rightfront\M016_light_up_angry_camera_rightfront.mp4,real,M016,DF_SOURCE_01,train
E:\source_videos_part_01\source_videos\M016\light_rightdown\surprise\camera_right\M016_light_rightdown_surprise_camera_right.mp4,real,M016,DF_SOURCE_01,train
E:\source_videos_part_01\source_videos\M016\light_up\fear\camera_left\M016_light_up_fear_camera_left.mp4,real,M016,DF_SOURCE_01,train
E:\source_videos_part_01\source_videos\M013\light_down\fear\camera_rightfront\M013_light_down_fear_camera_rightfront.mp4,real,M013,DF_SOURCE_01,test
E:\source_videos_part_01\source_videos\M013\BlendShape\camera_left\M013_BlendShape_camera_left.mp4,real,M013,DF_SOURCE_01,test
E:\source_videos_part_01\source_videos\M014\light_rightup\happy\camera_rightfront\M014_light_rightup_happy_camera_rightfront.mp4,real,M014,DF_SOURCE_01,test
E:\source_videos_part_01\source_videos\M013\light_left\happy\camera_up\M013_light_left_happy_camera_up.mp4,real,M013,DF_SOURCE_01,test
E:\source_videos_part_01\source_videos\M012\light_right\neutral\camera_down\M012_light_right_neutral_camera_down.mp4,real,M012,DF_SOURCE_01,train
E:\source_videos_part_01\source_videos\M014\light_left\sad\camera_rightfront\M014_light_left_sad_camera_rightfront.mp4,real,M014,DF_SOURCE_01,test
E:\source_videos_part_01\source_videos\M013\light_uniform\contempt\camera_up\M013_light_uniform_contempt_camera_up.mp4,real,M013,DF_SOURCE_01,test
E:\source_videos_part_01\source_videos\M019\light_right\fear\camera_up\M019_light_right_fear_camera_up.mp4,real,M019,DF_SOURCE_01,train
E:\source_videos_part_01\source_videos\M021\light_right\fear\camera_front\M021_light_right_fear_camera_front.mp4,real,M021,DF_SOURCE_01,train
E:\source_videos_part_01\source_videos\M019\light_uniform\neutral\camera_down\M019_light_uniform_neutral_camera_down.mp4,real,M019,DF_SOURCE_01,train
E:\source_videos_part_01\source_videos\M016\light_leftdown\neutral\camera_right\M016_light_leftdown_neutral_camera_right.mp4,real,M016,DF_SOURCE_01,train
E:\source_videos_part_01\source_videos\M012\light_rightup\angry\camera_rightfront\M012_light_rightup_angry_camera_rightfront.mp4,real,M012,DF_SOURCE_01,train
E:\source_videos_part_01\source_videos\M016\light_leftdown\disgust\camera_front\M016_light_leftdown_disgust_camera_front.mp4,real,M016,DF_SOURCE_01,train
E:\source_videos_part_01\source_videos\M013\light_leftdown\happy\camera_front\M013_light_leftdown_happy_camera_front.mp4,real,M013,DF_SOURCE_01,test
E:\source_videos_part_01\source_videos\M015\light_uniform\angry\camera_up\M015_light_uniform_angry_camera_up.mp4,real,M015,DF_SOURCE_01,test
E:\source_videos_part_01\source_videos\M014\light_up\disgust\camera_left\M014_light_up_disgust_camera_left.mp4,real,M014,DF_SOURCE_01,test
E:\source_videos_part_01\source_videos\M013\light_uniform\surprise\camera_leftfront\M013_light_uniform_surprise_camera_leftfront.mp4,real,M013,DF_SOURCE_01,test
E:\source_videos_part_01\source_videos\M011\light_rightdown\fear\camera_left\M011_light_rightdown_fear_camera_left.mp4,real,M011,DF_SOURCE_01,train
E:\source_videos_part_01\source_videos\M016\light_rightup\fear\camera_front\M016_light_rightup_fear_camera_front.mp4,real,M016,DF_SOURCE_01,train
E:\source_videos_part_01\source_videos\M016\light_rightdown\sad\camera_front\M016_light_rightdown_sad_camera_front.mp4,real,M016,DF_SOURCE_01,train
E:\source_videos_part_01\source_videos\M018\light_uniform\fear\camera_right\M018_light_uniform_fear_camera_right.mp4,real,M018,DF_SOURCE_01,test
E:\source_videos_part_01\source_videos\M013\light_down\disgust\camera_down\M013_light_down_disgust_camera_down.mp4,real,M013,DF_SOURCE_01,test
E:\source_videos_part_01\source_videos\M019\light_leftdown\angry\camera_right\M019_light_leftdown_angry_camera_right.mp4,real,M019,DF_SOURCE_01,train
E:\source_videos_part_01\source_videos\M016\light_leftup\contempt\camera_right\M016_light_leftup_contempt_camera_right.mp4,real,M016,DF_SOURCE_01,train
E:\source_videos_part_01\source_videos\M018\light_rightdown\disgust\camera_left\M018_light_rightdown_disgust_camera_left.mp4,real,M018,DF_SOURCE_01,test
E:\source_videos_part_01\source_videos\M016\light_left\sad\camera_left\M016_light_left_sad_camera_left.mp4,real,M016,DF_SOURCE_01,train
E:\source_videos_part_01\source_videos\M018\light_left\fear\camera_left\M018_light_left_fear_camera_left.mp4,real,M018,DF_SOURCE_01,test
E:\source_videos_part_01\source_videos\M012\light_down\surprise\camera_leftfront\M012_light_down_surprise_camera_leftfront.mp4,real,M012,DF_SOURCE_01,train
E:\source_videos_part_01\source_videos\M014\light_rightup\surprise\camera_leftfront\M014_light_rightup_surprise_camera_leftfront.mp4,real,M014,DF_SOURCE_01,test
E:\source_videos_part_01\source_videos\M012\light_down\sad\camera_leftfront\M012_light_down_sad_camera_leftfront.mp4,real,M012,DF_SOURCE_01,train
E:\source_videos_part_01\source_videos\M021\light_rightup\surprise\camera_down\M021_light_rightup_surprise_camera_down.mp4,real,M021,DF_SOURCE_01,train
E:\source_videos_part_01\source_videos\M016\light_rightup\disgust\camera_leftfront\M016_light_rightup_disgust_camera_leftfront.mp4,real,M016,DF_SOURCE_01,train
E:\source_videos_part_01\source_videos\M019\light_rightup\sad\camera_left\M019_light_rightup_sad_camera_left.mp4,real,M019,DF_SOURCE_01,train
E:\source_videos_part_01\source_videos\M016\light_rightup\angry\camera_up\M016_light_rightup_angry_camera_up.mp4,real,M016,DF_SOURCE_01,train
E:\source_videos_part_01\source_videos\M015\light_rightdown\fear\camera_down\M015_light_rightdown_fear_camera_down.mp4,real,M015,DF_SOURCE_01,test
E:\source_videos_part_01\source_videos\M021\light_rightdown\surprise\camera_up\M021_light_rightdown_surprise_camera_up.mp4,real,M021,DF_SOURCE_01,train
E:\source_videos_part_01\source_videos\M021\light_rightup\neutral\camera_down\M021_light_rightup_neutral_camera_down.mp4,real,M021,DF_SOURCE_01,train
E:\source_videos_part_01\source_videos\M012\light_left\fear\camera_rightfront\M012_light_left_fear_camera_rightfront.mp4,real,M012,DF_SOURCE_01,train
E:\source_videos_part_01\source_videos\M021\light_uniform\contempt\camera_down\M021_light_uniform_contempt_camera_down.mp4,real,M021,DF_SOURCE_01,train
E:\source_videos_part_01\source_videos\M021\light_down\disgust\camera_right\M021_light_down_disgust_camera_right.mp4,real,M021,DF_SOURCE_01,train
E:\source_videos_part_01\source_videos\M022\light_up\angry\camera_leftfront\M022_light_up_angry_camera_leftfront.mp4,real,M022,DF_SOURCE_01,test
E:\source_videos_part_01\source_videos\M016\light_right\happy\camera_down\M016_light_right_happy_camera_down.mp4,real,M016,DF_SOURCE_01,train
E:\source_videos_part_01\source_videos\M013\light_leftdown\disgust\camera_down\M013_light_leftdown_disgust_camera_down.mp4,real,M013,DF_SOURCE_01,test
E:\source_videos_part_01\source_videos\M013\light_right\disgust\camera_left\M013_light_right_disgust_camera_left.mp4,real,M013,DF_SOURCE_01,test
E:\source_videos_part_01\source_videos\M016\light_rightdown\happy\camera_up\M016_light_rightdown_happy_camera_up.mp4,real,M016,DF_SOURCE_01,train
E:\source_videos_part_01\source_videos\M018\light_down\happy\camera_left\M018_light_down_happy_camera_left.mp4,real,M018,DF_SOURCE_01,test
E:\source_videos_part_01\source_videos\M014\light_leftup\surprise\camera_left\M014_light_leftup_surprise_camera_left.mp4,real,M014,DF_SOURCE_01,test
E:\source_videos_part_01\source_videos\M014\light_rightup\fear\camera_down\M014_light_rightup_fear_camera_down.mp4,real,M014,DF_SOURCE_01,test
E:\source_videos_part_01\source_videos\M012\light_rightup\surprise\camera_leftfront\M012_light_rightup_surprise_camera_leftfront.mp4,real,M012,DF_SOURCE_01,train
E:\source_videos_part_01\source_videos\M015\light_down\contempt\camera_right\M015_light_down_contempt_camera_right.mp4,real,M015,DF_SOURCE_01,test
E:\source_videos_part_01\source_videos\M016\light_rightup\disgust\camera_down\M016_light_rightup_disgust_camera_down.mp4,real,M016,DF_SOURCE_01,train
E:\source_videos_part_01\source_videos\M016\light_up\angry\camera_up\M016_light_up_angry_camera_up.mp4,real,M016,DF_SOURCE_01,train
E:\source_videos_part_01\source_videos\M021\light_rightdown\contempt\camera_right\M021_light_rightdown_contempt_camera_right.mp4,real,M021,DF_SOURCE_01,train
E:\source_videos_part_01\source_videos\M012\light_left\happy\camera_up\M012_light_left_happy_camera_up.mp4,real,M012,DF_SOURCE_01,train
E:\source_videos_part_01\source_videos\M021\light_uniform\neutral\camera_up\M021_light_uniform_neutral_camera_up.mp4,real,M021,DF_SOURCE_01,train
E:\source_videos_part_01\source_videos\M015\light_leftup\happy\camera_up\M015_light_leftup_happy_camera_up.mp4,real,M015,DF_SOURCE_01,test
E:\source_videos_part_01\source_videos\M018\light_right\neutral\camera_down\M018_light_right_neutral_camera_down.mp4,real,M018,DF_SOURCE_01,test
E:\source_videos_part_01\source_videos\M018\light_up\happy\camera_rightfront\M018_light_up_happy_camera_rightfront.mp4,real,M018,DF_SOURCE_01,test
E:\source_videos_part_01\source_videos\M021\light_rightdown\contempt\camera_leftfront\M021_light_rightdown_contempt_camera_leftfront.mp4,real,M021,DF_SOURCE_01,train
E:\source_videos_part_01\source_videos\M019\light_left\disgust\camera_right\M019_light_left_disgust_camera_right.mp4,real,M019,DF_SOURCE_01,train
E:\source_videos_part_01\source_videos\M013\light_up\angry\camera_front\M013_light_up_angry_camera_front.mp4,real,M013,DF_SOURCE_01,test
E:\source_videos_part_01\source_videos\M018\light_uniform\angry\camera_rightfront\M018_light_uniform_angry_camera_rightfront.mp4,real,M018,DF_SOURCE_01,test
E:\source_videos_part_01\source_videos\M015\light_leftdown\fear\camera_leftfront\M015_light_leftdown_fear_camera_leftfront.mp4,real,M015,DF_SOURCE_01,test
E:\source_videos_part_01\source_videos\M014\light_uniform\contempt\camera_left\M014_light_uniform_contempt_camera_left.mp4,real,M014,DF_SOURCE_01,test
E:\source_videos_part_01\source_videos\M012\light_left\happy\camera_down\M012_light_left_happy_camera_down.mp4,real,M012,DF_SOURCE_01,train
E:\source_videos_part_01\source_videos\M022\light_up\disgust\camera_up\M022_light_up_disgust_camera_up.mp4,real,M022,DF_SOURCE_01,test
E:\source_videos_part_01\source_videos\M019\light_uniform\disgust\camera_front\M019_light_uniform_disgust_camera_front.mp4,real,M019,DF_SOURCE_01,train
E:\source_videos_part_01\source_videos\M021\light_leftup\contempt\camera_leftfront\M021_light_leftup_contempt_camera_leftfront.mp4,real,M021,DF_SOURCE_01,train
E:\source_videos_part_01\source_videos\M019\light_left\contempt\camera_front\M019_light_left_contempt_camera_front.mp4,real,M019,DF_SOURCE_01,train
E:\source_videos_part_01\source_videos\M012\light_down\disgust\camera_rightfront\M012_light_down_disgust_camera_rightfront.mp4,real,M012,DF_SOURCE_01,train
E:\source_videos_part_01\source_videos\M012\light_right\happy\camera_front\M012_light_right_happy_camera_front.mp4,real,M012,DF_SOURCE_01,train
E:\source_videos_part_01\source_videos\M018\light_leftup\sad\camera_leftfront\M018_light_leftup_sad_camera_leftfront.mp4,real,M018,DF_SOURCE_01,test
E:\source_videos_part_01\source_videos\M012\light_leftup\happy\camera_rightfront\M012_light_leftup_happy_camera_rightfront.mp4,real,M012,DF_SOURCE_01,train
E:\source_videos_part_01\source_videos\M018\light_leftdown\sad\camera_rightfront\M018_light_leftdown_sad_camera_rightfront.mp4,real,M018,DF_SOURCE_01,test
E:\source_videos_part_01\source_videos\M018\light_uniform\contempt\camera_up\M018_light_uniform_contempt_camera_up.mp4,real,M018,DF_SOURCE_01,test
E:\source_videos_part_01\source_videos\M014\light_up\fear\camera_front\M014_light_up_fear_camera_front.mp4,real,M014,DF_SOURCE_01,test
E:\source_videos_part_01\source_videos\M012\light_leftdown\contempt\camera_leftfront\M012_light_leftdown_contempt_camera_leftfront.mp4,real,M012,DF_SOURCE_01,train
E:\source_videos_part_01\source_videos\M019\light_down\disgust\camera_down\M019_light_down_disgust_camera_down.mp4,real,M019,DF_SOURCE_01,train
E:\source_videos_part_01\source_videos\M011\light_rightdown\angry\camera_up\M011_light_rightdown_angry_camera_up.mp4,real,M011,DF_SOURCE_01,train
E:\source_videos_part_01\source_videos\M022\light_rightup\fear\camera_left\M022_light_rightup_fear_camera_left.mp4,real,M022,DF_SOURCE_01,test
E:\source_videos_part_01\source_videos\M018\light_up\happy\camera_right\M018_light_up_happy_camera_right.mp4,real,M018,DF_SOURCE_01,test
E:\source_videos_part_01\source_videos\M016\light_down\angry\camera_up\M016_light_down_angry_camera_up.mp4,real,M016,DF_SOURCE_01,train
E:\source_videos_part_01\source_videos\M018\light_right\fear\camera_leftfront\M018_light_right_fear_camera_leftfront.mp4,real,M018,DF_SOURCE_01,test
E:\source_videos_part_01\source_videos\M012\light_down\fear\camera_front\M012_light_down_fear_camera_front.mp4,real,M012,DF_SOURCE_01,train
E:\source_videos_part_01\source_videos\M021\light_down\contempt\camera_left\M021_light_down_contempt_camera_left.mp4,real,M021,DF_SOURCE_01,train
E:\source_videos_part_01\source_videos\M014\light_down\sad\camera_down\M014_light_down_sad_camera_down.mp4,real,M014,DF_SOURCE_01,test
E:\source_videos_part_01\source_videos\M019\light_up\fear\camera_left\M019_light_up_fear_camera_left.mp4,real,M019,DF_SOURCE_01,train
E:\source_videos_part_01\source_videos\M013\light_right\fear\camera_rightfront\M013_light_right_fear_camera_rightfront.mp4,real,M013,DF_SOURCE_01,test
E:\source_videos_part_01\source_videos\M021\light_leftup\angry\camera_leftfront\M021_light_leftup_angry_camera_leftfront.mp4,real,M021,DF_SOURCE_01,train
E:\source_videos_part_01\source_videos\M013\light_down\angry\camera_left\M013_light_down_angry_camera_left.mp4,real,M013,DF_SOURCE_01,test
E:\source_videos_part_01\source_videos\M016\light_up\surprise\camera_left\M016_light_up_surprise_camera_left.mp4,real,M016,DF_SOURCE_01,train
E:\source_videos_part_01\source_videos\M022\light_rightup\surprise\camera_down\M022_light_rightup_surprise_camera_down.mp4,real,M022,DF_SOURCE_01,test
E:\source_videos_part_01\source_videos\M021\light_uniform\sad\camera_front\M021_light_uniform_sad_camera_front.mp4,real,M021,DF_SOURCE_01,train
E:\source_videos_part_01\source_videos\M012\light_uniform\disgust\camera_front\M012_light_uniform_disgust_camera_front.mp4,real,M012,DF_SOURCE_01,train
E:\source_videos_part_01\source_videos\M014\light_left\happy\camera_left\M014_light_left_happy_camera_left.mp4,real,M014,DF_SOURCE_01,test
E:\source_videos_part_01\source_videos\M015\light_leftdown\neutral\camera_front\M015_light_leftdown_neutral_camera_front.mp4,real,M015,DF_SOURCE_01,test
E:\source_videos_part_01\source_videos\M019\light_rightup\disgust\camera_right\M019_light_rightup_disgust_camera_right.mp4,real,M019,DF_SOURCE_01,train
E:\source_videos_part_01\source_videos\M021\light_down\neutral\camera_right\M021_light_down_neutral_camera_right.mp4,real,M021,DF_SOURCE_01,train
E:\source_videos_part_01\source_videos\M013\light_down\fear\camera_up\M013_light_down_fear_camera_up.mp4,real,M013,DF_SOURCE_01,test
E:\source_videos_part_01\source_videos\M014\light_down\sad\camera_right\M014_light_down_sad_camera_right.mp4,real,M014,DF_SOURCE_01,test
E:\source_videos_part_01\source_videos\M019\light_right\sad\camera_front\M019_light_right_sad_camera_front.mp4,real,M019,DF_SOURCE_01,train
E:\source_videos_part_01\source_videos\M021\light_right\angry\camera_left\M021_light_right_angry_camera_left.mp4,real,M021,DF_SOURCE_01,train
E:\source_videos_part_02\source_videos\M025\light_rightup\fear\camera_right\M025_light_rightup_fear_camera_right.mp4,real,M025,DF_SOURCE_02,val
E:\source_videos_part_02\source_videos\M027\light_rightdown\angry\camera_front\M027_light_rightdown_angry_camera_front.mp4,real,M027,DF_SOURCE_02,train
E:\source_videos_part_02\source_videos\M025\light_right\fear\camera_rightfront\M025_light_right_fear_camera_rightfront.mp4,real,M025,DF_SOURCE_02,val
E:\source_videos_part_02\source_videos\M025\light_uniform\surprise\camera_rightfront\M025_light_uniform_surprise_camera_rightfront.mp4,real,M025,DF_SOURCE_02,val
E:\source_videos_part_02\source_videos\M026\light_down\contempt\camera_down\M026_light_down_contempt_camera_down.mp4,real,M026,DF_SOURCE_02,train
E:\source_videos_part_02\source_videos\M024\light_left\contempt\camera_left\M024_light_left_contempt_camera_left.mp4,real,M024,DF_SOURCE_02,val
E:\source_videos_part_02\source_videos\M026\light_down\happy\camera_down\M026_light_down_happy_camera_down.mp4,real,M026,DF_SOURCE_02,train
E:\source_videos_part_02\source_videos\M023\light_right\angry\camera_right\M023_light_right_angry_camera_right.mp4,real,M023,DF_SOURCE_02,train
E:\source_videos_part_02\source_videos\M023\light_right\neutral\camera_left\M023_light_right_neutral_camera_left.mp4,real,M023,DF_SOURCE_02,train
E:\source_videos_part_02\source_videos\M025\light_right\neutral\camera_leftfront\M025_light_right_neutral_camera_leftfront.mp4,real,M025,DF_SOURCE_02,val
E:\source_videos_part_02\source_videos\M026\light_right\contempt\camera_right\M026_light_right_contempt_camera_right.mp4,real,M026,DF_SOURCE_02,train
E:\source_videos_part_02\source_videos\M022\light_uniform\happy\camera_down\M022_light_uniform_happy_camera_down.mp4,real,M022,DF_SOURCE_02,test
E:\source_videos_part_02\source_videos\M023\light_rightdown\happy\camera_leftfront\M023_light_rightdown_happy_camera_leftfront.mp4,real,M023,DF_SOURCE_02,train
E:\source_videos_part_02\source_videos\M027\light_leftdown\neutral\camera_left\M027_light_leftdown_neutral_camera_left.mp4,real,M027,DF_SOURCE_02,train
E:\source_videos_part_02\source_videos\M024\light_uniform\neutral\camera_left\M024_light_uniform_neutral_camera_left.mp4,real,M024,DF_SOURCE_02,val
E:\source_videos_part_02\source_videos\M024\light_left\neutral\camera_rightfront\M024_light_left_neutral_camera_rightfront.mp4,real,M024,DF_SOURCE_02,val
E:\source_videos_part_02\source_videos\M024\BlendShape\camera_right\M024_BlendShape_camera_right.mp4,real,M024,DF_SOURCE_02,val
E:\source_videos_part_02\source_videos\M024\light_rightdown\disgust\camera_front\M024_light_rightdown_disgust_camera_front.mp4,real,M024,DF_SOURCE_02,val
E:\source_videos_part_02\source_videos\M024\light_leftdown\sad\camera_leftfront\M024_light_leftdown_sad_camera_leftfront.mp4,real,M024,DF_SOURCE_02,val
E:\source_videos_part_02\source_videos\M024\light_uniform\disgust\camera_leftfront\M024_light_uniform_disgust_camera_leftfront.mp4,real,M024,DF_SOURCE_02,val
E:\source_videos_part_02\source_videos\M022\light_leftdown\disgust\camera_front\M022_light_leftdown_disgust_camera_front.mp4,real,M022,DF_SOURCE_02,test
E:\source_videos_part_02\source_videos\M027\light_down\contempt\camera_rightfront\M027_light_down_contempt_camera_rightfront.mp4,real,M027,DF_SOURCE_02,train
E:\source_videos_part_02\source_videos\M024\light_right\fear\camera_down\M024_light_right_fear_camera_down.mp4,real,M024,DF_SOURCE_02,val
E:\source_videos_part_02\source_videos\M027\light_left\happy\camera_leftfront\M027_light_left_happy_camera_leftfront.mp4,real,M027,DF_SOURCE_02,train
E:\source_videos_part_02\source_videos\M025\light_up\neutral\camera_right\M025_light_up_neutral_camera_right.mp4,real,M025,DF_SOURCE_02,val
E:\source_videos_part_02\source_videos\M027\light_leftdown\happy\camera_up\M027_light_leftdown_happy_camera_up.mp4,real,M027,DF_SOURCE_02,train
E:\source_videos_part_02\source_videos\M023\light_left\happy\camera_rightfront\M023_light_left_happy_camera_rightfront.mp4,real,M023,DF_SOURCE_02,train
E:\source_videos_part_02\source_videos\M026\light_uniform\angry\camera_front\M026_light_uniform_angry_camera_front.mp4,real,M026,DF_SOURCE_02,train
E:\source_videos_part_02\source_videos\M025\light_leftdown\sad\camera_leftfront\M025_light_leftdown_sad_camera_leftfront.mp4,real,M025,DF_SOURCE_02,val
E:\source_videos_part_02\source_videos\M024\light_rightdown\fear\camera_rightfront\M024_light_rightdown_fear_camera_rightfront.mp4,real,M024,DF_SOURCE_02,val
E:\source_videos_part_02\source_videos\M024\light_left\surprise\camera_left\M024_light_left_surprise_camera_left.mp4,real,M024,DF_SOURCE_02,val
E:\source_videos_part_02\source_videos\M024\light_up\sad\camera_front\M024_light_up_sad_camera_front.mp4,real,M024,DF_SOURCE_02,val
E:\source_videos_part_02\source_videos\M025\light_rightup\sad\camera_left\M025_light_rightup_sad_camera_left.mp4,real,M025,DF_SOURCE_02,val
E:\source_videos_part_02\source_videos\M026\light_right\angry\camera_rightfront\M026_light_right_angry_camera_rightfront.mp4,real,M026,DF_SOURCE_02,train
E:\source_videos_part_02\source_videos\M022\light_uniform\fear\camera_leftfront\M022_light_uniform_fear_camera_leftfront.mp4,real,M022,DF_SOURCE_02,test
E:\source_videos_part_02\source_videos\M024\light_up\disgust\camera_front\M024_light_up_disgust_camera_front.mp4,real,M024,DF_SOURCE_02,val
E:\source_videos_part_02\source_videos\M022\light_uniform\fear\camera_rightfront\M022_light_uniform_fear_camera_rightfront.mp4,real,M022,DF_SOURCE_02,test
E:\source_videos_part_02\source_videos\M022\light_rightdown\happy\camera_down\M022_light_rightdown_happy_camera_down.mp4,real,M022,DF_SOURCE_02,test
E:\source_videos_part_02\source_videos\M024\light_right\surprise\camera_down\M024_light_right_surprise_camera_down.mp4,real,M024,DF_SOURCE_02,val
E:\source_videos_part_02\source_videos\M024\light_rightup\surprise\camera_front\M024_light_rightup_surprise_camera_front.mp4,real,M024,DF_SOURCE_02,val
E:\source_videos_part_02\source_videos\M027\light_up\contempt\camera_front\M027_light_up_contempt_camera_front.mp4,real,M027,DF_SOURCE_02,train
E:\source_videos_part_02\source_videos\M025\light_right\fear\camera_left\M025_light_right_fear_camera_left.mp4,real,M025,DF_SOURCE_02,val
E:\source_videos_part_02\source_videos\M022\light_leftup\fear\camera_up\M022_light_leftup_fear_camera_up.mp4,real,M022,DF_SOURCE_02,test
E:\source_videos_part_02\source_videos\M024\light_down\happy\camera_leftfront\M024_light_down_happy_camera_leftfront.mp4,real,M024,DF_SOURCE_02,val
E:\source_videos_part_02\source_videos\M023\light_rightdown\sad\camera_up\M023_light_rightdown_sad_camera_up.mp4,real,M023,DF_SOURCE_02,train
E:\source_videos_part_02\source_videos\M026\light_uniform\fear\camera_leftfront\M026_light_uniform_fear_camera_leftfront.mp4,real,M026,DF_SOURCE_02,train
E:\source_videos_part_02\source_videos\M026\light_down\fear\camera_right\M026_light_down_fear_camera_right.mp4,real,M026,DF_SOURCE_02,train
E:\source_videos_part_02\source_videos\M022\light_leftdown\neutral\camera_front\M022_light_leftdown_neutral_camera_front.mp4,real,M022,DF_SOURCE_02,test
E:\source_videos_part_02\source_videos\M022\light_uniform\happy\camera_right\M022_light_uniform_happy_camera_right.mp4,real,M022,DF_SOURCE_02,test
E:\source_videos_part_02\source_videos\M027\light_rightdown\contempt\camera_right\M027_light_rightdown_contempt_camera_right.mp4,real,M027,DF_SOURCE_02,train
E:\source_videos_part_02\source_videos\M024\light_rightdown\neutral\camera_left\M024_light_rightdown_neutral_camera_left.mp4,real,M024,DF_SOURCE_02,val
E:\source_videos_part_02\source_videos\M025\light_rightup\angry\camera_left\M025_light_rightup_angry_camera_left.mp4,real,M025,DF_SOURCE_02,val
E:\source_videos_part_02\source_videos\M024\light_down\fear\camera_front\M024_light_down_fear_camera_front.mp4,real,M024,DF_SOURCE_02,val
E:\source_videos_part_02\source_videos\M026\light_left\happy\camera_left\M026_light_left_happy_camera_left.mp4,real,M026,DF_SOURCE_02,train
E:\source_videos_part_02\source_videos\M023\light_down\happy\camera_right\M023_light_down_happy_camera_right.mp4,real,M023,DF_SOURCE_02,train
E:\source_videos_part_02\source_videos\M025\light_leftdown\disgust\camera_leftfront\M025_light_leftdown_disgust_camera_leftfront.mp4,real,M025,DF_SOURCE_02,val
E:\source_videos_part_02\source_videos\M026\light_down\fear\camera_leftfront\M026_light_down_fear_camera_leftfront.mp4,real,M026,DF_SOURCE_02,train
E:\source_videos_part_02\source_videos\M027\light_right\angry\camera_rightfront\M027_light_right_angry_camera_rightfront.mp4,real,M027,DF_SOURCE_02,train
E:\source_videos_part_02\source_videos\M022\light_rightdown\happy\camera_leftfront\M022_light_rightdown_happy_camera_leftfront.mp4,real,M022,DF_SOURCE_02,test
E:\source_videos_part_02\source_videos\M026\light_rightdown\contempt\camera_leftfront\M026_light_rightdown_contempt_camera_leftfront.mp4,real,M026,DF_SOURCE_02,train
E:\source_videos_part_02\source_videos\M025\light_leftup\neutral\camera_down\M025_light_leftup_neutral_camera_down.mp4,real,M025,DF_SOURCE_02,val
E:\source_videos_part_02\source_videos\M023\light_leftdown\contempt\camera_up\M023_light_leftdown_contempt_camera_up.mp4,real,M023,DF_SOURCE_02,train
E:\source_videos_part_02\source_videos\M024\light_up\neutral\camera_down\M024_light_up_neutral_camera_down.mp4,real,M024,DF_SOURCE_02,val
E:\source_videos_part_02\source_videos\M025\light_rightup\contempt\camera_down\M025_light_rightup_contempt_camera_down.mp4,real,M025,DF_SOURCE_02,val
E:\source_videos_part_02\source_videos\M023\light_rightdown\fear\camera_up\M023_light_rightdown_fear_camera_up.mp4,real,M023,DF_SOURCE_02,train
E:\source_videos_part_02\source_videos\M024\light_rightdown\fear\camera_left\M024_light_rightdown_fear_camera_left.mp4,real,M024,DF_SOURCE_02,val
E:\source_videos_part_02\source_videos\M022\light_leftdown\sad\camera_down\M022_light_leftdown_sad_camera_down.mp4,real,M022,DF_SOURCE_02,test
E:\source_videos_part_02\source_videos\M024\light_down\contempt\camera_down\M024_light_down_contempt_camera_down.mp4,real,M024,DF_SOURCE_02,val
E:\source_videos_part_02\source_videos\M026\light_leftup\neutral\camera_front\M026_light_leftup_neutral_camera_front.mp4,real,M026,DF_SOURCE_02,train
E:\source_videos_part_02\source_videos\M026\light_down\neutral\camera_down\M026_light_down_neutral_camera_down.mp4,real,M026,DF_SOURCE_02,train
E:\source_videos_part_02\source_videos\M024\light_leftup\contempt\camera_down\M024_light_leftup_contempt_camera_down.mp4,real,M024,DF_SOURCE_02,val
E:\source_videos_part_02\source_videos\M024\light_up\fear\camera_leftfront\M024_light_up_fear_camera_leftfront.mp4,real,M024,DF_SOURCE_02,val
E:\source_videos_part_02\source_videos\M025\light_down\surprise\camera_down\M025_light_down_surprise_camera_down.mp4,real,M025,DF_SOURCE_02,val
E:\source_videos_part_02\source_videos\M023\light_right\angry\camera_rightfront\M023_light_right_angry_camera_rightfront.mp4,real,M023,DF_SOURCE_02,train
E:\source_videos_part_02\source_videos\M024\light_left\fear\camera_down\M024_light_left_fear_camera_down.mp4,real,M024,DF_SOURCE_02,val
E:\source_videos_part_02\source_videos\M023\light_uniform\angry\camera_right\M023_light_uniform_angry_camera_right.mp4,real,M023,DF_SOURCE_02,train
E:\source_videos_part_02\source_videos\M025\light_right\neutral\camera_rightfront\M025_light_right_neutral_camera_rightfront.mp4,real,M025,DF_SOURCE_02,val
E:\source_videos_part_02\source_videos\M027\light_leftdown\surprise\camera_down\M027_light_leftdown_surprise_camera_down.mp4,real,M027,DF_SOURCE_02,train
E:\source_videos_part_02\source_videos\M026\light_up\fear\camera_left\M026_light_up_fear_camera_left.mp4,real,M026,DF_SOURCE_02,train
E:\source_videos_part_02\source_videos\M024\light_uniform\sad\camera_leftfront\M024_light_uniform_sad_camera_leftfront.mp4,real,M024,DF_SOURCE_02,val
E:\source_videos_part_02\source_videos\M026\light_leftdown\fear\camera_right\M026_light_leftdown_fear_camera_right.mp4,real,M026,DF_SOURCE_02,train
E:\source_videos_part_02\source_videos\M023\light_right\neutral\camera_rightfront\M023_light_right_neutral_camera_rightfront.mp4,real,M023,DF_SOURCE_02,train
E:\source_videos_part_02\source_videos\M024\light_left\neutral\camera_right\M024_light_left_neutral_camera_right.mp4,real,M024,DF_SOURCE_02,val
E:\source_videos_part_02\source_videos\M027\light_uniform\angry\camera_left\M027_light_uniform_angry_camera_left.mp4,real,M027,DF_SOURCE_02,train
E:\source_videos_part_02\source_videos\M023\light_uniform\fear\camera_down\M023_light_uniform_fear_camera_down.mp4,real,M023,DF_SOURCE_02,train
E:\source_videos_part_02\source_videos\M023\light_leftup\sad\camera_down\M023_light_leftup_sad_camera_down.mp4,real,M023,DF_SOURCE_02,train
E:\source_videos_part_02\source_videos\M024\light_left\disgust\camera_leftfront\M024_light_left_disgust_camera_leftfront.mp4,real,M024,DF_SOURCE_02,val
E:\source_videos_part_02\source_videos\M022\light_uniform\angry\camera_down\M022_light_uniform_angry_camera_down.mp4,real,M022,DF_SOURCE_02,test
E:\source_videos_part_02\source_videos\M025\light_leftup\fear\camera_left\M025_light_leftup_fear_camera_left.mp4,real,M025,DF_SOURCE_02,val
E:\source_videos_part_02\source_videos\M026\light_right\fear\camera_down\M026_light_right_fear_camera_down.mp4,real,M026,DF_SOURCE_02,train
E:\source_videos_part_02\source_videos\M024\light_left\contempt\camera_up\M024_light_left_contempt_camera_up.mp4,real,M024,DF_SOURCE_02,val
E:\source_videos_part_02\source_videos\M022\light_rightdown\sad\camera_up\M022_light_rightdown_sad_camera_up.mp4,real,M022,DF_SOURCE_02,test
E:\source_videos_part_02\source_videos\M025\light_rightdown\surprise\camera_front\M025_light_rightdown_surprise_camera_front.mp4,real,M025,DF_SOURCE_02,val
E:\source_videos_part_02\source_videos\M022\light_leftup\disgust\camera_left\M022_light_leftup_disgust_camera_left.mp4,real,M022,DF_SOURCE_02,test
E:\source_videos_part_02\source_videos\M024\light_right\contempt\camera_rightfront\M024_light_right_contempt_camera_rightfront.mp4,real,M024,DF_SOURCE_02,val
E:\source_videos_part_02\source_videos\M023\light_rightup\happy\camera_front\M023_light_rightup_happy_camera_front.mp4,real,M023,DF_SOURCE_02,train
E:\source_videos_part_02\source_videos\M026\light_right\disgust\camera_leftfront\M026_light_right_disgust_camera_leftfront.mp4,real,M026,DF_SOURCE_02,train
E:\source_videos_part_02\source_videos\M024\light_right\fear\camera_rightfront\M024_light_right_fear_camera_rightfront.mp4,real,M024,DF_SOURCE_02,val
E:\source_videos_part_02\source_videos\M024\light_right\fear\camera_front\M024_light_right_fear_camera_front.mp4,real,M024,DF_SOURCE_02,val
E:\source_videos_part_02\source_videos\M024\light_left\contempt\camera_down\M024_light_left_contempt_camera_down.mp4,real,M024,DF_SOURCE_02,val
E:\source_videos_part_02\source_videos\M026\light_uniform\contempt\camera_front\M026_light_uniform_contempt_camera_front.mp4,real,M026,DF_SOURCE_02,train
E:\source_videos_part_02\source_videos\M024\light_rightup\happy\camera_down\M024_light_rightup_happy_camera_down.mp4,real,M024,DF_SOURCE_02,val
E:\source_videos_part_02\source_videos\M027\light_rightdown\happy\camera_up\M027_light_rightdown_happy_camera_up.mp4,real,M027,DF_SOURCE_02,train
E:\source_videos_part_02\source_videos\M023\light_right\fear\camera_left\M023_light_right_fear_camera_left.mp4,real,M023,DF_SOURCE_02,train
E:\source_videos_part_02\source_videos\M027\light_up\surprise\camera_down\M027_light_up_surprise_camera_down.mp4,real,M027,DF_SOURCE_02,train
E:\source_videos_part_02\source_videos\M026\light_uniform\contempt\camera_down\M026_light_uniform_contempt_camera_down.mp4,real,M026,DF_SOURCE_02,train
E:\source_videos_part_02\source_videos\M024\light_down\fear\camera_right\M024_light_down_fear_camera_right.mp4,real,M024,DF_SOURCE_02,val
E:\source_videos_part_02\source_videos\M024\light_down\happy\camera_down\M024_light_down_happy_camera_down.mp4,real,M024,DF_SOURCE_02,val
E:\source_videos_part_02\source_videos\M023\light_rightdown\contempt\camera_right\M023_light_rightdown_contempt_camera_right.mp4,real,M023,DF_SOURCE_02,train
E:\source_videos_part_02\source_videos\M025\light_leftdown\contempt\camera_leftfront\M025_light_leftdown_contempt_camera_leftfront.mp4,real,M025,DF_SOURCE_02,val
E:\source_videos_part_02\source_videos\M025\light_up\sad\camera_front\M025_light_up_sad_camera_front.mp4,real,M025,DF_SOURCE_02,val
E:\source_videos_part_02\source_videos\M023\BlendShape\camera_right\M023_BlendShape_camera_right.mp4,real,M023,DF_SOURCE_02,train
E:\source_videos_part_02\source_videos\M027\light_left\disgust\camera_up\M027_light_left_disgust_camera_up.mp4,real,M027,DF_SOURCE_02,train
E:\source_videos_part_02\source_videos\M025\light_leftdown\disgust\camera_up\M025_light_leftdown_disgust_camera_up.mp4,real,M025,DF_SOURCE_02,val
E:\source_videos_part_02\source_videos\M023\light_leftup\happy\camera_leftfront\M023_light_leftup_happy_camera_leftfront.mp4,real,M023,DF_SOURCE_02,train
E:\source_videos_part_02\source_videos\M024\light_rightdown\contempt\camera_front\M024_light_rightdown_contempt_camera_front.mp4,real,M024,DF_SOURCE_02,val
E:\source_videos_part_02\source_videos\M023\light_leftup\angry\camera_up\M023_light_leftup_angry_camera_up.mp4,real,M023,DF_SOURCE_02,train
E:\source_videos_part_02\source_videos\M023\light_left\surprise\camera_rightfront\M023_light_left_surprise_camera_rightfront.mp4,real,M023,DF_SOURCE_02,train
E:\source_videos_part_02\source_videos\M025\light_leftup\sad\camera_leftfront\M025_light_leftup_sad_camera_leftfront.mp4,real,M025,DF_SOURCE_02,val
E:\source_videos_part_02\source_videos\M023\light_leftdown\happy\camera_rightfront\M023_light_leftdown_happy_camera_rightfront.mp4,real,M023,DF_SOURCE_02,train
E:\source_videos_part_02\source_videos\M024\light_up\contempt\camera_left\M024_light_up_contempt_camera_left.mp4,real,M024,DF_SOURCE_02,val
E:\source_videos_part_02\source_videos\M026\light_left\angry\camera_right\M026_light_left_angry_camera_right.mp4,real,M026,DF_SOURCE_02,train
E:\source_videos_part_02\source_videos\M027\light_right\disgust\camera_left\M027_light_right_disgust_camera_left.mp4,real,M027,DF_SOURCE_02,train
E:\source_videos_part_02\source_videos\M026\light_right\disgust\camera_front\M026_light_right_disgust_camera_front.mp4,real,M026,DF_SOURCE_02,train
E:\source_videos_part_02\source_videos\M026\light_rightdown\disgust\camera_rightfront\M026_light_rightdown_disgust_camera_rightfront.mp4,real,M026,DF_SOURCE_02,train
E:\source_videos_part_02\source_videos\M027\light_down\fear\camera_up\M027_light_down_fear_camera_up.mp4,real,M027,DF_SOURCE_02,train
E:\source_videos_part_02\source_videos\M026\light_rightup\surprise\camera_left\M026_light_rightup_surprise_camera_left.mp4,real,M026,DF_SOURCE_02,train
E:\source_videos_part_02\source_videos\M023\light_up\neutral\camera_rightfront\M023_light_up_neutral_camera_rightfront.mp4,real,M023,DF_SOURCE_02,train
E:\source_videos_part_02\source_videos\M024\light_rightdown\fear\camera_leftfront\M024_light_rightdown_fear_camera_leftfront.mp4,real,M024,DF_SOURCE_02,val
E:\source_videos_part_02\source_videos\M025\light_down\contempt\camera_down\M025_light_down_contempt_camera_down.mp4,real,M025,DF_SOURCE_02,val
E:\source_videos_part_02\source_videos\M025\light_left\neutral\camera_rightfront\M025_light_left_neutral_camera_rightfront.mp4,real,M025,DF_SOURCE_02,val
E:\source_videos_part_02\source_videos\M026\light_rightup\happy\camera_right\M026_light_rightup_happy_camera_right.mp4,real,M026,DF_SOURCE_02,train
E:\source_videos_part_02\source_videos\M026\light_uniform\fear\camera_front\M026_light_uniform_fear_camera_front.mp4,real,M026,DF_SOURCE_02,train
E:\source_videos_part_02\source_videos\M023\light_down\sad\camera_right\M023_light_down_sad_camera_right.mp4,real,M023,DF_SOURCE_02,train
E:\source_videos_part_02\source_videos\M027\light_leftdown\neutral\camera_up\M027_light_leftdown_neutral_camera_up.mp4,real,M027,DF_SOURCE_02,train
E:\source_videos_part_02\source_videos\M025\light_rightdown\fear\camera_leftfront\M025_light_rightdown_fear_camera_leftfront.mp4,real,M025,DF_SOURCE_02,val
E:\source_videos_part_02\source_videos\M022\light_uniform\fear\camera_down\M022_light_uniform_fear_camera_down.mp4,real,M022,DF_SOURCE_02,test
E:\source_videos_part_02\source_videos\M025\light_rightup\disgust\camera_down\M025_light_rightup_disgust_camera_down.mp4,real,M025,DF_SOURCE_02,val
E:\source_videos_part_02\source_videos\M026\light_leftdown\angry\camera_left\M026_light_leftdown_angry_camera_left.mp4,real,M026,DF_SOURCE_02,train
E:\source_videos_part_02\source_videos\M026\light_down\angry\camera_left\M026_light_down_angry_camera_left.mp4,real,M026,DF_SOURCE_02,train
E:\source_videos_part_02\source_videos\M023\light_down\surprise\camera_down\M023_light_down_surprise_camera_down.mp4,real,M023,DF_SOURCE_02,train
E:\source_videos_part_02\source_videos\M025\light_up\happy\camera_right\M025_light_up_happy_camera_right.mp4,real,M025,DF_SOURCE_02,val
E:\source_videos_part_02\source_videos\M027\light_up\angry\camera_right\M027_light_up_angry_camera_right.mp4,real,M027,DF_SOURCE_02,train
E:\source_videos_part_02\source_videos\M026\light_up\happy\camera_right\M026_light_up_happy_camera_right.mp4,real,M026,DF_SOURCE_02,train
E:\source_videos_part_02\source_videos\M026\light_rightdown\angry\camera_front\M026_light_rightdown_angry_camera_front.mp4,real,M026,DF_SOURCE_02,train
E:\source_videos_part_02\source_videos\M027\light_left\disgust\camera_rightfront\M027_light_left_disgust_camera_rightfront.mp4,real,M027,DF_SOURCE_02,train
E:\source_videos_part_02\source_videos\M024\light_uniform\happy\camera_left\M024_light_uniform_happy_camera_left.mp4,real,M024,DF_SOURCE_02,val
E:\source_videos_part_02\source_videos\M022\light_leftup\fear\camera_right\M022_light_leftup_fear_camera_right.mp4,real,M022,DF_SOURCE_02,test
E:\source_videos_part_02\source_videos\M024\light_rightdown\fear\camera_right\M024_light_rightdown_fear_camera_right.mp4,real,M024,DF_SOURCE_02,val
E:\source_videos_part_02\source_videos\M024\light_leftup\angry\camera_down\M024_light_leftup_angry_camera_down.mp4,real,M024,DF_SOURCE_02,val
E:\source_videos_part_02\source_videos\M026\light_leftdown\contempt\camera_up\M026_light_leftdown_contempt_camera_up.mp4,real,M026,DF_SOURCE_02,train
E:\source_videos_part_02\source_videos\M024\light_rightdown\happy\camera_leftfront\M024_light_rightdown_happy_camera_leftfront.mp4,real,M024,DF_SOURCE_02,val
E:\source_videos_part_02\source_videos\M023\light_right\disgust\camera_rightfront\M023_light_right_disgust_camera_rightfront.mp4,real,M023,DF_SOURCE_02,train
E:\source_videos_part_02\source_videos\M025\light_leftdown\contempt\camera_right\M025_light_leftdown_contempt_camera_right.mp4,real,M025,DF_SOURCE_02,val
E:\source_videos_part_02\source_videos\M022\light_leftup\surprise\camera_down\M022_light_leftup_surprise_camera_down.mp4,real,M022,DF_SOURCE_02,test
E:\source_videos_part_02\source_videos\M027\light_up\contempt\camera_right\M027_light_up_contempt_camera_right.mp4,real,M027,DF_SOURCE_02,train
E:\source_videos_part_02\source_videos\M024\light_uniform\angry\camera_right\M024_light_uniform_angry_camera_right.mp4,real,M024,DF_SOURCE_02,val
E:\source_videos_part_02\source_videos\M022\light_leftdown\surprise\camera_up\M022_light_leftdown_surprise_camera_up.mp4,real,M022,DF_SOURCE_02,test
E:\source_videos_part_02\source_videos\M023\light_leftup\fear\camera_rightfront\M023_light_leftup_fear_camera_rightfront.mp4,real,M023,DF_SOURCE_02,train
E:\source_videos_part_02\source_videos\M025\light_leftdown\angry\camera_down\M025_light_leftdown_angry_camera_down.mp4,real,M025,DF_SOURCE_02,val
E:\source_videos_part_02\source_videos\M025\light_up\disgust\camera_front\M025_light_up_disgust_camera_front.mp4,real,M025,DF_SOURCE_02,val
E:\source_videos_part_02\source_videos\M024\light_left\sad\camera_leftfront\M024_light_left_sad_camera_leftfront.mp4,real,M024,DF_SOURCE_02,val
E:\source_videos_part_02\source_videos\M025\light_up\fear\camera_front\M025_light_up_fear_camera_front.mp4,real,M025,DF_SOURCE_02,val
E:\source_videos_part_02\source_videos\M023\light_down\surprise\camera_right\M023_light_down_surprise_camera_right.mp4,real,M023,DF_SOURCE_02,train
E:\source_videos_part_02\source_videos\M023\light_leftup\neutral\camera_leftfront\M023_light_leftup_neutral_camera_leftfront.mp4,real,M023,DF_SOURCE_02,train
E:\source_videos_part_02\source_videos\M023\light_down\angry\camera_up\M023_light_down_angry_camera_up.mp4,real,M023,DF_SOURCE_02,train
E:\source_videos_part_02\source_videos\M024\light_rightup\neutral\camera_right\M024_light_rightup_neutral_camera_right.mp4,real,M024,DF_SOURCE_02,val
E:\source_videos_part_02\source_videos\M026\light_uniform\sad\camera_left\M026_light_uniform_sad_camera_left.mp4,real,M026,DF_SOURCE_02,train
E:\source_videos_part_02\source_videos\M027\light_rightdown\sad\camera_left\M027_light_rightdown_sad_camera_left.mp4,real,M027,DF_SOURCE_02,train
E:\source_videos_part_02\source_videos\M027\light_uniform\neutral\camera_up\M027_light_uniform_neutral_camera_up.mp4,real,M027,DF_SOURCE_02,train
E:\source_videos_part_02\source_videos\M026\light_down\contempt\camera_leftfront\M026_light_down_contempt_camera_leftfront.mp4,real,M026,DF_SOURCE_02,train
E:\source_videos_part_02\source_videos\M022\light_uniform\happy\camera_leftfront\M022_light_uniform_happy_camera_leftfront.mp4,real,M022,DF_SOURCE_02,test
E:\source_videos_part_02\source_videos\M023\light_leftdown\neutral\camera_up\M023_light_leftdown_neutral_camera_up.mp4,real,M023,DF_SOURCE_02,train
E:\source_videos_part_02\source_videos\M026\light_down\surprise\camera_right\M026_light_down_surprise_camera_right.mp4,real,M026,DF_SOURCE_02,train
E:\source_videos_part_02\source_videos\M022\light_leftdown\contempt\camera_rightfront\M022_light_leftdown_contempt_camera_rightfront.mp4,real,M022,DF_SOURCE_02,test
E:\source_videos_part_02\source_videos\M024\light_left\neutral\camera_down\M024_light_left_neutral_camera_down.mp4,real,M024,DF_SOURCE_02,val
E:\source_videos_part_02\source_videos\M025\light_rightup\sad\camera_rightfront\M025_light_rightup_sad_camera_rightfront.mp4,real,M025,DF_SOURCE_02,val
E:\source_videos_part_02\source_videos\M027\light_up\happy\camera_front\M027_light_up_happy_camera_front.mp4,real,M027,DF_SOURCE_02,train
E:\source_videos_part_02\source_videos\M026\light_leftup\contempt\camera_right\M026_light_leftup_contempt_camera_right.mp4,real,M026,DF_SOURCE_02,train
E:\source_videos_part_02\source_videos\M025\light_up\angry\camera_rightfront\M025_light_up_angry_camera_rightfront.mp4,real,M025,DF_SOURCE_02,val
E:\source_videos_part_02\source_videos\M024\light_rightdown\sad\camera_down\M024_light_rightdown_sad_camera_down.mp4,real,M024,DF_SOURCE_02,val
E:\source_videos_part_02\source_videos\M025\light_right\sad\camera_up\M025_light_right_sad_camera_up.mp4,real,M025,DF_SOURCE_02,val
E:\source_videos_part_02\source_videos\M026\light_rightup\disgust\camera_leftfront\M026_light_rightup_disgust_camera_leftfront.mp4,real,M026,DF_SOURCE_02,train
E:\source_videos_part_02\source_videos\M027\BlendShape\camera_rightfront\M027_BlendShape_camera_rightfront.mp4,real,M027,DF_SOURCE_02,train
E:\source_videos_part_02\source_videos\M026\light_up\contempt\camera_up\M026_light_up_contempt_camera_up.mp4,real,M026,DF_SOURCE_02,train
E:\source_videos_part_02\source_videos\M025\light_rightdown\neutral\camera_down\M025_light_rightdown_neutral_camera_down.mp4,real,M025,DF_SOURCE_02,val
E:\source_videos_part_02\source_videos\M027\light_left\fear\camera_front\M027_light_left_fear_camera_front.mp4,real,M027,DF_SOURCE_02,train
E:\source_videos_part_02\source_videos\M025\light_left\surprise\camera_up\M025_light_left_surprise_camera_up.mp4,real,M025,DF_SOURCE_02,val
E:\source_videos_part_02\source_videos\M024\light_down\disgust\camera_up\M024_light_down_disgust_camera_up.mp4,real,M024,DF_SOURCE_02,val
E:\source_videos_part_02\source_videos\M025\light_rightup\fear\camera_front\M025_light_rightup_fear_camera_front.mp4,real,M025,DF_SOURCE_02,val
E:\source_videos_part_02\source_videos\M024\light_leftdown\fear\camera_up\M024_light_leftdown_fear_camera_up.mp4,real,M024,DF_SOURCE_02,val
E:\source_videos_part_02\source_videos\M027\light_leftdown\contempt\camera_front\M027_light_leftdown_contempt_camera_front.mp4,real,M027,DF_SOURCE_02,train
E:\source_videos_part_02\source_videos\M024\light_right\disgust\camera_down\M024_light_right_disgust_camera_down.mp4,real,M024,DF_SOURCE_02,val
E:\source_videos_part_02\source_videos\M027\light_up\sad\camera_front\M027_light_up_sad_camera_front.mp4,real,M027,DF_SOURCE_02,train
E:\source_videos_part_02\source_videos\M023\light_rightup\contempt\camera_down\M023_light_rightup_contempt_camera_down.mp4,real,M023,DF_SOURCE_02,train
E:\source_videos_part_02\source_videos\M026\light_leftdown\neutral\camera_right\M026_light_leftdown_neutral_camera_right.mp4,real,M026,DF_SOURCE_02,train
E:\source_videos_part_02\source_videos\M025\light_uniform\surprise\camera_down\M025_light_uniform_surprise_camera_down.mp4,real,M025,DF_SOURCE_02,val
E:\source_videos_part_02\source_videos\M026\light_rightdown\surprise\camera_up\M026_light_rightdown_surprise_camera_up.mp4,real,M026,DF_SOURCE_02,train
E:\source_videos_part_02\source_videos\M024\light_rightdown\disgust\camera_up\M024_light_rightdown_disgust_camera_up.mp4,real,M024,DF_SOURCE_02,val
E:\source_videos_part_02\source_videos\M025\light_up\surprise\camera_right\M025_light_up_surprise_camera_right.mp4,real,M025,DF_SOURCE_02,val
E:\source_videos_part_02\source_videos\M022\light_leftup\neutral\camera_up\M022_light_leftup_neutral_camera_up.mp4,real,M022,DF_SOURCE_02,test
E:\source_videos_part_02\source_videos\M027\light_up\angry\camera_rightfront\M027_light_up_angry_camera_rightfront.mp4,real,M027,DF_SOURCE_02,train
E:\source_videos_part_02\source_videos\M024\light_right\neutral\camera_front\M024_light_right_neutral_camera_front.mp4,real,M024,DF_SOURCE_02,val
E:\source_videos_part_02\source_videos\M024\light_left\disgust\camera_down\M024_light_left_disgust_camera_down.mp4,real,M024,DF_SOURCE_02,val
E:\source_videos_part_02\source_videos\M022\light_uniform\contempt\camera_front\M022_light_uniform_contempt_camera_front.mp4,real,M022,DF_SOURCE_02,test
E:\source_videos_part_02\source_videos\M026\light_right\surprise\camera_up\M026_light_right_surprise_camera_up.mp4,real,M026,DF_SOURCE_02,train
E:\source_videos_part_02\source_videos\M026\light_rightup\fear\camera_up\M026_light_rightup_fear_camera_up.mp4,real,M026,DF_SOURCE_02,train
E:\source_videos_part_02\source_videos\M025\light_rightup\surprise\camera_right\M025_light_rightup_surprise_camera_right.mp4,real,M025,DF_SOURCE_02,val
E:\source_videos_part_02\source_videos\M025\light_uniform\contempt\camera_right\M025_light_uniform_contempt_camera_right.mp4,real,M025,DF_SOURCE_02,val
E:\source_videos_part_02\source_videos\M025\light_right\disgust\camera_leftfront\M025_light_right_disgust_camera_leftfront.mp4,real,M025,DF_SOURCE_02,val
E:\source_videos_part_03\source_videos\M031\light_right\surprise\camera_leftfront\M031_light_right_surprise_camera_leftfront.mp4,real,M031,DF_SOURCE_03,train
E:\source_videos_part_03\source_videos\M038\light_down\contempt\camera_down\M038_light_down_contempt_camera_down.mp4,real,M038,DF_SOURCE_03,train
E:\source_videos_part_03\source_videos\M030\light_down\neutral\camera_leftfront\M030_light_down_neutral_camera_leftfront.mp4,real,M030,DF_SOURCE_03,test
E:\source_videos_part_03\source_videos\M034\light_up\disgust\camera_left\M034_light_up_disgust_camera_left.mp4,real,M034,DF_SOURCE_03,train
E:\source_videos_part_03\source_videos\M038\light_down\contempt\camera_leftfront\M038_light_down_contempt_camera_leftfront.mp4,real,M038,DF_SOURCE_03,train
E:\source_videos_part_03\source_videos\M034\light_uniform\surprise\camera_left\M034_light_uniform_surprise_camera_left.mp4,real,M034,DF_SOURCE_03,train
E:\source_videos_part_03\source_videos\M031\light_down\sad\camera_front\M031_light_down_sad_camera_front.mp4,real,M031,DF_SOURCE_03,train
E:\source_videos_part_03\source_videos\M034\light_rightdown\neutral\camera_left\M034_light_rightdown_neutral_camera_left.mp4,real,M034,DF_SOURCE_03,train
E:\source_videos_part_03\source_videos\M028\light_uniform\disgust\camera_down\M028_light_uniform_disgust_camera_down.mp4,real,M028,DF_SOURCE_03,train
E:\source_videos_part_03\source_videos\M028\light_left\contempt\camera_down\M028_light_left_contempt_camera_down.mp4,real,M028,DF_SOURCE_03,train
E:\source_videos_part_03\source_videos\M028\light_down\contempt\camera_down\M028_light_down_contempt_camera_down.mp4,real,M028,DF_SOURCE_03,train
E:\source_videos_part_03\source_videos\M034\light_leftdown\neutral\camera_leftfront\M034_light_leftdown_neutral_camera_leftfront.mp4,real,M034,DF_SOURCE_03,train
E:\source_videos_part_03\source_videos\M028\BlendShape\camera_up\M028_BlendShape_camera_up.mp4,real,M028,DF_SOURCE_03,train
E:\source_videos_part_03\source_videos\M038\light_left\contempt\camera_left\M038_light_left_contempt_camera_left.mp4,real,M038,DF_SOURCE_03,train
E:\source_videos_part_03\source_videos\M028\light_up\disgust\camera_up\M028_light_up_disgust_camera_up.mp4,real,M028,DF_SOURCE_03,train
E:\source_videos_part_03\source_videos\M030\light_uniform\fear\camera_down\M030_light_uniform_fear_camera_down.mp4,real,M030,DF_SOURCE_03,test
E:\source_videos_part_03\source_videos\M030\light_leftup\disgust\camera_rightfront\M030_light_leftup_disgust_camera_rightfront.mp4,real,M030,DF_SOURCE_03,test
E:\source_videos_part_03\source_videos\M038\light_left\happy\camera_down\M038_light_left_happy_camera_down.mp4,real,M038,DF_SOURCE_03,train
E:\source_videos_part_03\source_videos\M028\light_leftdown\contempt\camera_front\M028_light_leftdown_contempt_camera_front.mp4,real,M028,DF_SOURCE_03,train
E:\source_videos_part_03\source_videos\M031\light_up\happy\camera_front\M031_light_up_happy_camera_front.mp4,real,M031,DF_SOURCE_03,train
E:\source_videos_part_03\source_videos\M028\light_down\contempt\camera_front\M028_light_down_contempt_camera_front.mp4,real,M028,DF_SOURCE_03,train
E:\source_videos_part_03\source_videos\M028\light_rightup\disgust\camera_left\M028_light_rightup_disgust_camera_left.mp4,real,M028,DF_SOURCE_03,train
E:\source_videos_part_03\source_videos\M038\light_right\surprise\camera_leftfront\M038_light_right_surprise_camera_leftfront.mp4,real,M038,DF_SOURCE_03,train
E:\source_videos_part_03\source_videos\M030\light_uniform\surprise\camera_front\M030_light_uniform_surprise_camera_front.mp4,real,M030,DF_SOURCE_03,test
E:\source_videos_part_03\source_videos\M030\light_up\happy\camera_front\M030_light_up_happy_camera_front.mp4,real,M030,DF_SOURCE_03,test
E:\source_videos_part_03\source_videos\M028\light_leftup\neutral\camera_down\M028_light_leftup_neutral_camera_down.mp4,real,M028,DF_SOURCE_03,train
E:\source_videos_part_03\source_videos\M029\light_uniform\fear\camera_down\M029_light_uniform_fear_camera_down.mp4,real,M029,DF_SOURCE_03,train
E:\source_videos_part_03\source_videos\M034\light_rightup\neutral\camera_up\M034_light_rightup_neutral_camera_up.mp4,real,M034,DF_SOURCE_03,train
E:\source_videos_part_03\source_videos\M031\light_right\disgust\camera_left\M031_light_right_disgust_camera_left.mp4,real,M031,DF_SOURCE_03,train
E:\source_videos_part_03\source_videos\M028\light_right\angry\camera_leftfront\M028_light_right_angry_camera_leftfront.mp4,real,M028,DF_SOURCE_03,train
E:\source_videos_part_03\source_videos\M030\light_left\surprise\camera_leftfront\M030_light_left_surprise_camera_leftfront.mp4,real,M030,DF_SOURCE_03,test
E:\source_videos_part_03\source_videos\M034\light_down\surprise\camera_right\M034_light_down_surprise_camera_right.mp4,real,M034,DF_SOURCE_03,train
E:\source_videos_part_03\source_videos\M030\light_up\fear\camera_leftfront\M030_light_up_fear_camera_leftfront.mp4,real,M030,DF_SOURCE_03,test
E:\source_videos_part_03\source_videos\M027\light_leftup\fear\camera_left\M027_light_leftup_fear_camera_left.mp4,real,M027,DF_SOURCE_03,train
E:\source_videos_part_03\source_videos\M030\light_left\contempt\camera_leftfront\M030_light_left_contempt_camera_leftfront.mp4,real,M030,DF_SOURCE_03,test
E:\source_videos_part_03\source_videos\M031\light_right\contempt\camera_left\M031_light_right_contempt_camera_left.mp4,real,M031,DF_SOURCE_03,train
E:\source_videos_part_03\source_videos\M030\light_rightdown\neutral\camera_down\M030_light_rightdown_neutral_camera_down.mp4,real,M030,DF_SOURCE_03,test
E:\source_videos_part_03\source_videos\M031\light_uniform\happy\camera_leftfront\M031_light_uniform_happy_camera_leftfront.mp4,real,M031,DF_SOURCE_03,train
E:\source_videos_part_03\source_videos\M034\light_left\surprise\camera_right\M034_light_left_surprise_camera_right.mp4,real,M034,DF_SOURCE_03,train
E:\source_videos_part_03\source_videos\M034\light_rightup\sad\camera_down\M034_light_rightup_sad_camera_down.mp4,real,M034,DF_SOURCE_03,train
E:\source_videos_part_03\source_videos\M029\light_rightup\contempt\camera_right\M029_light_rightup_contempt_camera_right.mp4,real,M029,DF_SOURCE_03,train
E:\source_videos_part_03\source_videos\M031\light_leftdown\surprise\camera_leftfront\M031_light_leftdown_surprise_camera_leftfront.mp4,real,M031,DF_SOURCE_03,train
E:\source_videos_part_03\source_videos\M028\light_rightdown\disgust\camera_right\M028_light_rightdown_disgust_camera_right.mp4,real,M028,DF_SOURCE_03,train
E:\source_videos_part_03\source_videos\M028\light_leftup\disgust\camera_up\M028_light_leftup_disgust_camera_up.mp4,real,M028,DF_SOURCE_03,train
E:\source_videos_part_03\source_videos\M031\light_uniform\happy\camera_up\M031_light_uniform_happy_camera_up.mp4,real,M031,DF_SOURCE_03,train
E:\source_videos_part_03\source_videos\M038\light_left\angry\camera_left\M038_light_left_angry_camera_left.mp4,real,M038,DF_SOURCE_03,train
E:\source_videos_part_03\source_videos\M029\light_leftdown\angry\camera_down\M029_light_leftdown_angry_camera_down.mp4,real,M029,DF_SOURCE_03,train
E:\source_videos_part_03\source_videos\M031\light_leftup\disgust\camera_right\M031_light_leftup_disgust_camera_right.mp4,real,M031,DF_SOURCE_03,train
E:\source_videos_part_03\source_videos\M038\light_left\happy\camera_leftfront\M038_light_left_happy_camera_leftfront.mp4,real,M038,DF_SOURCE_03,train
E:\source_videos_part_03\source_videos\M030\light_leftdown\angry\camera_down\M030_light_leftdown_angry_camera_down.mp4,real,M030,DF_SOURCE_03,test
E:\source_videos_part_03\source_videos\M030\light_leftdown\disgust\camera_down\M030_light_leftdown_disgust_camera_down.mp4,real,M030,DF_SOURCE_03,test
E:\source_videos_part_03\source_videos\M030\light_rightdown\fear\camera_up\M030_light_rightdown_fear_camera_up.mp4,real,M030,DF_SOURCE_03,test
E:\source_videos_part_03\source_videos\M030\light_uniform\happy\camera_right\M030_light_uniform_happy_camera_right.mp4,real,M030,DF_SOURCE_03,test
E:\source_videos_part_03\source_videos\M038\light_left\surprise\camera_up\M038_light_left_surprise_camera_up.mp4,real,M038,DF_SOURCE_03,train
E:\source_videos_part_03\source_videos\M031\light_leftup\happy\camera_down\M031_light_leftup_happy_camera_down.mp4,real,M031,DF_SOURCE_03,train
E:\source_videos_part_03\source_videos\M030\light_down\angry\camera_down\M030_light_down_angry_camera_down.mp4,real,M030,DF_SOURCE_03,test
E:\source_videos_part_03\source_videos\M030\light_down\angry\camera_left\M030_light_down_angry_camera_left.mp4,real,M030,DF_SOURCE_03,test
E:\source_videos_part_03\source_videos\M030\light_leftdown\surprise\camera_rightfront\M030_light_leftdown_surprise_camera_rightfront.mp4,real,M030,DF_SOURCE_03,test
E:\source_videos_part_03\source_videos\M034\light_leftdown\surprise\camera_down\M034_light_leftdown_surprise_camera_down.mp4,real,M034,DF_SOURCE_03,train
E:\source_videos_part_03\source_videos\M034\light_leftdown\fear\camera_left\M034_light_leftdown_fear_camera_left.mp4,real,M034,DF_SOURCE_03,train
E:\source_videos_part_03\source_videos\M038\light_down\surprise\camera_left\M038_light_down_surprise_camera_left.mp4,real,M038,DF_SOURCE_03,train
E:\source_videos_part_03\source_videos\M028\light_right\neutral\camera_leftfront\M028_light_right_neutral_camera_leftfront.mp4,real,M028,DF_SOURCE_03,train
E:\source_videos_part_03\source_videos\M031\light_right\sad\camera_up\M031_light_right_sad_camera_up.mp4,real,M031,DF_SOURCE_03,train
E:\source_videos_part_03\source_videos\M031\light_up\fear\camera_up\M031_light_up_fear_camera_up.mp4,real,M031,DF_SOURCE_03,train
E:\source_videos_part_03\source_videos\M029\light_left\disgust\camera_left\M029_light_left_disgust_camera_left.mp4,real,M029,DF_SOURCE_03,train
E:\source_videos_part_03\source_videos\M028\light_left\surprise\camera_down\M028_light_left_surprise_camera_down.mp4,real,M028,DF_SOURCE_03,train
E:\source_videos_part_03\source_videos\M034\BlendShape\camera_left\M034_BlendShape_camera_left.mp4,real,M034,DF_SOURCE_03,train
E:\source_videos_part_03\source_videos\M030\light_leftdown\fear\camera_left\M030_light_leftdown_fear_camera_left.mp4,real,M030,DF_SOURCE_03,test
E:\source_videos_part_03\source_videos\M028\light_rightdown\sad\camera_down\M028_light_rightdown_sad_camera_down.mp4,real,M028,DF_SOURCE_03,train
E:\source_videos_part_03\source_videos\M031\light_rightdown\angry\camera_left\M031_light_rightdown_angry_camera_left.mp4,real,M031,DF_SOURCE_03,train
E:\source_videos_part_03\source_videos\M028\light_rightup\neutral\camera_down\M028_light_rightup_neutral_camera_down.mp4,real,M028,DF_SOURCE_03,train
E:\source_videos_part_03\source_videos\M038\light_left\neutral\camera_front\M038_light_left_neutral_camera_front.mp4,real,M038,DF_SOURCE_03,train
E:\source_videos_part_03\source_videos\M031\light_leftup\angry\camera_leftfront\M031_light_leftup_angry_camera_leftfront.mp4,real,M031,DF_SOURCE_03,train
E:\source_videos_part_03\source_videos\M031\light_leftup\fear\camera_front\M031_light_leftup_fear_camera_front.mp4,real,M031,DF_SOURCE_03,train
E:\source_videos_part_03\source_videos\M038\light_uniform\happy\camera_rightfront\M038_light_uniform_happy_camera_rightfront.mp4,real,M038,DF_SOURCE_03,train
E:\source_videos_part_03\source_videos\M034\light_down\neutral\camera_up\M034_light_down_neutral_camera_up.mp4,real,M034,DF_SOURCE_03,train
E:\source_videos_part_03\source_videos\M029\light_leftup\fear\camera_front\M029_light_leftup_fear_camera_front.mp4,real,M029,DF_SOURCE_03,train
E:\source_videos_part_03\source_videos\M028\light_uniform\contempt\camera_front\M028_light_uniform_contempt_camera_front.mp4,real,M028,DF_SOURCE_03,train
E:\source_videos_part_03\source_videos\M038\light_down\surprise\camera_front\M038_light_down_surprise_camera_front.mp4,real,M038,DF_SOURCE_03,train
E:\source_videos_part_03\source_videos\M034\light_leftdown\happy\camera_rightfront\M034_light_leftdown_happy_camera_rightfront.mp4,real,M034,DF_SOURCE_03,train
E:\source_videos_part_03\source_videos\M029\light_down\contempt\camera_left\M029_light_down_contempt_camera_left.mp4,real,M029,DF_SOURCE_03,train
E:\source_videos_part_03\source_videos\M031\light_left\sad\camera_leftfront\M031_light_left_sad_camera_leftfront.mp4,real,M031,DF_SOURCE_03,train
E:\source_videos_part_03\source_videos\M028\light_right\disgust\camera_front\M028_light_right_disgust_camera_front.mp4,real,M028,DF_SOURCE_03,train
E:\source_videos_part_03\source_videos\M028\light_right\neutral\camera_down\M028_light_right_neutral_camera_down.mp4,real,M028,DF_SOURCE_03,train
E:\source_videos_part_03\source_videos\M030\light_leftdown\angry\camera_front\M030_light_leftdown_angry_camera_front.mp4,real,M030,DF_SOURCE_03,test
E:\source_videos_part_03\source_videos\M030\light_right\surprise\camera_leftfront\M030_light_right_surprise_camera_leftfront.mp4,real,M030,DF_SOURCE_03,test
E:\source_videos_part_03\source_videos\M029\light_rightup\fear\camera_rightfront\M029_light_rightup_fear_camera_rightfront.mp4,real,M029,DF_SOURCE_03,train
E:\source_videos_part_03\source_videos\M031\light_rightup\neutral\camera_rightfront\M031_light_rightup_neutral_camera_rightfront.mp4,real,M031,DF_SOURCE_03,train
E:\source_videos_part_03\source_videos\M030\light_leftdown\neutral\camera_right\M030_light_leftdown_neutral_camera_right.mp4,real,M030,DF_SOURCE_03,test
E:\source_videos_part_03\source_videos\M028\light_down\sad\camera_right\M028_light_down_sad_camera_right.mp4,real,M028,DF_SOURCE_03,train
E:\source_videos_part_03\source_videos\M028\light_left\angry\camera_right\M028_light_left_angry_camera_right.mp4,real,M028,DF_SOURCE_03,train
E:\source_videos_part_03\source_videos\M034\light_leftup\disgust\camera_front\M034_light_leftup_disgust_camera_front.mp4,real,M034,DF_SOURCE_03,train
E:\source_videos_part_03\source_videos\M034\light_leftup\happy\camera_up\M034_light_leftup_happy_camera_up.mp4,real,M034,DF_SOURCE_03,train
E:\source_videos_part_03\source_videos\M034\light_up\disgust\camera_up\M034_light_up_disgust_camera_up.mp4,real,M034,DF_SOURCE_03,train
E:\source_videos_part_03\source_videos\M028\light_uniform\fear\camera_leftfront\M028_light_uniform_fear_camera_leftfront.mp4,real,M028,DF_SOURCE_03,train
E:\source_videos_part_03\source_videos\M038\light_uniform\sad\camera_leftfront\M038_light_uniform_sad_camera_leftfront.mp4,real,M038,DF_SOURCE_03,train
E:\source_videos_part_03\source_videos\M031\light_rightup\angry\camera_right\M031_light_rightup_angry_camera_right.mp4,real,M031,DF_SOURCE_03,train
E:\source_videos_part_03\source_videos\M030\light_right\happy\camera_front\M030_light_right_happy_camera_front.mp4,real,M030,DF_SOURCE_03,test
E:\source_videos_part_03\source_videos\M031\light_left\sad\camera_right\M031_light_left_sad_camera_right.mp4,real,M031,DF_SOURCE_03,train
E:\source_videos_part_03\source_videos\M029\light_left\surprise\camera_leftfront\M029_light_left_surprise_camera_leftfront.mp4,real,M029,DF_SOURCE_03,train
E:\source_videos_part_03\source_videos\M028\light_right\surprise\camera_down\M028_light_right_surprise_camera_down.mp4,real,M028,DF_SOURCE_03,train
E:\source_videos_part_03\source_videos\M028\light_uniform\disgust\camera_front\M028_light_uniform_disgust_camera_front.mp4,real,M028,DF_SOURCE_03,train
E:\source_videos_part_03\source_videos\M029\light_left\happy\camera_left\M029_light_left_happy_camera_left.mp4,real,M029,DF_SOURCE_03,train
E:\source_videos_part_03\source_videos\M029\light_rightdown\fear\camera_front\M029_light_rightdown_fear_camera_front.mp4,real,M029,DF_SOURCE_03,train
E:\source_videos_part_03\source_videos\M038\light_rightup\disgust\camera_left\M038_light_rightup_disgust_camera_left.mp4,real,M038,DF_SOURCE_03,train
E:\source_videos_part_03\source_videos\M030\light_left\neutral\camera_left\M030_light_left_neutral_camera_left.mp4,real,M030,DF_SOURCE_03,test
E:\source_videos_part_03\source_videos\M030\light_right\sad\camera_left\M030_light_right_sad_camera_left.mp4,real,M030,DF_SOURCE_03,test
E:\source_videos_part_03\source_videos\M031\light_uniform\neutral\camera_leftfront\M031_light_uniform_neutral_camera_leftfront.mp4,real,M031,DF_SOURCE_03,train
E:\source_videos_part_03\source_videos\M034\light_down\surprise\camera_rightfront\M034_light_down_surprise_camera_rightfront.mp4,real,M034,DF_SOURCE_03,train
E:\source_videos_part_03\source_videos\M034\light_uniform\sad\camera_up\M034_light_uniform_sad_camera_up.mp4,real,M034,DF_SOURCE_03,train
E:\source_videos_part_03\source_videos\M031\light_leftup\contempt\camera_rightfront\M031_light_leftup_contempt_camera_rightfront.mp4,real,M031,DF_SOURCE_03,train
E:\source_videos_part_03\source_videos\M038\light_right\disgust\camera_down\M038_light_right_disgust_camera_down.mp4,real,M038,DF_SOURCE_03,train
E:\source_videos_part_03\source_videos\M029\light_rightup\sad\camera_leftfront\M029_light_rightup_sad_camera_leftfront.mp4,real,M029,DF_SOURCE_03,train
E:\source_videos_part_03\source_videos\M034\light_up\fear\camera_leftfront\M034_light_up_fear_camera_leftfront.mp4,real,M034,DF_SOURCE_03,train
E:\source_videos_part_03\source_videos\M030\light_right\angry\camera_up\M030_light_right_angry_camera_up.mp4,real,M030,DF_SOURCE_03,test
E:\source_videos_part_03\source_videos\M031\light_up\disgust\camera_right\M031_light_up_disgust_camera_right.mp4,real,M031,DF_SOURCE_03,train
E:\source_videos_part_03\source_videos\M031\light_down\disgust\camera_up\M031_light_down_disgust_camera_up.mp4,real,M031,DF_SOURCE_03,train
E:\source_videos_part_03\source_videos\M030\light_leftdown\disgust\camera_up\M030_light_leftdown_disgust_camera_up.mp4,real,M030,DF_SOURCE_03,test
E:\source_videos_part_03\source_videos\M031\light_uniform\happy\camera_rightfront\M031_light_uniform_happy_camera_rightfront.mp4,real,M031,DF_SOURCE_03,train
E:\source_videos_part_03\source_videos\M038\light_right\neutral\camera_up\M038_light_right_neutral_camera_up.mp4,real,M038,DF_SOURCE_03,train
E:\source_videos_part_03\source_videos\M030\light_left\disgust\camera_down\M030_light_left_disgust_camera_down.mp4,real,M030,DF_SOURCE_03,test
E:\source_videos_part_03\source_videos\M031\light_up\happy\camera_down\M031_light_up_happy_camera_down.mp4,real,M031,DF_SOURCE_03,train
E:\source_videos_part_03\source_videos\M034\light_leftdown\sad\camera_front\M034_light_leftdown_sad_camera_front.mp4,real,M034,DF_SOURCE_03,train
E:\source_videos_part_03\source_videos\M030\light_leftdown\happy\camera_rightfront\M030_light_leftdown_happy_camera_rightfront.mp4,real,M030,DF_SOURCE_03,test
E:\source_videos_part_03\source_videos\M028\light_uniform\fear\camera_front\M028_light_uniform_fear_camera_front.mp4,real,M028,DF_SOURCE_03,train
E:\source_videos_part_03\source_videos\M038\light_uniform\disgust\camera_front\M038_light_uniform_disgust_camera_front.mp4,real,M038,DF_SOURCE_03,train
E:\source_videos_part_03\source_videos\M034\light_down\surprise\camera_down\M034_light_down_surprise_camera_down.mp4,real,M034,DF_SOURCE_03,train
E:\source_videos_part_03\source_videos\M029\light_left\contempt\camera_leftfront\M029_light_left_contempt_camera_leftfront.mp4,real,M029,DF_SOURCE_03,train
E:\source_videos_part_03\source_videos\M028\light_leftup\fear\camera_right\M028_light_leftup_fear_camera_right.mp4,real,M028,DF_SOURCE_03,train
E:\source_videos_part_03\source_videos\M028\light_leftdown\surprise\camera_left\M028_light_leftdown_surprise_camera_left.mp4,real,M028,DF_SOURCE_03,train
E:\source_videos_part_03\source_videos\M030\light_rightdown\surprise\camera_right\M030_light_rightdown_surprise_camera_right.mp4,real,M030,DF_SOURCE_03,test
E:\source_videos_part_03\source_videos\M038\light_uniform\happy\camera_front\M038_light_uniform_happy_camera_front.mp4,real,M038,DF_SOURCE_03,train
E:\source_videos_part_03\source_videos\M034\light_leftup\surprise\camera_leftfront\M034_light_leftup_surprise_camera_leftfront.mp4,real,M034,DF_SOURCE_03,train
E:\source_videos_part_03\source_videos\M038\light_down\neutral\camera_left\M038_light_down_neutral_camera_left.mp4,real,M038,DF_SOURCE_03,train
E:\source_videos_part_03\source_videos\M030\light_uniform\happy\camera_up\M030_light_uniform_happy_camera_up.mp4,real,M030,DF_SOURCE_03,test
E:\source_videos_part_03\source_videos\M030\light_rightdown\happy\camera_up\M030_light_rightdown_happy_camera_up.mp4,real,M030,DF_SOURCE_03,test
E:\source_videos_part_03\source_videos\M034\light_leftdown\contempt\camera_leftfront\M034_light_leftdown_contempt_camera_leftfront.mp4,real,M034,DF_SOURCE_03,train
E:\source_videos_part_03\source_videos\M029\light_leftdown\happy\camera_rightfront\M029_light_leftdown_happy_camera_rightfront.mp4,real,M029,DF_SOURCE_03,train
E:\source_videos_part_03\source_videos\M034\light_leftup\sad\camera_rightfront\M034_light_leftup_sad_camera_rightfront.mp4,real,M034,DF_SOURCE_03,train
E:\source_videos_part_03\source_videos\M034\light_left\contempt\camera_rightfront\M034_light_left_contempt_camera_rightfront.mp4,real,M034,DF_SOURCE_03,train
E:\source_videos_part_03\source_videos\M030\light_leftdown\fear\camera_down\M030_light_leftdown_fear_camera_down.mp4,real,M030,DF_SOURCE_03,test
E:\source_videos_part_03\source_videos\M030\light_leftdown\contempt\camera_down\M030_light_leftdown_contempt_camera_down.mp4,real,M030,DF_SOURCE_03,test
E:\source_videos_part_03\source_videos\M028\light_leftdown\happy\camera_right\M028_light_leftdown_happy_camera_right.mp4,real,M028,DF_SOURCE_03,train
E:\source_videos_part_03\source_videos\M030\light_leftup\angry\camera_leftfront\M030_light_leftup_angry_camera_leftfront.mp4,real,M030,DF_SOURCE_03,test
E:\source_videos_part_03\source_videos\M029\light_down\happy\camera_right\M029_light_down_happy_camera_right.mp4,real,M029,DF_SOURCE_03,train
E:\source_videos_part_03\source_videos\M028\light_down\fear\camera_rightfront\M028_light_down_fear_camera_rightfront.mp4,real,M028,DF_SOURCE_03,train
E:\source_videos_part_03\source_videos\M038\light_left\disgust\camera_left\M038_light_left_disgust_camera_left.mp4,real,M038,DF_SOURCE_03,train
E:\source_videos_part_03\source_videos\M034\light_down\disgust\camera_up\M034_light_down_disgust_camera_up.mp4,real,M034,DF_SOURCE_03,train
E:\source_videos_part_03\source_videos\M028\light_down\disgust\camera_front\M028_light_down_disgust_camera_front.mp4,real,M028,DF_SOURCE_03,train
E:\source_videos_part_03\source_videos\M030\light_left\contempt\camera_down\M030_light_left_contempt_camera_down.mp4,real,M030,DF_SOURCE_03,test
E:\source_videos_part_03\source_videos\M030\light_left\angry\camera_front\M030_light_left_angry_camera_front.mp4,real,M030,DF_SOURCE_03,test
E:\source_videos_part_03\source_videos\M034\light_left\sad\camera_up\M034_light_left_sad_camera_up.mp4,real,M034,DF_SOURCE_03,train
E:\source_videos_part_03\source_videos\M031\light_uniform\sad\camera_down\M031_light_uniform_sad_camera_down.mp4,real,M031,DF_SOURCE_03,train
E:\source_videos_part_03\source_videos\M038\light_leftdown\fear\camera_rightfront\M038_light_leftdown_fear_camera_rightfront.mp4,real,M038,DF_SOURCE_03,train
E:\source_videos_part_03\source_videos\M029\light_uniform\angry\camera_up\M029_light_uniform_angry_camera_up.mp4,real,M029,DF_SOURCE_03,train
E:\source_videos_part_03\source_videos\M031\light_left\neutral\camera_left\M031_light_left_neutral_camera_left.mp4,real,M031,DF_SOURCE_03,train
E:\source_videos_part_03\source_videos\M031\light_right\surprise\camera_down\M031_light_right_surprise_camera_down.mp4,real,M031,DF_SOURCE_03,train
E:\source_videos_part_03\source_videos\M031\light_right\fear\camera_left\M031_light_right_fear_camera_left.mp4,real,M031,DF_SOURCE_03,train
E:\source_videos_part_03\source_videos\M030\light_uniform\contempt\camera_leftfront\M030_light_uniform_contempt_camera_leftfront.mp4,real,M030,DF_SOURCE_03,test
E:\source_videos_part_03\source_videos\M031\light_rightup\happy\camera_left\M031_light_rightup_happy_camera_left.mp4,real,M031,DF_SOURCE_03,train
E:\source_videos_part_03\source_videos\M038\light_right\fear\camera_rightfront\M038_light_right_fear_camera_rightfront.mp4,real,M038,DF_SOURCE_03,train
E:\source_videos_part_03\source_videos\M029\light_uniform\fear\camera_up\M029_light_uniform_fear_camera_up.mp4,real,M029,DF_SOURCE_03,train
E:\source_videos_part_03\source_videos\M038\light_up\angry\camera_front\M038_light_up_angry_camera_front.mp4,real,M038,DF_SOURCE_03,train
E:\source_videos_part_03\source_videos\M030\light_uniform\angry\camera_right\M030_light_uniform_angry_camera_right.mp4,real,M030,DF_SOURCE_03,test
E:\source_videos_part_03\source_videos\M031\light_uniform\angry\camera_leftfront\M031_light_uniform_angry_camera_leftfront.mp4,real,M031,DF_SOURCE_03,train
E:\source_videos_part_03\source_videos\M030\light_down\disgust\camera_right\M030_light_down_disgust_camera_right.mp4,real,M030,DF_SOURCE_03,test
E:\source_videos_part_03\source_videos\M029\light_rightdown\surprise\camera_front\M029_light_rightdown_surprise_camera_front.mp4,real,M029,DF_SOURCE_03,train
E:\source_videos_part_03\source_videos\M034\light_rightup\surprise\camera_front\M034_light_rightup_surprise_camera_front.mp4,real,M034,DF_SOURCE_03,train
E:\source_videos_part_03\source_videos\M038\light_right\disgust\camera_left\M038_light_right_disgust_camera_left.mp4,real,M038,DF_SOURCE_03,train
E:\source_videos_part_03\source_videos\M030\light_left\angry\camera_down\M030_light_left_angry_camera_down.mp4,real,M030,DF_SOURCE_03,test
E:\source_videos_part_03\source_videos\M030\light_up\happy\camera_left\M030_light_up_happy_camera_left.mp4,real,M030,DF_SOURCE_03,test
E:\source_videos_part_03\source_videos\M030\light_rightup\surprise\camera_rightfront\M030_light_rightup_surprise_camera_rightfront.mp4,real,M030,DF_SOURCE_03,test
E:\source_videos_part_03\source_videos\M034\light_rightup\happy\camera_down\M034_light_rightup_happy_camera_down.mp4,real,M034,DF_SOURCE_03,train
E:\source_videos_part_03\source_videos\M030\light_rightup\surprise\camera_leftfront\M030_light_rightup_surprise_camera_leftfront.mp4,real,M030,DF_SOURCE_03,test
E:\source_videos_part_03\source_videos\M034\light_down\angry\camera_down\M034_light_down_angry_camera_down.mp4,real,M034,DF_SOURCE_03,train
E:\source_videos_part_03\source_videos\M027\light_leftup\surprise\camera_right\M027_light_leftup_surprise_camera_right.mp4,real,M027,DF_SOURCE_03,train
E:\source_videos_part_03\source_videos\M028\light_left\neutral\camera_up\M028_light_left_neutral_camera_up.mp4,real,M028,DF_SOURCE_03,train
E:\source_videos_part_03\source_videos\M028\light_rightup\happy\camera_leftfront\M028_light_rightup_happy_camera_leftfront.mp4,real,M028,DF_SOURCE_03,train
E:\source_videos_part_03\source_videos\M038\light_up\disgust\camera_rightfront\M038_light_up_disgust_camera_rightfront.mp4,real,M038,DF_SOURCE_03,train
E:\source_videos_part_03\source_videos\M030\light_leftdown\angry\camera_up\M030_light_leftdown_angry_camera_up.mp4,real,M030,DF_SOURCE_03,test
E:\source_videos_part_03\source_videos\M029\light_rightdown\surprise\camera_right\M029_light_rightdown_surprise_camera_right.mp4,real,M029,DF_SOURCE_03,train
E:\source_videos_part_03\source_videos\M030\light_rightup\disgust\camera_up\M030_light_rightup_disgust_camera_up.mp4,real,M030,DF_SOURCE_03,test
E:\source_videos_part_03\source_videos\M038\light_right\disgust\camera_rightfront\M038_light_right_disgust_camera_rightfront.mp4,real,M038,DF_SOURCE_03,train
E:\source_videos_part_03\source_videos\M030\light_down\fear\camera_front\M030_light_down_fear_camera_front.mp4,real,M030,DF_SOURCE_03,test
E:\source_videos_part_03\source_videos\M031\light_rightdown\sad\camera_leftfront\M031_light_rightdown_sad_camera_leftfront.mp4,real,M031,DF_SOURCE_03,train
E:\source_videos_part_03\source_videos\M038\light_up\disgust\camera_up\M038_light_up_disgust_camera_up.mp4,real,M038,DF_SOURCE_03,train
E:\source_videos_part_03\source_videos\M031\light_down\sad\camera_rightfront\M031_light_down_sad_camera_rightfront.mp4,real,M031,DF_SOURCE_03,train
E:\source_videos_part_03\source_videos\M031\light_up\happy\camera_rightfront\M031_light_up_happy_camera_rightfront.mp4,real,M031,DF_SOURCE_03,train
E:\source_videos_part_03\source_videos\M031\light_right\surprise\camera_front\M031_light_right_surprise_camera_front.mp4,real,M031,DF_SOURCE_03,train
E:\source_videos_part_03\source_videos\M030\light_right\contempt\camera_rightfront\M030_light_right_contempt_camera_rightfront.mp4,real,M030,DF_SOURCE_03,test
E:\source_videos_part_03\source_videos\M029\light_right\happy\camera_up\M029_light_right_happy_camera_up.mp4,real,M029,DF_SOURCE_03,train
E:\source_videos_part_03\source_videos\M031\light_left\fear\camera_rightfront\M031_light_left_fear_camera_rightfront.mp4,real,M031,DF_SOURCE_03,train
E:\source_videos_part_03\source_videos\M028\light_leftdown\surprise\camera_down\M028_light_leftdown_surprise_camera_down.mp4,real,M028,DF_SOURCE_03,train
E:\source_videos_part_03\source_videos\M028\light_right\disgust\camera_down\M028_light_right_disgust_camera_down.mp4,real,M028,DF_SOURCE_03,train
E:\source_videos_part_03\source_videos\M031\light_rightdown\angry\camera_right\M031_light_rightdown_angry_camera_right.mp4,real,M031,DF_SOURCE_03,train
E:\source_videos_part_03\source_videos\M034\light_right\surprise\camera_leftfront\M034_light_right_surprise_camera_leftfront.mp4,real,M034,DF_SOURCE_03,train
E:\source_videos_part_03\source_videos\M034\light_rightdown\neutral\camera_down\M034_light_rightdown_neutral_camera_down.mp4,real,M034,DF_SOURCE_03,train
E:\source_videos_part_03\source_videos\M027\light_leftup\neutral\camera_down\M027_light_leftup_neutral_camera_down.mp4,real,M027,DF_SOURCE_03,train
E:\source_videos_part_03\source_videos\M030\light_down\contempt\camera_leftfront\M030_light_down_contempt_camera_leftfront.mp4,real,M030,DF_SOURCE_03,test
E:\source_videos_part_03\source_videos\M030\light_right\disgust\camera_down\M030_light_right_disgust_camera_down.mp4,real,M030,DF_SOURCE_03,test
E:\source_videos_part_03\source_videos\M028\light_leftdown\neutral\camera_right\M028_light_leftdown_neutral_camera_right.mp4,real,M028,DF_SOURCE_03,train
E:\source_videos_part_03\source_videos\M031\light_left\surprise\camera_up\M031_light_left_surprise_camera_up.mp4,real,M031,DF_SOURCE_03,train
E:\source_videos_part_03\source_videos\M034\light_leftdown\fear\camera_down\M034_light_leftdown_fear_camera_down.mp4,real,M034,DF_SOURCE_03,train
E:\source_videos_part_03\source_videos\M028\light_rightup\sad\camera_up\M028_light_rightup_sad_camera_up.mp4,real,M028,DF_SOURCE_03,train
E:\source_videos_part_03\source_videos\M029\light_rightdown\angry\camera_down\M029_light_rightdown_angry_camera_down.mp4,real,M029,DF_SOURCE_03,train
E:\source_videos_part_03\source_videos\M030\BlendShape\camera_left\M030_BlendShape_camera_left.mp4,real,M030,DF_SOURCE_03,test
E:\source_videos_part_03\source_videos\M031\light_rightup\sad\camera_up\M031_light_rightup_sad_camera_up.mp4,real,M031,DF_SOURCE_03,train
E:\source_videos_part_03\source_videos\M029\light_down\fear\camera_rightfront\M029_light_down_fear_camera_rightfront.mp4,real,M029,DF_SOURCE_03,train
E:\source_videos_part_03\source_videos\M029\light_rightdown\contempt\camera_rightfront\M029_light_rightdown_contempt_camera_rightfront.mp4,real,M029,DF_SOURCE_03,train
E:\source_videos_part_03\source_videos\M030\BlendShape\camera_rightfront\M030_BlendShape_camera_rightfront.mp4,real,M030,DF_SOURCE_03,test
E:\source_videos_part_04\source_videos\M109\light_up\angry\camera_left\M109_light_up_angry_camera_left.mp4,real,M109,DF_SOURCE_04,train
E:\source_videos_part_04\source_videos\M109\light_rightdown\happy\camera_front\M109_light_rightdown_happy_camera_front.mp4,real,M109,DF_SOURCE_04,train
E:\source_videos_part_04\source_videos\M101\light_right\disgust\camera_down\M101_light_right_disgust_camera_down.mp4,real,M101,DF_SOURCE_04,train
E:\source_videos_part_04\source_videos\M101\light_rightup\sad\camera_left\M101_light_rightup_sad_camera_left.mp4,real,M101,DF_SOURCE_04,train
E:\source_videos_part_04\source_videos\M114\light_left\happy\camera_down\M114_light_left_happy_camera_down.mp4,real,M114,DF_SOURCE_04,train
E:\source_videos_part_04\source_videos\M039\light_up\sad\camera_right\M039_light_up_sad_camera_right.mp4,real,M039,DF_SOURCE_04,val
E:\source_videos_part_04\source_videos\M109\light_leftdown\happy\camera_down\M109_light_leftdown_happy_camera_down.mp4,real,M109,DF_SOURCE_04,train
E:\source_videos_part_04\source_videos\M109\light_left\disgust\camera_down\M109_light_left_disgust_camera_down.mp4,real,M109,DF_SOURCE_04,train
E:\source_videos_part_04\source_videos\M113\light_rightup\surprise\camera_right\M113_light_rightup_surprise_camera_right.mp4,real,M113,DF_SOURCE_04,train
E:\source_videos_part_04\source_videos\M114\light_left\neutral\camera_front\M114_light_left_neutral_camera_front.mp4,real,M114,DF_SOURCE_04,train
E:\source_videos_part_04\source_videos\M113\light_leftdown\neutral\camera_rightfront\M113_light_leftdown_neutral_camera_rightfront.mp4,real,M113,DF_SOURCE_04,train
E:\source_videos_part_04\source_videos\M113\light_right\surprise\camera_down\M113_light_right_surprise_camera_down.mp4,real,M113,DF_SOURCE_04,train
E:\source_videos_part_04\source_videos\M039\light_rightup\happy\camera_down\M039_light_rightup_happy_camera_down.mp4,real,M039,DF_SOURCE_04,val
E:\source_videos_part_04\source_videos\M109\light_leftup\disgust\camera_leftfront\M109_light_leftup_disgust_camera_leftfront.mp4,real,M109,DF_SOURCE_04,train
E:\source_videos_part_04\source_videos\M109\light_up\disgust\camera_left\M109_light_up_disgust_camera_left.mp4,real,M109,DF_SOURCE_04,train
E:\source_videos_part_04\source_videos\M113\light_right\sad\camera_up\M113_light_right_sad_camera_up.mp4,real,M113,DF_SOURCE_04,train
E:\source_videos_part_04\source_videos\M109\light_down\surprise\camera_rightfront\M109_light_down_surprise_camera_rightfront.mp4,real,M109,DF_SOURCE_04,train
E:\source_videos_part_04\source_videos\M109\light_uniform\angry\camera_front\M109_light_uniform_angry_camera_front.mp4,real,M109,DF_SOURCE_04,train
E:\source_videos_part_04\source_videos\M039\light_rightdown\contempt\camera_right\M039_light_rightdown_contempt_camera_right.mp4,real,M039,DF_SOURCE_04,val
E:\source_videos_part_04\source_videos\M109\light_uniform\sad\camera_leftfront\M109_light_uniform_sad_camera_leftfront.mp4,real,M109,DF_SOURCE_04,train
E:\source_videos_part_04\source_videos\M101\light_down\disgust\camera_up\M101_light_down_disgust_camera_up.mp4,real,M101,DF_SOURCE_04,train
E:\source_videos_part_04\source_videos\M109\light_up\happy\camera_rightfront\M109_light_up_happy_camera_rightfront.mp4,real,M109,DF_SOURCE_04,train
E:\source_videos_part_04\source_videos\M114\light_left\contempt\camera_leftfront\M114_light_left_contempt_camera_leftfront.mp4,real,M114,DF_SOURCE_04,train
E:\source_videos_part_04\source_videos\M101\light_leftdown\fear\camera_down\M101_light_leftdown_fear_camera_down.mp4,real,M101,DF_SOURCE_04,train
E:\source_videos_part_04\source_videos\M113\light_down\surprise\camera_left\M113_light_down_surprise_camera_left.mp4,real,M113,DF_SOURCE_04,train
E:\source_videos_part_04\source_videos\M038\light_leftup\fear\camera_rightfront\M038_light_leftup_fear_camera_rightfront.mp4,real,M038,DF_SOURCE_04,train
E:\source_videos_part_04\source_videos\M113\light_rightup\contempt\camera_left\M113_light_rightup_contempt_camera_left.mp4,real,M113,DF_SOURCE_04,train
E:\source_videos_part_04\source_videos\M113\light_left\disgust\camera_leftfront\M113_light_left_disgust_camera_leftfront.mp4,real,M113,DF_SOURCE_04,train
E:\source_videos_part_04\source_videos\M109\light_rightup\surprise\camera_left\M109_light_rightup_surprise_camera_left.mp4,real,M109,DF_SOURCE_04,train
E:\source_videos_part_04\source_videos\M113\light_up\angry\camera_left\M113_light_up_angry_camera_left.mp4,real,M113,DF_SOURCE_04,train
E:\source_videos_part_04\source_videos\M038\light_leftup\sad\camera_left\M038_light_leftup_sad_camera_left.mp4,real,M038,DF_SOURCE_04,train
E:\source_videos_part_04\source_videos\M039\light_leftup\neutral\camera_front\M039_light_leftup_neutral_camera_front.mp4,real,M039,DF_SOURCE_04,val
E:\source_videos_part_04\source_videos\M038\light_leftup\contempt\camera_down\M038_light_leftup_contempt_camera_down.mp4,real,M038,DF_SOURCE_04,train
E:\source_videos_part_04\source_videos\M114\light_up\angry\camera_up\M114_light_up_angry_camera_up.mp4,real,M114,DF_SOURCE_04,train
E:\source_videos_part_04\source_videos\M039\light_rightup\surprise\camera_down\M039_light_rightup_surprise_camera_down.mp4,real,M039,DF_SOURCE_04,val
E:\source_videos_part_04\source_videos\M109\light_leftdown\angry\camera_leftfront\M109_light_leftdown_angry_camera_leftfront.mp4,real,M109,DF_SOURCE_04,train
E:\source_videos_part_04\source_videos\M113\light_leftup\neutral\camera_up\M113_light_leftup_neutral_camera_up.mp4,real,M113,DF_SOURCE_04,train
E:\source_videos_part_04\source_videos\M113\light_rightdown\neutral\camera_front\M113_light_rightdown_neutral_camera_front.mp4,real,M113,DF_SOURCE_04,train
E:\source_videos_part_04\source_videos\M101\light_right\sad\camera_front\M101_light_right_sad_camera_front.mp4,real,M101,DF_SOURCE_04,train
E:\source_videos_part_04\source_videos\M039\light_right\angry\camera_up\M039_light_right_angry_camera_up.mp4,real,M039,DF_SOURCE_04,val
E:\source_videos_part_04\source_videos\M109\light_left\angry\camera_left\M109_light_left_angry_camera_left.mp4,real,M109,DF_SOURCE_04,train
E:\source_videos_part_04\source_videos\M101\light_rightup\disgust\camera_down\M101_light_rightup_disgust_camera_down.mp4,real,M101,DF_SOURCE_04,train
E:\source_videos_part_04\source_videos\M114\light_rightup\happy\camera_leftfront\M114_light_rightup_happy_camera_leftfront.mp4,real,M114,DF_SOURCE_04,train
E:\source_videos_part_04\source_videos\M039\BlendShape\camera_leftfront\M039_BlendShape_camera_leftfront.mp4,real,M039,DF_SOURCE_04,val
E:\source_videos_part_04\source_videos\M109\light_right\surprise\camera_rightfront\M109_light_right_surprise_camera_rightfront.mp4,real,M109,DF_SOURCE_04,train
E:\source_videos_part_04\source_videos\M109\light_leftup\fear\camera_leftfront\M109_light_leftup_fear_camera_leftfront.mp4,real,M109,DF_SOURCE_04,train
E:\source_videos_part_04\source_videos\M113\light_rightup\neutral\camera_leftfront\M113_light_rightup_neutral_camera_leftfront.mp4,real,M113,DF_SOURCE_04,train
E:\source_videos_part_04\source_videos\M114\light_left\angry\camera_leftfront\M114_light_left_angry_camera_leftfront.mp4,real,M114,DF_SOURCE_04,train
E:\source_videos_part_04\source_videos\M113\light_left\fear\camera_front\M113_light_left_fear_camera_front.mp4,real,M113,DF_SOURCE_04,train
E:\source_videos_part_04\source_videos\M106\BlendShape_extra\light_left\camera_rightfront\M106_BlendShape_extra_light_left_camera_rightfront.mp4,real,M106,DF_SOURCE_04,train
E:\source_videos_part_04\source_videos\M039\light_leftup\surprise\camera_down\M039_light_leftup_surprise_camera_down.mp4,real,M039,DF_SOURCE_04,val
E:\source_videos_part_04\source_videos\M101\light_left\happy\camera_rightfront\M101_light_left_happy_camera_rightfront.mp4,real,M101,DF_SOURCE_04,train
E:\source_videos_part_04\source_videos\M114\light_up\neutral\camera_left\M114_light_up_neutral_camera_left.mp4,real,M114,DF_SOURCE_04,train
E:\source_videos_part_04\source_videos\M106\BlendShape\camera_left\M106_BlendShape_camera_left.mp4,real,M106,DF_SOURCE_04,train
E:\source_videos_part_04\source_videos\M113\light_right\surprise\camera_leftfront\M113_light_right_surprise_camera_leftfront.mp4,real,M113,DF_SOURCE_04,train
E:\source_videos_part_04\source_videos\M109\light_rightdown\contempt\camera_right\M109_light_rightdown_contempt_camera_right.mp4,real,M109,DF_SOURCE_04,train
E:\source_videos_part_04\source_videos\M113\light_down\fear\camera_down\M113_light_down_fear_camera_down.mp4,real,M113,DF_SOURCE_04,train
E:\source_videos_part_04\source_videos\M109\light_up\sad\camera_leftfront\M109_light_up_sad_camera_leftfront.mp4,real,M109,DF_SOURCE_04,train
E:\source_videos_part_04\source_videos\M109\light_left\surprise\camera_left\M109_light_left_surprise_camera_left.mp4,real,M109,DF_SOURCE_04,train
E:\source_videos_part_04\source_videos\M039\light_up\angry\camera_up\M039_light_up_angry_camera_up.mp4,real,M039,DF_SOURCE_04,val
E:\source_videos_part_04\source_videos\M114\light_left\sad\camera_right\M114_light_left_sad_camera_right.mp4,real,M114,DF_SOURCE_04,train
E:\source_videos_part_04\source_videos\M101\light_down\angry\camera_rightfront\M101_light_down_angry_camera_rightfront.mp4,real,M101,DF_SOURCE_04,train
E:\source_videos_part_04\source_videos\M039\light_rightup\surprise\camera_rightfront\M039_light_rightup_surprise_camera_rightfront.mp4,real,M039,DF_SOURCE_04,val
E:\source_videos_part_04\source_videos\M114\light_left\happy\camera_up\M114_light_left_happy_camera_up.mp4,real,M114,DF_SOURCE_04,train
E:\source_videos_part_04\source_videos\M101\light_leftdown\disgust\camera_leftfront\M101_light_leftdown_disgust_camera_leftfront.mp4,real,M101,DF_SOURCE_04,train
E:\source_videos_part_04\source_videos\M039\light_uniform\sad\camera_down\M039_light_uniform_sad_camera_down.mp4,real,M039,DF_SOURCE_04,val
E:\source_videos_part_04\source_videos\M101\light_leftup\contempt\camera_left\M101_light_leftup_contempt_camera_left.mp4,real,M101,DF_SOURCE_04,train
E:\source_videos_part_04\source_videos\M104\BlendShape_extra\light_right\camera_up\M104_BlendShape_extra_light_right_camera_up.mp4,real,M104,DF_SOURCE_04,train
E:\source_videos_part_04\source_videos\M109\light_rightup\angry\camera_right\M109_light_rightup_angry_camera_right.mp4,real,M109,DF_SOURCE_04,train
E:\source_videos_part_04\source_videos\M039\light_left\fear\camera_front\M039_light_left_fear_camera_front.mp4,real,M039,DF_SOURCE_04,val
E:\source_videos_part_04\source_videos\M104\BlendShape_extra\light_leftup\camera_down\M104_BlendShape_extra_light_leftup_camera_down.mp4,real,M104,DF_SOURCE_04,train
E:\source_videos_part_04\source_videos\M109\light_down\sad\camera_down\M109_light_down_sad_camera_down.mp4,real,M109,DF_SOURCE_04,train
E:\source_videos_part_04\source_videos\M038\light_leftup\angry\camera_right\M038_light_leftup_angry_camera_right.mp4,real,M038,DF_SOURCE_04,train
E:\source_videos_part_04\source_videos\M114\light_left\disgust\camera_rightfront\M114_light_left_disgust_camera_rightfront.mp4,real,M114,DF_SOURCE_04,train
E:\source_videos_part_04\source_videos\M113\light_leftup\sad\camera_right\M113_light_leftup_sad_camera_right.mp4,real,M113,DF_SOURCE_04,train
E:\source_videos_part_04\source_videos\M109\light_right\neutral\camera_down\M109_light_right_neutral_camera_down.mp4,real,M109,DF_SOURCE_04,train
E:\source_videos_part_04\source_videos\M039\light_up\angry\camera_front\M039_light_up_angry_camera_front.mp4,real,M039,DF_SOURCE_04,val
E:\source_videos_part_04\source_videos\M113\light_rightdown\angry\camera_down\M113_light_rightdown_angry_camera_down.mp4,real,M113,DF_SOURCE_04,train
E:\source_videos_part_04\source_videos\M109\light_rightdown\neutral\camera_leftfront\M109_light_rightdown_neutral_camera_leftfront.mp4,real,M109,DF_SOURCE_04,train
E:\source_videos_part_04\source_videos\M113\light_leftup\contempt\camera_right\M113_light_leftup_contempt_camera_right.mp4,real,M113,DF_SOURCE_04,train
E:\source_videos_part_04\source_videos\M109\light_rightdown\contempt\camera_up\M109_light_rightdown_contempt_camera_up.mp4,real,M109,DF_SOURCE_04,train
E:\source_videos_part_04\source_videos\M101\light_leftup\disgust\camera_front\M101_light_leftup_disgust_camera_front.mp4,real,M101,DF_SOURCE_04,train
E:\source_videos_part_04\source_videos\M039\light_leftdown\surprise\camera_right\M039_light_leftdown_surprise_camera_right.mp4,real,M039,DF_SOURCE_04,val
E:\source_videos_part_04\source_videos\M039\light_down\happy\camera_front\M039_light_down_happy_camera_front.mp4,real,M039,DF_SOURCE_04,val
E:\source_videos_part_04\source_videos\M114\light_down\happy\camera_down\M114_light_down_happy_camera_down.mp4,real,M114,DF_SOURCE_04,train
E:\source_videos_part_04\source_videos\M109\light_down\sad\camera_right\M109_light_down_sad_camera_right.mp4,real,M109,DF_SOURCE_04,train
E:\source_videos_part_04\source_videos\M113\light_rightdown\disgust\camera_rightfront\M113_light_rightdown_disgust_camera_rightfront.mp4,real,M113,DF_SOURCE_04,train
E:\source_videos_part_04\source_videos\M109\light_leftup\contempt\camera_right\M109_light_leftup_contempt_camera_right.mp4,real,M109,DF_SOURCE_04,train
E:\source_videos_part_04\source_videos\M109\light_down\contempt\camera_left\M109_light_down_contempt_camera_left.mp4,real,M109,DF_SOURCE_04,train
E:\source_videos_part_04\source_videos\M109\light_right\happy\camera_rightfront\M109_light_right_happy_camera_rightfront.mp4,real,M109,DF_SOURCE_04,train
E:\source_videos_part_04\source_videos\M109\light_leftdown\disgust\camera_right\M109_light_leftdown_disgust_camera_right.mp4,real,M109,DF_SOURCE_04,train
E:\source_videos_part_04\source_videos\M109\light_leftdown\sad\camera_leftfront\M109_light_leftdown_sad_camera_leftfront.mp4,real,M109,DF_SOURCE_04,train
E:\source_videos_part_04\source_videos\M109\light_rightup\disgust\camera_up\M109_light_rightup_disgust_camera_up.mp4,real,M109,DF_SOURCE_04,train
E:\source_videos_part_04\source_videos\M109\light_leftup\neutral\camera_right\M109_light_leftup_neutral_camera_right.mp4,real,M109,DF_SOURCE_04,train
E:\source_videos_part_04\source_videos\M101\light_right\fear\camera_up\M101_light_right_fear_camera_up.mp4,real,M101,DF_SOURCE_04,train
E:\source_videos_part_04\source_videos\M114\light_down\surprise\camera_right\M114_light_down_surprise_camera_right.mp4,real,M114,DF_SOURCE_04,train
E:\source_videos_part_04\source_videos\M109\light_leftdown\neutral\camera_front\M109_light_leftdown_neutral_camera_front.mp4,real,M109,DF_SOURCE_04,train
E:\source_videos_part_04\source_videos\M109\light_leftdown\happy\camera_rightfront\M109_light_leftdown_happy_camera_rightfront.mp4,real,M109,DF_SOURCE_04,train
E:\source_videos_part_04\source_videos\M039\light_down\neutral\camera_down\M039_light_down_neutral_camera_down.mp4,real,M039,DF_SOURCE_04,val
E:\source_videos_part_04\source_videos\M114\light_down\surprise\camera_left\M114_light_down_surprise_camera_left.mp4,real,M114,DF_SOURCE_04,train
E:\source_videos_part_04\source_videos\M109\light_leftdown\fear\camera_front\M109_light_leftdown_fear_camera_front.mp4,real,M109,DF_SOURCE_04,train
E:\source_videos_part_04\source_videos\M113\light_right\surprise\camera_up\M113_light_right_surprise_camera_up.mp4,real,M113,DF_SOURCE_04,train
E:\source_videos_part_04\source_videos\M101\light_down\disgust\camera_left\M101_light_down_disgust_camera_left.mp4,real,M101,DF_SOURCE_04,train
E:\source_videos_part_04\source_videos\M114\light_rightup\fear\camera_right\M114_light_rightup_fear_camera_right.mp4,real,M114,DF_SOURCE_04,train
E:\source_videos_part_04\source_videos\M109\light_uniform\surprise\camera_up\M109_light_uniform_surprise_camera_up.mp4,real,M109,DF_SOURCE_04,train
E:\source_videos_part_04\source_videos\M109\light_leftdown\disgust\camera_front\M109_light_leftdown_disgust_camera_front.mp4,real,M109,DF_SOURCE_04,train
E:\source_videos_part_04\source_videos\M039\light_right\contempt\camera_rightfront\M039_light_right_contempt_camera_rightfront.mp4,real,M039,DF_SOURCE_04,val
E:\source_videos_part_04\source_videos\M101\light_left\disgust\camera_up\M101_light_left_disgust_camera_up.mp4,real,M101,DF_SOURCE_04,train
E:\source_videos_part_04\source_videos\M113\light_up\angry\camera_up\M113_light_up_angry_camera_up.mp4,real,M113,DF_SOURCE_04,train
E:\source_videos_part_04\source_videos\M106\BlendShape_extra\light_leftdown\camera_up\M106_BlendShape_extra_light_leftdown_camera_up.mp4,real,M106,DF_SOURCE_04,train
E:\source_videos_part_04\source_videos\M039\light_leftup\sad\camera_left\M039_light_leftup_sad_camera_left.mp4,real,M039,DF_SOURCE_04,val
E:\source_videos_part_04\source_videos\M113\light_uniform\disgust\camera_front\M113_light_uniform_disgust_camera_front.mp4,real,M113,DF_SOURCE_04,train
E:\source_videos_part_04\source_videos\M104\BlendShape_extra\light_right\camera_leftfront\M104_BlendShape_extra_light_right_camera_leftfront.mp4,real,M104,DF_SOURCE_04,train
E:\source_videos_part_04\source_videos\M113\light_right\disgust\camera_front\M113_light_right_disgust_camera_front.mp4,real,M113,DF_SOURCE_04,train
E:\source_videos_part_04\source_videos\M039\light_uniform\angry\camera_front\M039_light_uniform_angry_camera_front.mp4,real,M039,DF_SOURCE_04,val
E:\source_videos_part_04\source_videos\M039\light_left\surprise\camera_leftfront\M039_light_left_surprise_camera_leftfront.mp4,real,M039,DF_SOURCE_04,val
E:\source_videos_part_04\source_videos\M114\light_rightup\angry\camera_up\M114_light_rightup_angry_camera_up.mp4,real,M114,DF_SOURCE_04,train
E:\source_videos_part_04\source_videos\M113\light_uniform\sad\camera_right\M113_light_uniform_sad_camera_right.mp4,real,M113,DF_SOURCE_04,train
E:\source_videos_part_04\source_videos\M113\light_leftup\sad\camera_leftfront\M113_light_leftup_sad_camera_leftfront.mp4,real,M113,DF_SOURCE_04,train
E:\source_videos_part_04\source_videos\M039\light_leftup\sad\camera_right\M039_light_leftup_sad_camera_right.mp4,real,M039,DF_SOURCE_04,val
E:\source_videos_part_04\source_videos\M039\light_rightup\fear\camera_up\M039_light_rightup_fear_camera_up.mp4,real,M039,DF_SOURCE_04,val
E:\source_videos_part_04\source_videos\M113\light_up\angry\camera_leftfront\M113_light_up_angry_camera_leftfront.mp4,real,M113,DF_SOURCE_04,train
E:\source_videos_part_04\source_videos\M109\light_leftup\disgust\camera_front\M109_light_leftup_disgust_camera_front.mp4,real,M109,DF_SOURCE_04,train
E:\source_videos_part_04\source_videos\M109\light_leftup\fear\camera_left\M109_light_leftup_fear_camera_left.mp4,real,M109,DF_SOURCE_04,train
E:\source_videos_part_04\source_videos\M104\BlendShape_extra\light_up\camera_down\M104_BlendShape_extra_light_up_camera_down.mp4,real,M104,DF_SOURCE_04,train
E:\source_videos_part_04\source_videos\M113\light_right\fear\camera_rightfront\M113_light_right_fear_camera_rightfront.mp4,real,M113,DF_SOURCE_04,train
E:\source_videos_part_04\source_videos\M113\light_right\neutral\camera_down\M113_light_right_neutral_camera_down.mp4,real,M113,DF_SOURCE_04,train
E:\source_videos_part_04\source_videos\M104\BlendShape_extra\light_leftup\camera_front\M104_BlendShape_extra_light_leftup_camera_front.mp4,real,M104,DF_SOURCE_04,train
E:\source_videos_part_04\source_videos\M038\light_leftup\fear\camera_right\M038_light_leftup_fear_camera_right.mp4,real,M038,DF_SOURCE_04,train
E:\source_videos_part_04\source_videos\M113\light_left\disgust\camera_front\M113_light_left_disgust_camera_front.mp4,real,M113,DF_SOURCE_04,train
E:\source_videos_part_04\source_videos\M113\light_leftdown\surprise\camera_leftfront\M113_light_leftdown_surprise_camera_leftfront.mp4,real,M113,DF_SOURCE_04,train
E:\source_videos_part_04\source_videos\M039\light_uniform\fear\camera_rightfront\M039_light_uniform_fear_camera_rightfront.mp4,real,M039,DF_SOURCE_04,val
E:\source_videos_part_04\source_videos\M104\BlendShape_extra\light_up\camera_rightfront\M104_BlendShape_extra_light_up_camera_rightfront.mp4,real,M104,DF_SOURCE_04,train
E:\source_videos_part_04\source_videos\M039\light_leftup\disgust\camera_down\M039_light_leftup_disgust_camera_down.mp4,real,M039,DF_SOURCE_04,val
E:\source_videos_part_04\source_videos\M113\light_rightdown\fear\camera_left\M113_light_rightdown_fear_camera_left.mp4,real,M113,DF_SOURCE_04,train
E:\source_videos_part_04\source_videos\M038\BlendShape\camera_up\M038_BlendShape_camera_up.mp4,real,M038,DF_SOURCE_04,train
E:\source_videos_part_04\source_videos\M109\light_left\fear\camera_right\M109_light_left_fear_camera_right.mp4,real,M109,DF_SOURCE_04,train
E:\source_videos_part_04\source_videos\M114\light_down\contempt\camera_left\M114_light_down_contempt_camera_left.mp4,real,M114,DF_SOURCE_04,train
E:\source_videos_part_04\source_videos\M113\light_leftup\surprise\camera_front\M113_light_leftup_surprise_camera_front.mp4,real,M113,DF_SOURCE_04,train
E:\source_videos_part_04\source_videos\M113\light_leftdown\sad\camera_right\M113_light_leftdown_sad_camera_right.mp4,real,M113,DF_SOURCE_04,train
E:\source_videos_part_04\source_videos\M101\light_left\neutral\camera_leftfront\M101_light_left_neutral_camera_leftfront.mp4,real,M101,DF_SOURCE_04,train
E:\source_videos_part_04\source_videos\M038\light_leftup\disgust\camera_left\M038_light_leftup_disgust_camera_left.mp4,real,M038,DF_SOURCE_04,train
E:\source_videos_part_04\source_videos\M101\light_right\neutral\camera_front\M101_light_right_neutral_camera_front.mp4,real,M101,DF_SOURCE_04,train
E:\source_videos_part_04\source_videos\M114\light_up\sad\camera_down\M114_light_up_sad_camera_down.mp4,real,M114,DF_SOURCE_04,train
E:\source_videos_part_04\source_videos\M101\light_uniform\angry\camera_down\M101_light_uniform_angry_camera_down.mp4,real,M101,DF_SOURCE_04,train
E:\source_videos_part_04\source_videos\M114\light_rightup\disgust\camera_right\M114_light_rightup_disgust_camera_right.mp4,real,M114,DF_SOURCE_04,train
E:\source_videos_part_04\source_videos\M109\light_up\fear\camera_rightfront\M109_light_up_fear_camera_rightfront.mp4,real,M109,DF_SOURCE_04,train
E:\source_videos_part_04\source_videos\M109\light_left\angry\camera_down\M109_light_left_angry_camera_down.mp4,real,M109,DF_SOURCE_04,train
E:\source_videos_part_04\source_videos\M101\light_leftup\disgust\camera_rightfront\M101_light_leftup_disgust_camera_rightfront.mp4,real,M101,DF_SOURCE_04,train
E:\source_videos_part_04\source_videos\M109\light_rightup\contempt\camera_up\M109_light_rightup_contempt_camera_up.mp4,real,M109,DF_SOURCE_04,train
E:\source_videos_part_04\source_videos\M113\light_down\angry\camera_leftfront\M113_light_down_angry_camera_leftfront.mp4,real,M113,DF_SOURCE_04,train
E:\source_videos_part_04\source_videos\M101\light_rightdown\neutral\camera_right\M101_light_rightdown_neutral_camera_right.mp4,real,M101,DF_SOURCE_04,train
E:\source_videos_part_04\source_videos\M101\light_right\sad\camera_right\M101_light_right_sad_camera_right.mp4,real,M101,DF_SOURCE_04,train
E:\source_videos_part_04\source_videos\M109\light_uniform\sad\camera_right\M109_light_uniform_sad_camera_right.mp4,real,M109,DF_SOURCE_04,train
E:\source_videos_part_04\source_videos\M114\light_left\surprise\camera_down\M114_light_left_surprise_camera_down.mp4,real,M114,DF_SOURCE_04,train
E:\source_videos_part_04\source_videos\M101\light_up\surprise\camera_left\M101_light_up_surprise_camera_left.mp4,real,M101,DF_SOURCE_04,train
E:\source_videos_part_04\source_videos\M039\light_rightup\sad\camera_down\M039_light_rightup_sad_camera_down.mp4,real,M039,DF_SOURCE_04,val
E:\source_videos_part_04\source_videos\M039\light_right\neutral\camera_right\M039_light_right_neutral_camera_right.mp4,real,M039,DF_SOURCE_04,val
E:\source_videos_part_04\source_videos\M113\light_rightdown\sad\camera_rightfront\M113_light_rightdown_sad_camera_rightfront.mp4,real,M113,DF_SOURCE_04,train
E:\source_videos_part_04\source_videos\M114\light_rightup\neutral\camera_left\M114_light_rightup_neutral_camera_left.mp4,real,M114,DF_SOURCE_04,train
E:\source_videos_part_04\source_videos\M109\light_leftdown\happy\camera_up\M109_light_leftdown_happy_camera_up.mp4,real,M109,DF_SOURCE_04,train
E:\source_videos_part_04\source_videos\M101\light_down\happy\camera_up\M101_light_down_happy_camera_up.mp4,real,M101,DF_SOURCE_04,train
E:\source_videos_part_04\source_videos\M109\light_down\disgust\camera_rightfront\M109_light_down_disgust_camera_rightfront.mp4,real,M109,DF_SOURCE_04,train
E:\source_videos_part_04\source_videos\M039\light_up\disgust\camera_left\M039_light_up_disgust_camera_left.mp4,real,M039,DF_SOURCE_04,val
E:\source_videos_part_04\source_videos\M113\light_leftdown\contempt\camera_rightfront\M113_light_leftdown_contempt_camera_rightfront.mp4,real,M113,DF_SOURCE_04,train
E:\source_videos_part_04\source_videos\M101\light_rightup\happy\camera_down\M101_light_rightup_happy_camera_down.mp4,real,M101,DF_SOURCE_04,train
E:\source_videos_part_04\source_videos\M039\light_uniform\disgust\camera_down\M039_light_uniform_disgust_camera_down.mp4,real,M039,DF_SOURCE_04,val
E:\source_videos_part_04\source_videos\M039\light_up\neutral\camera_leftfront\M039_light_up_neutral_camera_leftfront.mp4,real,M039,DF_SOURCE_04,val
E:\source_videos_part_04\source_videos\M104\BlendShape_extra\light_leftdown\camera_left\M104_BlendShape_extra_light_leftdown_camera_left.mp4,real,M104,DF_SOURCE_04,train
E:\source_videos_part_04\source_videos\M101\light_rightup\contempt\camera_right\M101_light_rightup_contempt_camera_right.mp4,real,M101,DF_SOURCE_04,train
E:\source_videos_part_04\source_videos\M039\light_leftup\neutral\camera_up\M039_light_leftup_neutral_camera_up.mp4,real,M039,DF_SOURCE_04,val
E:\source_videos_part_04\source_videos\M106\BlendShape_extra\light_left\camera_front\M106_BlendShape_extra_light_left_camera_front.mp4,real,M106,DF_SOURCE_04,train
E:\source_videos_part_04\source_videos\M114\light_rightup\happy\camera_left\M114_light_rightup_happy_camera_left.mp4,real,M114,DF_SOURCE_04,train
E:\source_videos_part_04\source_videos\M114\light_up\disgust\camera_left\M114_light_up_disgust_camera_left.mp4,real,M114,DF_SOURCE_04,train
E:\source_videos_part_04\source_videos\M113\light_rightdown\angry\camera_leftfront\M113_light_rightdown_angry_camera_leftfront.mp4,real,M113,DF_SOURCE_04,train
E:\source_videos_part_04\source_videos\M101\light_right\angry\camera_front\M101_light_right_angry_camera_front.mp4,real,M101,DF_SOURCE_04,train
E:\source_videos_part_04\source_videos\M109\light_up\sad\camera_rightfront\M109_light_up_sad_camera_rightfront.mp4,real,M109,DF_SOURCE_04,train
E:\source_videos_part_04\source_videos\M113\light_left\angry\camera_leftfront\M113_light_left_angry_camera_leftfront.mp4,real,M113,DF_SOURCE_04,train
E:\source_videos_part_04\source_videos\M109\light_left\sad\camera_rightfront\M109_light_left_sad_camera_rightfront.mp4,real,M109,DF_SOURCE_04,train
E:\source_videos_part_04\source_videos\M101\light_rightup\surprise\camera_rightfront\M101_light_rightup_surprise_camera_rightfront.mp4,real,M101,DF_SOURCE_04,train
E:\source_videos_part_04\source_videos\M039\light_leftdown\fear\camera_rightfront\M039_light_leftdown_fear_camera_rightfront.mp4,real,M039,DF_SOURCE_04,val
E:\source_videos_part_04\source_videos\M113\light_right\happy\camera_front\M113_light_right_happy_camera_front.mp4,real,M113,DF_SOURCE_04,train
E:\source_videos_part_04\source_videos\M109\light_left\angry\camera_up\M109_light_left_angry_camera_up.mp4,real,M109,DF_SOURCE_04,train
E:\source_videos_part_04\source_videos\M109\light_leftdown\fear\camera_left\M109_light_leftdown_fear_camera_left.mp4,real,M109,DF_SOURCE_04,train
E:\source_videos_part_04\source_videos\M039\light_rightdown\surprise\camera_down\M039_light_rightdown_surprise_camera_down.mp4,real,M039,DF_SOURCE_04,val
E:\source_videos_part_04\source_videos\M113\light_uniform\contempt\camera_right\M113_light_uniform_contempt_camera_right.mp4,real,M113,DF_SOURCE_04,train
E:\source_videos_part_04\source_videos\M039\light_leftup\happy\camera_down\M039_light_leftup_happy_camera_down.mp4,real,M039,DF_SOURCE_04,val
E:\source_videos_part_04\source_videos\M039\light_leftdown\angry\camera_right\M039_light_leftdown_angry_camera_right.mp4,real,M039,DF_SOURCE_04,val
E:\source_videos_part_04\source_videos\M113\light_up\happy\camera_rightfront\M113_light_up_happy_camera_rightfront.mp4,real,M113,DF_SOURCE_04,train
E:\source_videos_part_04\source_videos\M101\light_leftup\fear\camera_down\M101_light_leftup_fear_camera_down.mp4,real,M101,DF_SOURCE_04,train
E:\source_videos_part_04\source_videos\M109\light_left\fear\camera_left\M109_light_left_fear_camera_left.mp4,real,M109,DF_SOURCE_04,train
E:\source_videos_part_04\source_videos\M039\BlendShape\camera_up\M039_BlendShape_camera_up.mp4,real,M039,DF_SOURCE_04,val
E:\source_videos_part_04\source_videos\M113\light_rightdown\happy\camera_rightfront\M113_light_rightdown_happy_camera_rightfront.mp4,real,M113,DF_SOURCE_04,train
E:\source_videos_part_04\source_videos\M114\light_up\sad\camera_right\M114_light_up_sad_camera_right.mp4,real,M114,DF_SOURCE_04,train
E:\source_videos_part_04\source_videos\M113\light_leftdown\angry\camera_rightfront\M113_light_leftdown_angry_camera_rightfront.mp4,real,M113,DF_SOURCE_04,train
E:\source_videos_part_04\source_videos\M101\light_down\disgust\camera_right\M101_light_down_disgust_camera_right.mp4,real,M101,DF_SOURCE_04,train
E:\source_videos_part_04\source_videos\M101\light_up\angry\camera_front\M101_light_up_angry_camera_front.mp4,real,M101,DF_SOURCE_04,train
E:\source_videos_part_04\source_videos\M109\light_rightdown\happy\camera_leftfront\M109_light_rightdown_happy_camera_leftfront.mp4,real,M109,DF_SOURCE_04,train
E:\source_videos_part_04\source_videos\M039\light_right\fear\camera_leftfront\M039_light_right_fear_camera_leftfront.mp4,real,M039,DF_SOURCE_04,val
E:\source_videos_part_04\source_videos\M101\light_leftdown\neutral\camera_right\M101_light_leftdown_neutral_camera_right.mp4,real,M101,DF_SOURCE_04,train
E:\source_videos_part_04\source_videos\M113\light_leftdown\contempt\camera_right\M113_light_leftdown_contempt_camera_right.mp4,real,M113,DF_SOURCE_04,train
E:\source_videos_part_04\source_videos\M101\light_left\sad\camera_rightfront\M101_light_left_sad_camera_rightfront.mp4,real,M101,DF_SOURCE_04,train
E:\source_videos_part_04\source_videos\M114\light_up\neutral\camera_rightfront\M114_light_up_neutral_camera_rightfront.mp4,real,M114,DF_SOURCE_04,train
E:\source_videos_part_04\source_videos\M039\light_left\disgust\camera_left\M039_light_left_disgust_camera_left.mp4,real,M039,DF_SOURCE_04,val
E:\source_videos_part_04\source_videos\M114\light_down\contempt\camera_down\M114_light_down_contempt_camera_down.mp4,real,M114,DF_SOURCE_04,train
E:\source_videos_part_04\source_videos\M113\light_left\surprise\camera_right\M113_light_left_surprise_camera_right.mp4,real,M113,DF_SOURCE_04,train
E:\source_videos_part_04\source_videos\M039\light_left\contempt\camera_down\M039_light_left_contempt_camera_down.mp4,real,M039,DF_SOURCE_04,val
E:\source_videos_part_04\source_videos\M113\light_up\sad\camera_down\M113_light_up_sad_camera_down.mp4,real,M113,DF_SOURCE_04,train
E:\source_videos_part_04\source_videos\M109\light_up\fear\camera_front\M109_light_up_fear_camera_front.mp4,real,M109,DF_SOURCE_04,train
E:\source_videos_part_04\source_videos\M101\light_rightup\angry\camera_down\M101_light_rightup_angry_camera_down.mp4,real,M101,DF_SOURCE_04,train
E:\source_videos_part_05\source_videos\M119\light_right\angry\camera_up\M119_light_right_angry_camera_up.mp4,real,M119,DF_SOURCE_05,test
E:\source_videos_part_05\source_videos\M117\light_rightdown\angry\camera_front\M117_light_rightdown_angry_camera_front.mp4,real,M117,DF_SOURCE_05,train
E:\source_videos_part_05\source_videos\M119\light_leftdown\neutral\camera_right\M119_light_leftdown_neutral_camera_right.mp4,real,M119,DF_SOURCE_05,test
E:\source_videos_part_05\source_videos\M120\light_leftdown\happy\camera_front\M120_light_leftdown_happy_camera_front.mp4,real,M120,DF_SOURCE_05,train
E:\source_videos_part_05\source_videos\M119\light_leftdown\surprise\camera_rightfront\M119_light_leftdown_surprise_camera_rightfront.mp4,real,M119,DF_SOURCE_05,test
E:\source_videos_part_05\source_videos\M120\light_down\angry\camera_left\M120_light_down_angry_camera_left.mp4,real,M120,DF_SOURCE_05,train
E:\source_videos_part_05\source_videos\M117\light_left\happy\camera_up\M117_light_left_happy_camera_up.mp4,real,M117,DF_SOURCE_05,train
E:\source_videos_part_05\source_videos\M115\light_rightdown\surprise\camera_rightfront\M115_light_rightdown_surprise_camera_rightfront.mp4,real,M115,DF_SOURCE_05,train
E:\source_videos_part_05\source_videos\M118\light_uniform\fear\camera_rightfront\M118_light_uniform_fear_camera_rightfront.mp4,real,M118,DF_SOURCE_05,train
E:\source_videos_part_05\source_videos\M120\light_down\surprise\camera_rightfront\M120_light_down_surprise_camera_rightfront.mp4,real,M120,DF_SOURCE_05,train
E:\source_videos_part_05\source_videos\M115\light_leftup\fear\camera_rightfront\M115_light_leftup_fear_camera_rightfront.mp4,real,M115,DF_SOURCE_05,train
E:\source_videos_part_05\source_videos\M115\light_down\sad\camera_left\M115_light_down_sad_camera_left.mp4,real,M115,DF_SOURCE_05,train
E:\source_videos_part_05\source_videos\M114\light_rightdown\fear\camera_right\M114_light_rightdown_fear_camera_right.mp4,real,M114,DF_SOURCE_05,train
E:\source_videos_part_05\source_videos\M119\light_leftdown\happy\camera_down\M119_light_leftdown_happy_camera_down.mp4,real,M119,DF_SOURCE_05,test
E:\source_videos_part_05\source_videos\M119\light_uniform\surprise\camera_right\M119_light_uniform_surprise_camera_right.mp4,real,M119,DF_SOURCE_05,test
E:\source_videos_part_05\source_videos\M118\light_right\fear\camera_up\M118_light_right_fear_camera_up.mp4,real,M118,DF_SOURCE_05,train
E:\source_videos_part_05\source_videos\M115\BlendShape\camera_up\M115_BlendShape_camera_up.mp4,real,M115,DF_SOURCE_05,train
E:\source_videos_part_05\source_videos\M117\light_left\fear\camera_up\M117_light_left_fear_camera_up.mp4,real,M117,DF_SOURCE_05,train
E:\source_videos_part_05\source_videos\M115\light_left\fear\camera_front\M115_light_left_fear_camera_front.mp4,real,M115,DF_SOURCE_05,train
E:\source_videos_part_05\source_videos\M119\light_leftdown\happy\camera_right\M119_light_leftdown_happy_camera_right.mp4,real,M119,DF_SOURCE_05,test
E:\source_videos_part_05\source_videos\M118\light_right\fear\camera_leftfront\M118_light_right_fear_camera_leftfront.mp4,real,M118,DF_SOURCE_05,train
E:\source_videos_part_05\source_videos\M119\light_down\disgust\camera_left\M119_light_down_disgust_camera_left.mp4,real,M119,DF_SOURCE_05,test
E:\source_videos_part_05\source_videos\M115\light_rightup\angry\camera_leftfront\M115_light_rightup_angry_camera_leftfront.mp4,real,M115,DF_SOURCE_05,train
E:\source_videos_part_05\source_videos\M120\light_leftdown\surprise\camera_front\M120_light_leftdown_surprise_camera_front.mp4,real,M120,DF_SOURCE_05,train
E:\source_videos_part_05\source_videos\M117\light_leftup\contempt\camera_right\M117_light_leftup_contempt_camera_right.mp4,real,M117,DF_SOURCE_05,train
E:\source_videos_part_05\source_videos\M114\light_uniform\fear\camera_right\M114_light_uniform_fear_camera_right.mp4,real,M114,DF_SOURCE_05,train
E:\source_videos_part_05\source_videos\M117\light_up\disgust\camera_left\M117_light_up_disgust_camera_left.mp4,real,M117,DF_SOURCE_05,train
E:\source_videos_part_05\source_videos\M114\light_right\happy\camera_right\M114_light_right_happy_camera_right.mp4,real,M114,DF_SOURCE_05,train
E:\source_videos_part_05\source_videos\M120\light_left\contempt\camera_rightfront\M120_light_left_contempt_camera_rightfront.mp4,real,M120,DF_SOURCE_05,train
E:\source_videos_part_05\source_videos\M115\BlendShape\camera_front\M115_BlendShape_camera_front.mp4,real,M115,DF_SOURCE_05,train
E:\source_videos_part_05\source_videos\M119\light_leftdown\contempt\camera_leftfront\M119_light_leftdown_contempt_camera_leftfront.mp4,real,M119,DF_SOURCE_05,test
E:\source_videos_part_05\source_videos\M114\light_leftdown\neutral\camera_front\M114_light_leftdown_neutral_camera_front.mp4,real,M114,DF_SOURCE_05,train
E:\source_videos_part_05\source_videos\M117\light_right\happy\camera_right\M117_light_right_happy_camera_right.mp4,real,M117,DF_SOURCE_05,train
E:\source_videos_part_05\source_videos\M120\light_uniform\surprise\camera_down\M120_light_uniform_surprise_camera_down.mp4,real,M120,DF_SOURCE_05,train
E:\source_videos_part_05\source_videos\M118\light_left\disgust\camera_front\M118_light_left_disgust_camera_front.mp4,real,M118,DF_SOURCE_05,train
E:\source_videos_part_05\source_videos\M120\light_up\angry\camera_leftfront\M120_light_up_angry_camera_leftfront.mp4,real,M120,DF_SOURCE_05,train
E:\source_videos_part_05\source_videos\M115\light_left\happy\camera_up\M115_light_left_happy_camera_up.mp4,real,M115,DF_SOURCE_05,train
E:\source_videos_part_05\source_videos\M115\light_rightdown\disgust\camera_up\M115_light_rightdown_disgust_camera_up.mp4,real,M115,DF_SOURCE_05,train
E:\source_videos_part_05\source_videos\M118\light_leftdown\surprise\camera_up\M118_light_leftdown_surprise_camera_up.mp4,real,M118,DF_SOURCE_05,train
E:\source_videos_part_05\source_videos\M120\light_left\surprise\camera_right\M120_light_left_surprise_camera_right.mp4,real,M120,DF_SOURCE_05,train
E:\source_videos_part_05\source_videos\M120\light_left\neutral\camera_left\M120_light_left_neutral_camera_left.mp4,real,M120,DF_SOURCE_05,train
E:\source_videos_part_05\source_videos\M114\light_right\angry\camera_rightfront\M114_light_right_angry_camera_rightfront.mp4,real,M114,DF_SOURCE_05,train
E:\source_videos_part_05\source_videos\M114\light_rightdown\fear\camera_rightfront\M114_light_rightdown_fear_camera_rightfront.mp4,real,M114,DF_SOURCE_05,train
E:\source_videos_part_05\source_videos\M118\light_rightup\neutral\camera_leftfront\M118_light_rightup_neutral_camera_leftfront.mp4,real,M118,DF_SOURCE_05,train
E:\source_videos_part_05\source_videos\M115\light_up\disgust\camera_right\M115_light_up_disgust_camera_right.mp4,real,M115,DF_SOURCE_05,train
E:\source_videos_part_05\source_videos\M114\light_leftdown\disgust\camera_leftfront\M114_light_leftdown_disgust_camera_leftfront.mp4,real,M114,DF_SOURCE_05,train
E:\source_videos_part_05\source_videos\M120\light_down\happy\camera_left\M120_light_down_happy_camera_left.mp4,real,M120,DF_SOURCE_05,train
E:\source_videos_part_05\source_videos\M118\light_rightdown\sad\camera_right\M118_light_rightdown_sad_camera_right.mp4,real,M118,DF_SOURCE_05,train
E:\source_videos_part_05\source_videos\M120\light_up\fear\camera_rightfront\M120_light_up_fear_camera_rightfront.mp4,real,M120,DF_SOURCE_05,train
E:\source_videos_part_05\source_videos\M118\light_right\fear\camera_down\M118_light_right_fear_camera_down.mp4,real,M118,DF_SOURCE_05,train
E:\source_videos_part_05\source_videos\M115\light_rightdown\contempt\camera_left\M115_light_rightdown_contempt_camera_left.mp4,real,M115,DF_SOURCE_05,train
E:\source_videos_part_05\source_videos\M118\light_rightdown\disgust\camera_leftfront\M118_light_rightdown_disgust_camera_leftfront.mp4,real,M118,DF_SOURCE_05,train
E:\source_videos_part_05\source_videos\M119\light_rightup\disgust\camera_rightfront\M119_light_rightup_disgust_camera_rightfront.mp4,real,M119,DF_SOURCE_05,test
E:\source_videos_part_05\source_videos\M117\light_rightup\happy\camera_leftfront\M117_light_rightup_happy_camera_leftfront.mp4,real,M117,DF_SOURCE_05,train
E:\source_videos_part_05\source_videos\M118\light_up\happy\camera_right\M118_light_up_happy_camera_right.mp4,real,M118,DF_SOURCE_05,train
E:\source_videos_part_05\source_videos\M119\light_left\sad\camera_leftfront\M119_light_left_sad_camera_leftfront.mp4,real,M119,DF_SOURCE_05,test
E:\source_videos_part_05\source_videos\M115\light_up\contempt\camera_down\M115_light_up_contempt_camera_down.mp4,real,M115,DF_SOURCE_05,train
E:\source_videos_part_05\source_videos\M118\light_right\surprise\camera_up\M118_light_right_surprise_camera_up.mp4,real,M118,DF_SOURCE_05,train
E:\source_videos_part_05\source_videos\M115\light_rightdown\happy\camera_right\M115_light_rightdown_happy_camera_right.mp4,real,M115,DF_SOURCE_05,train
E:\source_videos_part_05\source_videos\M119\light_rightup\surprise\camera_leftfront\M119_light_rightup_surprise_camera_leftfront.mp4,real,M119,DF_SOURCE_05,test
E:\source_videos_part_05\source_videos\M119\light_leftdown\fear\camera_right\M119_light_leftdown_fear_camera_right.mp4,real,M119,DF_SOURCE_05,test
E:\source_videos_part_05\source_videos\M117\light_up\disgust\camera_front\M117_light_up_disgust_camera_front.mp4,real,M117,DF_SOURCE_05,train
E:\source_videos_part_05\source_videos\M118\light_rightup\neutral\camera_right\M118_light_rightup_neutral_camera_right.mp4,real,M118,DF_SOURCE_05,train
E:\source_videos_part_05\source_videos\M119\light_leftup\disgust\camera_right\M119_light_leftup_disgust_camera_right.mp4,real,M119,DF_SOURCE_05,test
E:\source_videos_part_05\source_videos\M118\light_up\sad\camera_left\M118_light_up_sad_camera_left.mp4,real,M118,DF_SOURCE_05,train
E:\source_videos_part_05\source_videos\M117\light_right\surprise\camera_right\M117_light_right_surprise_camera_right.mp4,real,M117,DF_SOURCE_05,train
E:\source_videos_part_05\source_videos\M115\light_rightup\sad\camera_up\M115_light_rightup_sad_camera_up.mp4,real,M115,DF_SOURCE_05,train
E:\source_videos_part_05\source_videos\M115\light_rightup\neutral\camera_leftfront\M115_light_rightup_neutral_camera_leftfront.mp4,real,M115,DF_SOURCE_05,train
E:\source_videos_part_05\source_videos\M119\light_up\angry\camera_up\M119_light_up_angry_camera_up.mp4,real,M119,DF_SOURCE_05,test
E:\source_videos_part_05\source_videos\M118\light_leftdown\fear\camera_down\M118_light_leftdown_fear_camera_down.mp4,real,M118,DF_SOURCE_05,train
E:\source_videos_part_05\source_videos\M115\light_rightup\neutral\camera_rightfront\M115_light_rightup_neutral_camera_rightfront.mp4,real,M115,DF_SOURCE_05,train
E:\source_videos_part_05\source_videos\M115\light_rightup\surprise\camera_rightfront\M115_light_rightup_surprise_camera_rightfront.mp4,real,M115,DF_SOURCE_05,train
E:\source_videos_part_05\source_videos\M120\light_down\disgust\camera_down\M120_light_down_disgust_camera_down.mp4,real,M120,DF_SOURCE_05,train
E:\source_videos_part_05\source_videos\M117\light_down\neutral\camera_front\M117_light_down_neutral_camera_front.mp4,real,M117,DF_SOURCE_05,train
E:\source_videos_part_05\source_videos\M118\light_leftdown\contempt\camera_down\M118_light_leftdown_contempt_camera_down.mp4,real,M118,DF_SOURCE_05,train
E:\source_videos_part_05\source_videos\M114\light_leftdown\neutral\camera_rightfront\M114_light_leftdown_neutral_camera_rightfront.mp4,real,M114,DF_SOURCE_05,train
E:\source_videos_part_05\source_videos\M119\light_uniform\sad\camera_up\M119_light_uniform_sad_camera_up.mp4,real,M119,DF_SOURCE_05,test
E:\source_videos_part_05\source_videos\M115\light_leftdown\fear\camera_right\M115_light_leftdown_fear_camera_right.mp4,real,M115,DF_SOURCE_05,train
E:\source_videos_part_05\source_videos\M118\light_leftdown\surprise\camera_rightfront\M118_light_leftdown_surprise_camera_rightfront.mp4,real,M118,DF_SOURCE_05,train
E:\source_videos_part_05\source_videos\M119\light_uniform\happy\camera_left\M119_light_uniform_happy_camera_left.mp4,real,M119,DF_SOURCE_05,test
E:\source_videos_part_05\source_videos\M115\light_up\neutral\camera_leftfront\M115_light_up_neutral_camera_leftfront.mp4,real,M115,DF_SOURCE_05,train
E:\source_videos_part_05\source_videos\M118\light_uniform\surprise\camera_rightfront\M118_light_uniform_surprise_camera_rightfront.mp4,real,M118,DF_SOURCE_05,train
E:\source_videos_part_05\source_videos\M118\light_up\sad\camera_leftfront\M118_light_up_sad_camera_leftfront.mp4,real,M118,DF_SOURCE_05,train
E:\source_videos_part_05\source_videos\M115\light_right\fear\camera_leftfront\M115_light_right_fear_camera_leftfront.mp4,real,M115,DF_SOURCE_05,train
E:\source_videos_part_05\source_videos\M115\light_right\sad\camera_right\M115_light_right_sad_camera_right.mp4,real,M115,DF_SOURCE_05,train
E:\source_videos_part_05\source_videos\M118\light_leftdown\sad\camera_right\M118_light_leftdown_sad_camera_right.mp4,real,M118,DF_SOURCE_05,train
E:\source_videos_part_05\source_videos\M117\light_down\disgust\camera_down\M117_light_down_disgust_camera_down.mp4,real,M117,DF_SOURCE_05,train
E:\source_videos_part_05\source_videos\M119\light_uniform\surprise\camera_rightfront\M119_light_uniform_surprise_camera_rightfront.mp4,real,M119,DF_SOURCE_05,test
E:\source_videos_part_05\source_videos\M117\light_leftdown\neutral\camera_front\M117_light_leftdown_neutral_camera_front.mp4,real,M117,DF_SOURCE_05,train
E:\source_videos_part_05\source_videos\M117\light_rightup\fear\camera_left\M117_light_rightup_fear_camera_left.mp4,real,M117,DF_SOURCE_05,train
E:\source_videos_part_05\source_videos\M118\BlendShape\camera_rightfront\M118_BlendShape_camera_rightfront.mp4,real,M118,DF_SOURCE_05,train
E:\source_videos_part_05\source_videos\M118\light_up\angry\camera_right\M118_light_up_angry_camera_right.mp4,real,M118,DF_SOURCE_05,train
E:\source_videos_part_05\source_videos\M117\light_down\angry\camera_left\M117_light_down_angry_camera_left.mp4,real,M117,DF_SOURCE_05,train
E:\source_videos_part_05\source_videos\M117\light_up\angry\camera_leftfront\M117_light_up_angry_camera_leftfront.mp4,real,M117,DF_SOURCE_05,train
E:\source_videos_part_05\source_videos\M114\light_right\sad\camera_front\M114_light_right_sad_camera_front.mp4,real,M114,DF_SOURCE_05,train
E:\source_videos_part_05\source_videos\M117\light_uniform\happy\camera_left\M117_light_uniform_happy_camera_left.mp4,real,M117,DF_SOURCE_05,train
E:\source_videos_part_05\source_videos\M114\light_leftdown\angry\camera_left\M114_light_leftdown_angry_camera_left.mp4,real,M114,DF_SOURCE_05,train
E:\source_videos_part_05\source_videos\M119\light_left\angry\camera_down\M119_light_left_angry_camera_down.mp4,real,M119,DF_SOURCE_05,test
E:\source_videos_part_05\source_videos\M115\BlendShape\camera_leftfront\M115_BlendShape_camera_leftfront.mp4,real,M115,DF_SOURCE_05,train
E:\source_videos_part_05\source_videos\M118\light_rightup\surprise\camera_left\M118_light_rightup_surprise_camera_left.mp4,real,M118,DF_SOURCE_05,train
E:\source_videos_part_05\source_videos\M117\light_leftup\fear\camera_front\M117_light_leftup_fear_camera_front.mp4,real,M117,DF_SOURCE_05,train
E:\source_videos_part_05\source_videos\M115\light_up\happy\camera_rightfront\M115_light_up_happy_camera_rightfront.mp4,real,M115,DF_SOURCE_05,train
E:\source_videos_part_05\source_videos\M115\light_rightup\contempt\camera_leftfront\M115_light_rightup_contempt_camera_leftfront.mp4,real,M115,DF_SOURCE_05,train
E:\source_videos_part_05\source_videos\M120\light_down\surprise\camera_leftfront\M120_light_down_surprise_camera_leftfront.mp4,real,M120,DF_SOURCE_05,train
E:\source_videos_part_05\source_videos\M118\light_rightup\angry\camera_right\M118_light_rightup_angry_camera_right.mp4,real,M118,DF_SOURCE_05,train
E:\source_videos_part_05\source_videos\M117\light_leftup\neutral\camera_down\M117_light_leftup_neutral_camera_down.mp4,real,M117,DF_SOURCE_05,train
E:\source_videos_part_05\source_videos\M120\light_rightup\neutral\camera_right\M120_light_rightup_neutral_camera_right.mp4,real,M120,DF_SOURCE_05,train
E:\source_videos_part_05\source_videos\M117\light_rightdown\happy\camera_left\M117_light_rightdown_happy_camera_left.mp4,real,M117,DF_SOURCE_05,train
E:\source_videos_part_05\source_videos\M115\light_leftdown\fear\camera_down\M115_light_leftdown_fear_camera_down.mp4,real,M115,DF_SOURCE_05,train
E:\source_videos_part_05\source_videos\M114\light_uniform\surprise\camera_up\M114_light_uniform_surprise_camera_up.mp4,real,M114,DF_SOURCE_05,train
E:\source_videos_part_05\source_videos\M120\light_leftdown\surprise\camera_left\M120_light_leftdown_surprise_camera_left.mp4,real,M120,DF_SOURCE_05,train
E:\source_videos_part_05\source_videos\M115\light_left\sad\camera_right\M115_light_left_sad_camera_right.mp4,real,M115,DF_SOURCE_05,train
E:\source_videos_part_05\source_videos\M119\light_leftdown\angry\camera_right\M119_light_leftdown_angry_camera_right.mp4,real,M119,DF_SOURCE_05,test
E:\source_videos_part_05\source_videos\M119\light_rightup\sad\camera_up\M119_light_rightup_sad_camera_up.mp4,real,M119,DF_SOURCE_05,test
E:\source_videos_part_05\source_videos\M115\light_uniform\surprise\camera_right\M115_light_uniform_surprise_camera_right.mp4,real,M115,DF_SOURCE_05,train
E:\source_videos_part_05\source_videos\M114\light_uniform\neutral\camera_front\M114_light_uniform_neutral_camera_front.mp4,real,M114,DF_SOURCE_05,train
E:\source_videos_part_05\source_videos\M114\light_uniform\angry\camera_up\M114_light_uniform_angry_camera_up.mp4,real,M114,DF_SOURCE_05,train
E:\source_videos_part_05\source_videos\M115\light_leftdown\contempt\camera_rightfront\M115_light_leftdown_contempt_camera_rightfront.mp4,real,M115,DF_SOURCE_05,train
E:\source_videos_part_05\source_videos\M114\light_rightdown\surprise\camera_left\M114_light_rightdown_surprise_camera_left.mp4,real,M114,DF_SOURCE_05,train
E:\source_videos_part_05\source_videos\M115\light_up\neutral\camera_right\M115_light_up_neutral_camera_right.mp4,real,M115,DF_SOURCE_05,train
E:\source_videos_part_05\source_videos\M115\light_rightup\neutral\camera_up\M115_light_rightup_neutral_camera_up.mp4,real,M115,DF_SOURCE_05,train
E:\source_videos_part_05\source_videos\M115\light_left\angry\camera_front\M115_light_left_angry_camera_front.mp4,real,M115,DF_SOURCE_05,train
E:\source_videos_part_05\source_videos\M118\light_rightup\sad\camera_down\M118_light_rightup_sad_camera_down.mp4,real,M118,DF_SOURCE_05,train
E:\source_videos_part_05\source_videos\M120\light_up\fear\camera_front\M120_light_up_fear_camera_front.mp4,real,M120,DF_SOURCE_05,train
E:\source_videos_part_05\source_videos\M115\light_up\happy\camera_leftfront\M115_light_up_happy_camera_leftfront.mp4,real,M115,DF_SOURCE_05,train
E:\source_videos_part_05\source_videos\M119\light_rightup\angry\camera_right\M119_light_rightup_angry_camera_right.mp4,real,M119,DF_SOURCE_05,test
E:\source_videos_part_05\source_videos\M119\light_rightup\happy\camera_right\M119_light_rightup_happy_camera_right.mp4,real,M119,DF_SOURCE_05,test
E:\source_videos_part_05\source_videos\M115\light_uniform\angry\camera_down\M115_light_uniform_angry_camera_down.mp4,real,M115,DF_SOURCE_05,train
E:\source_videos_part_05\source_videos\M117\light_leftup\happy\camera_left\M117_light_leftup_happy_camera_left.mp4,real,M117,DF_SOURCE_05,train
E:\source_videos_part_05\source_videos\M118\light_leftdown\sad\camera_down\M118_light_leftdown_sad_camera_down.mp4,real,M118,DF_SOURCE_05,train
E:\source_videos_part_05\source_videos\M117\light_left\angry\camera_left\M117_light_left_angry_camera_left.mp4,real,M117,DF_SOURCE_05,train
E:\source_videos_part_05\source_videos\M115\light_leftdown\disgust\camera_left\M115_light_leftdown_disgust_camera_left.mp4,real,M115,DF_SOURCE_05,train
E:\source_videos_part_05\source_videos\M119\light_left\happy\camera_right\M119_light_left_happy_camera_right.mp4,real,M119,DF_SOURCE_05,test
E:\source_videos_part_05\source_videos\M120\light_rightup\fear\camera_up\M120_light_rightup_fear_camera_up.mp4,real,M120,DF_SOURCE_05,train
E:\source_videos_part_05\source_videos\M119\light_up\surprise\camera_rightfront\M119_light_up_surprise_camera_rightfront.mp4,real,M119,DF_SOURCE_05,test
E:\source_videos_part_05\source_videos\M117\light_uniform\neutral\camera_right\M117_light_uniform_neutral_camera_right.mp4,real,M117,DF_SOURCE_05,train
E:\source_videos_part_05\source_videos\M118\light_right\happy\camera_rightfront\M118_light_right_happy_camera_rightfront.mp4,real,M118,DF_SOURCE_05,train
E:\source_videos_part_05\source_videos\M115\light_leftup\surprise\camera_front\M115_light_leftup_surprise_camera_front.mp4,real,M115,DF_SOURCE_05,train
E:\source_videos_part_05\source_videos\M117\light_uniform\surprise\camera_front\M117_light_uniform_surprise_camera_front.mp4,real,M117,DF_SOURCE_05,train
E:\source_videos_part_05\source_videos\M115\light_down\happy\camera_right\M115_light_down_happy_camera_right.mp4,real,M115,DF_SOURCE_05,train
E:\source_videos_part_05\source_videos\M118\light_uniform\sad\camera_right\M118_light_uniform_sad_camera_right.mp4,real,M118,DF_SOURCE_05,train
E:\source_videos_part_05\source_videos\M115\light_uniform\surprise\camera_leftfront\M115_light_uniform_surprise_camera_leftfront.mp4,real,M115,DF_SOURCE_05,train
E:\source_videos_part_05\source_videos\M117\light_right\angry\camera_down\M117_light_right_angry_camera_down.mp4,real,M117,DF_SOURCE_05,train
E:\source_videos_part_05\source_videos\M118\light_rightup\happy\camera_down\M118_light_rightup_happy_camera_down.mp4,real,M118,DF_SOURCE_05,train
E:\source_videos_part_05\source_videos\M117\light_rightdown\fear\camera_down\M117_light_rightdown_fear_camera_down.mp4,real,M117,DF_SOURCE_05,train
E:\source_videos_part_05\source_videos\M120\light_leftdown\angry\camera_right\M120_light_leftdown_angry_camera_right.mp4,real,M120,DF_SOURCE_05,train
E:\source_videos_part_05\source_videos\M114\light_rightdown\fear\camera_left\M114_light_rightdown_fear_camera_left.mp4,real,M114,DF_SOURCE_05,train
E:\source_videos_part_05\source_videos\M118\light_left\fear\camera_right\M118_light_left_fear_camera_right.mp4,real,M118,DF_SOURCE_05,train
E:\source_videos_part_05\source_videos\M118\light_up\surprise\camera_up\M118_light_up_surprise_camera_up.mp4,real,M118,DF_SOURCE_05,train
E:\source_videos_part_05\source_videos\M118\light_left\contempt\camera_left\M118_light_left_contempt_camera_left.mp4,real,M118,DF_SOURCE_05,train
E:\source_videos_part_05\source_videos\M114\light_leftup\contempt\camera_front\M114_light_leftup_contempt_camera_front.mp4,real,M114,DF_SOURCE_05,train
E:\source_videos_part_05\source_videos\M119\light_down\fear\camera_down\M119_light_down_fear_camera_down.mp4,real,M119,DF_SOURCE_05,test
E:\source_videos_part_05\source_videos\M114\light_leftup\happy\camera_front\M114_light_leftup_happy_camera_front.mp4,real,M114,DF_SOURCE_05,train
E:\source_videos_part_05\source_videos\M115\light_leftup\angry\camera_front\M115_light_leftup_angry_camera_front.mp4,real,M115,DF_SOURCE_05,train
E:\source_videos_part_05\source_videos\M120\BlendShape\camera_front\M120_BlendShape_camera_front.mp4,real,M120,DF_SOURCE_05,train
E:\source_videos_part_05\source_videos\M118\light_leftdown\contempt\camera_right\M118_light_leftdown_contempt_camera_right.mp4,real,M118,DF_SOURCE_05,train
E:\source_videos_part_05\source_videos\M115\light_rightdown\surprise\camera_down\M115_light_rightdown_surprise_camera_down.mp4,real,M115,DF_SOURCE_05,train
E:\source_videos_part_05\source_videos\M117\light_right\fear\camera_up\M117_light_right_fear_camera_up.mp4,real,M117,DF_SOURCE_05,train
E:\source_videos_part_05\source_videos\M114\light_down\fear\camera_left\M114_light_down_fear_camera_left.mp4,real,M114,DF_SOURCE_05,train
E:\source_videos_part_05\source_videos\M115\light_rightup\neutral\camera_right\M115_light_rightup_neutral_camera_right.mp4,real,M115,DF_SOURCE_05,train
E:\source_videos_part_05\source_videos\M119\light_right\disgust\camera_front\M119_light_right_disgust_camera_front.mp4,real,M119,DF_SOURCE_05,test
E:\source_videos_part_05\source_videos\M114\light_leftup\neutral\camera_up\M114_light_leftup_neutral_camera_up.mp4,real,M114,DF_SOURCE_05,train
E:\source_videos_part_05\source_videos\M119\light_up\contempt\camera_up\M119_light_up_contempt_camera_up.mp4,real,M119,DF_SOURCE_05,test
E:\source_videos_part_05\source_videos\M114\light_uniform\angry\camera_leftfront\M114_light_uniform_angry_camera_leftfront.mp4,real,M114,DF_SOURCE_05,train
E:\source_videos_part_05\source_videos\M114\light_uniform\fear\camera_down\M114_light_uniform_fear_camera_down.mp4,real,M114,DF_SOURCE_05,train
E:\source_videos_part_05\source_videos\M117\light_leftdown\disgust\camera_rightfront\M117_light_leftdown_disgust_camera_rightfront.mp4,real,M117,DF_SOURCE_05,train
E:\source_videos_part_05\source_videos\M118\light_up\surprise\camera_front\M118_light_up_surprise_camera_front.mp4,real,M118,DF_SOURCE_05,train
E:\source_videos_part_05\source_videos\M114\BlendShape\camera_left\M114_BlendShape_camera_left.mp4,real,M114,DF_SOURCE_05,train
E:\source_videos_part_05\source_videos\M119\light_up\sad\camera_front\M119_light_up_sad_camera_front.mp4,real,M119,DF_SOURCE_05,test
E:\source_videos_part_05\source_videos\M115\light_left\surprise\camera_leftfront\M115_light_left_surprise_camera_leftfront.mp4,real,M115,DF_SOURCE_05,train
E:\source_videos_part_05\source_videos\M119\light_uniform\sad\camera_down\M119_light_uniform_sad_camera_down.mp4,real,M119,DF_SOURCE_05,test
E:\source_videos_part_05\source_videos\M119\light_up\sad\camera_right\M119_light_up_sad_camera_right.mp4,real,M119,DF_SOURCE_05,test
E:\source_videos_part_05\source_videos\M117\light_right\surprise\camera_leftfront\M117_light_right_surprise_camera_leftfront.mp4,real,M117,DF_SOURCE_05,train
E:\source_videos_part_05\source_videos\M120\light_up\happy\camera_front\M120_light_up_happy_camera_front.mp4,real,M120,DF_SOURCE_05,train
E:\source_videos_part_05\source_videos\M118\light_uniform\fear\camera_leftfront\M118_light_uniform_fear_camera_leftfront.mp4,real,M118,DF_SOURCE_05,train
E:\source_videos_part_05\source_videos\M115\light_right\disgust\camera_front\M115_light_right_disgust_camera_front.mp4,real,M115,DF_SOURCE_05,train
E:\source_videos_part_05\source_videos\M119\light_rightdown\sad\camera_left\M119_light_rightdown_sad_camera_left.mp4,real,M119,DF_SOURCE_05,test
E:\source_videos_part_05\source_videos\M115\light_leftup\neutral\camera_right\M115_light_leftup_neutral_camera_right.mp4,real,M115,DF_SOURCE_05,train
E:\source_videos_part_05\source_videos\M117\light_left\contempt\camera_left\M117_light_left_contempt_camera_left.mp4,real,M117,DF_SOURCE_05,train
E:\source_videos_part_05\source_videos\M119\light_up\happy\camera_left\M119_light_up_happy_camera_left.mp4,real,M119,DF_SOURCE_05,test
E:\source_videos_part_05\source_videos\M120\light_rightdown\angry\camera_rightfront\M120_light_rightdown_angry_camera_rightfront.mp4,real,M120,DF_SOURCE_05,train
E:\source_videos_part_05\source_videos\M117\light_leftdown\angry\camera_up\M117_light_leftdown_angry_camera_up.mp4,real,M117,DF_SOURCE_05,train
E:\source_videos_part_05\source_videos\M120\light_left\neutral\camera_leftfront\M120_light_left_neutral_camera_leftfront.mp4,real,M120,DF_SOURCE_05,train
E:\source_videos_part_05\source_videos\M115\light_left\happy\camera_front\M115_light_left_happy_camera_front.mp4,real,M115,DF_SOURCE_05,train
E:\source_videos_part_05\source_videos\M115\light_leftup\sad\camera_rightfront\M115_light_leftup_sad_camera_rightfront.mp4,real,M115,DF_SOURCE_05,train
E:\source_videos_part_05\source_videos\M119\light_right\angry\camera_down\M119_light_right_angry_camera_down.mp4,real,M119,DF_SOURCE_05,test
E:\source_videos_part_05\source_videos\M117\light_down\happy\camera_up\M117_light_down_happy_camera_up.mp4,real,M117,DF_SOURCE_05,train
E:\source_videos_part_05\source_videos\M118\light_leftup\disgust\camera_leftfront\M118_light_leftup_disgust_camera_leftfront.mp4,real,M118,DF_SOURCE_05,train
E:\source_videos_part_05\source_videos\M118\light_up\sad\camera_down\M118_light_up_sad_camera_down.mp4,real,M118,DF_SOURCE_05,train
E:\source_videos_part_05\source_videos\M115\light_up\neutral\camera_up\M115_light_up_neutral_camera_up.mp4,real,M115,DF_SOURCE_05,train
E:\source_videos_part_05\source_videos\M115\light_right\sad\camera_front\M115_light_right_sad_camera_front.mp4,real,M115,DF_SOURCE_05,train
E:\source_videos_part_05\source_videos\M120\light_rightup\happy\camera_up\M120_light_rightup_happy_camera_up.mp4,real,M120,DF_SOURCE_05,train
E:\source_videos_part_05\source_videos\M118\light_left\fear\camera_up\M118_light_left_fear_camera_up.mp4,real,M118,DF_SOURCE_05,train
E:\source_videos_part_05\source_videos\M120\light_right\angry\camera_right\M120_light_right_angry_camera_right.mp4,real,M120,DF_SOURCE_05,train
E:\source_videos_part_05\source_videos\M117\light_uniform\surprise\camera_rightfront\M117_light_uniform_surprise_camera_rightfront.mp4,real,M117,DF_SOURCE_05,train
E:\source_videos_part_05\source_videos\M114\light_uniform\contempt\camera_left\M114_light_uniform_contempt_camera_left.mp4,real,M114,DF_SOURCE_05,train
E:\source_videos_part_05\source_videos\M119\light_right\contempt\camera_front\M119_light_right_contempt_camera_front.mp4,real,M119,DF_SOURCE_05,test
E:\source_videos_part_05\source_videos\M117\light_up\surprise\camera_rightfront\M117_light_up_surprise_camera_rightfront.mp4,real,M117,DF_SOURCE_05,train
E:\source_videos_part_05\source_videos\M114\light_uniform\angry\camera_front\M114_light_uniform_angry_camera_front.mp4,real,M114,DF_SOURCE_05,train
E:\source_videos_part_05\source_videos\M118\light_rightup\disgust\camera_front\M118_light_rightup_disgust_camera_front.mp4,real,M118,DF_SOURCE_05,train
E:\source_videos_part_05\source_videos\M117\light_down\happy\camera_leftfront\M117_light_down_happy_camera_leftfront.mp4,real,M117,DF_SOURCE_05,train
E:\source_videos_part_05\source_videos\M119\light_down\sad\camera_rightfront\M119_light_down_sad_camera_rightfront.mp4,real,M119,DF_SOURCE_05,test
E:\source_videos_part_05\source_videos\M117\light_leftdown\fear\camera_left\M117_light_leftdown_fear_camera_left.mp4,real,M117,DF_SOURCE_05,train
E:\source_videos_part_05\source_videos\M119\light_right\sad\camera_right\M119_light_right_sad_camera_right.mp4,real,M119,DF_SOURCE_05,test
E:\source_videos_part_05\source_videos\M118\light_right\angry\camera_down\M118_light_right_angry_camera_down.mp4,real,M118,DF_SOURCE_05,train
E:\source_videos_part_05\source_videos\M114\light_leftup\contempt\camera_right\M114_light_leftup_contempt_camera_right.mp4,real,M114,DF_SOURCE_05,train
E:\source_videos_part_05\source_videos\M119\light_rightup\angry\camera_leftfront\M119_light_rightup_angry_camera_leftfront.mp4,real,M119,DF_SOURCE_05,test
E:\source_videos_part_05\source_videos\M117\light_leftdown\surprise\camera_up\M117_light_leftdown_surprise_camera_up.mp4,real,M117,DF_SOURCE_05,train
E:\source_videos_part_05\source_videos\M115\light_down\surprise\camera_rightfront\M115_light_down_surprise_camera_rightfront.mp4,real,M115,DF_SOURCE_05,train
E:\source_videos_part_05\source_videos\M115\light_right\fear\camera_rightfront\M115_light_right_fear_camera_rightfront.mp4,real,M115,DF_SOURCE_05,train
E:\source_videos_part_06\source_videos\M121\light_down\fear\camera_down\M121_light_down_fear_camera_down.mp4,real,M121,DF_SOURCE_06,train
E:\source_videos_part_06\source_videos\M120\light_leftup\neutral\camera_leftfront\M120_light_leftup_neutral_camera_leftfront.mp4,real,M120,DF_SOURCE_06,train
E:\source_videos_part_06\source_videos\M124\light_right\surprise\camera_rightfront\M124_light_right_surprise_camera_rightfront.mp4,real,M124,DF_SOURCE_06,train
E:\source_videos_part_06\source_videos\M121\light_uniform\disgust\camera_leftfront\M121_light_uniform_disgust_camera_leftfront.mp4,real,M121,DF_SOURCE_06,train
E:\source_videos_part_06\source_videos\M131\light_leftup\disgust\camera_front\M131_light_leftup_disgust_camera_front.mp4,real,M131,DF_SOURCE_06,train
E:\source_videos_part_06\source_videos\M131\light_uniform\contempt\camera_front\M131_light_uniform_contempt_camera_front.mp4,real,M131,DF_SOURCE_06,train
E:\source_videos_part_06\source_videos\M123\light_rightdown\angry\camera_left\M123_light_rightdown_angry_camera_left.mp4,real,M123,DF_SOURCE_06,train
E:\source_videos_part_06\source_videos\M122\light_leftdown\contempt\camera_rightfront\M122_light_leftdown_contempt_camera_rightfront.mp4,real,M122,DF_SOURCE_06,val
E:\source_videos_part_06\source_videos\M124\light_leftdown\sad\camera_right\M124_light_leftdown_sad_camera_right.mp4,real,M124,DF_SOURCE_06,train
E:\source_videos_part_06\source_videos\M124\light_leftdown\disgust\camera_front\M124_light_leftdown_disgust_camera_front.mp4,real,M124,DF_SOURCE_06,train
E:\source_videos_part_06\source_videos\M124\light_down\fear\camera_up\M124_light_down_fear_camera_up.mp4,real,M124,DF_SOURCE_06,train
E:\source_videos_part_06\source_videos\M124\light_down\happy\camera_up\M124_light_down_happy_camera_up.mp4,real,M124,DF_SOURCE_06,train
E:\source_videos_part_06\source_videos\M121\light_right\sad\camera_up\M121_light_right_sad_camera_up.mp4,real,M121,DF_SOURCE_06,train
E:\source_videos_part_06\source_videos\M131\light_left\disgust\camera_up\M131_light_left_disgust_camera_up.mp4,real,M131,DF_SOURCE_06,train
E:\source_videos_part_06\source_videos\M131\light_leftdown\angry\camera_up\M131_light_leftdown_angry_camera_up.mp4,real,M131,DF_SOURCE_06,train
E:\source_videos_part_06\source_videos\M123\light_uniform\disgust\camera_rightfront\M123_light_uniform_disgust_camera_rightfront.mp4,real,M123,DF_SOURCE_06,train
E:\source_videos_part_06\source_videos\M122\light_rightdown\contempt\camera_down\M122_light_rightdown_contempt_camera_down.mp4,real,M122,DF_SOURCE_06,val
E:\source_videos_part_06\source_videos\M123\light_leftup\angry\camera_down\M123_light_leftup_angry_camera_down.mp4,real,M123,DF_SOURCE_06,train
E:\source_videos_part_06\source_videos\M123\light_right\happy\camera_down\M123_light_right_happy_camera_down.mp4,real,M123,DF_SOURCE_06,train
E:\source_videos_part_06\source_videos\M132\light_right\disgust\camera_right\M132_light_right_disgust_camera_right.mp4,real,M132,DF_SOURCE_06,test
E:\source_videos_part_06\source_videos\M131\light_leftup\angry\camera_up\M131_light_leftup_angry_camera_up.mp4,real,M131,DF_SOURCE_06,train
E:\source_videos_part_06\source_videos\M123\light_leftdown\contempt\camera_leftfront\M123_light_leftdown_contempt_camera_leftfront.mp4,real,M123,DF_SOURCE_06,train
E:\source_videos_part_06\source_videos\M132\light_left\angry\camera_down\M132_light_left_angry_camera_down.mp4,real,M132,DF_SOURCE_06,test
E:\source_videos_part_06\source_videos\M131\light_rightup\fear\camera_down\M131_light_rightup_fear_camera_down.mp4,real,M131,DF_SOURCE_06,train
E:\source_videos_part_06\source_videos\M132\light_rightup\disgust\camera_leftfront\M132_light_rightup_disgust_camera_leftfront.mp4,real,M132,DF_SOURCE_06,test
E:\source_videos_part_06\source_videos\M132\light_up\sad\camera_down\M132_light_up_sad_camera_down.mp4,real,M132,DF_SOURCE_06,test
E:\source_videos_part_06\source_videos\M120\light_rightdown\contempt\camera_leftfront\M120_light_rightdown_contempt_camera_leftfront.mp4,real,M120,DF_SOURCE_06,train
E:\source_videos_part_06\source_videos\M123\light_right\surprise\camera_up\M123_light_right_surprise_camera_up.mp4,real,M123,DF_SOURCE_06,train
E:\source_videos_part_06\source_videos\M121\light_rightup\fear\camera_down\M121_light_rightup_fear_camera_down.mp4,real,M121,DF_SOURCE_06,train
E:\source_videos_part_06\source_videos\M131\light_rightdown\sad\camera_front\M131_light_rightdown_sad_camera_front.mp4,real,M131,DF_SOURCE_06,train
E:\source_videos_part_06\source_videos\M121\light_rightdown\neutral\camera_leftfront\M121_light_rightdown_neutral_camera_leftfront.mp4,real,M121,DF_SOURCE_06,train
E:\source_videos_part_06\source_videos\M123\light_up\happy\camera_down\M123_light_up_happy_camera_down.mp4,real,M123,DF_SOURCE_06,train
E:\source_videos_part_06\source_videos\M123\light_rightdown\contempt\camera_right\M123_light_rightdown_contempt_camera_right.mp4,real,M123,DF_SOURCE_06,train
E:\source_videos_part_06\source_videos\M122\light_uniform\surprise\camera_left\M122_light_uniform_surprise_camera_left.mp4,real,M122,DF_SOURCE_06,val
E:\source_videos_part_06\source_videos\M124\light_rightdown\surprise\camera_up\M124_light_rightdown_surprise_camera_up.mp4,real,M124,DF_SOURCE_06,train
E:\source_videos_part_06\source_videos\M121\light_up\angry\camera_front\M121_light_up_angry_camera_front.mp4,real,M121,DF_SOURCE_06,train
E:\source_videos_part_06\source_videos\M123\light_left\sad\camera_right\M123_light_left_sad_camera_right.mp4,real,M123,DF_SOURCE_06,train
E:\source_videos_part_06\source_videos\M123\light_up\contempt\camera_up\M123_light_up_contempt_camera_up.mp4,real,M123,DF_SOURCE_06,train
E:\source_videos_part_06\source_videos\M121\light_leftdown\contempt\camera_left\M121_light_leftdown_contempt_camera_left.mp4,real,M121,DF_SOURCE_06,train
E:\source_videos_part_06\source_videos\M121\light_uniform\happy\camera_down\M121_light_uniform_happy_camera_down.mp4,real,M121,DF_SOURCE_06,train
E:\source_videos_part_06\source_videos\M122\light_rightdown\fear\camera_front\M122_light_rightdown_fear_camera_front.mp4,real,M122,DF_SOURCE_06,val
E:\source_videos_part_06\source_videos\M132\light_left\disgust\camera_left\M132_light_left_disgust_camera_left.mp4,real,M132,DF_SOURCE_06,test
E:\source_videos_part_06\source_videos\M122\light_uniform\sad\camera_front\M122_light_uniform_sad_camera_front.mp4,real,M122,DF_SOURCE_06,val
E:\source_videos_part_06\source_videos\M132\light_up\angry\camera_up\M132_light_up_angry_camera_up.mp4,real,M132,DF_SOURCE_06,test
E:\source_videos_part_06\source_videos\M121\light_leftup\disgust\camera_left\M121_light_leftup_disgust_camera_left.mp4,real,M121,DF_SOURCE_06,train
E:\source_videos_part_06\source_videos\M132\light_right\angry\camera_leftfront\M132_light_right_angry_camera_leftfront.mp4,real,M132,DF_SOURCE_06,test
E:\source_videos_part_06\source_videos\M123\light_rightup\happy\camera_front\M123_light_rightup_happy_camera_front.mp4,real,M123,DF_SOURCE_06,train
E:\source_videos_part_06\source_videos\M124\light_left\fear\camera_front\M124_light_left_fear_camera_front.mp4,real,M124,DF_SOURCE_06,train
E:\source_videos_part_06\source_videos\M121\light_left\contempt\camera_rightfront\M121_light_left_contempt_camera_rightfront.mp4,real,M121,DF_SOURCE_06,train
E:\source_videos_part_06\source_videos\M121\light_leftup\angry\camera_down\M121_light_leftup_angry_camera_down.mp4,real,M121,DF_SOURCE_06,train
E:\source_videos_part_06\source_videos\M122\light_rightup\happy\camera_leftfront\M122_light_rightup_happy_camera_leftfront.mp4,real,M122,DF_SOURCE_06,val
E:\source_videos_part_06\source_videos\M132\light_left\angry\camera_rightfront\M132_light_left_angry_camera_rightfront.mp4,real,M132,DF_SOURCE_06,test
E:\source_videos_part_06\source_videos\M122\light_uniform\sad\camera_left\M122_light_uniform_sad_camera_left.mp4,real,M122,DF_SOURCE_06,val
E:\source_videos_part_06\source_videos\M121\light_right\sad\camera_leftfront\M121_light_right_sad_camera_leftfront.mp4,real,M121,DF_SOURCE_06,train
E:\source_videos_part_06\source_videos\M120\light_leftup\neutral\camera_rightfront\M120_light_leftup_neutral_camera_rightfront.mp4,real,M120,DF_SOURCE_06,train
E:\source_videos_part_06\source_videos\M122\light_left\contempt\camera_leftfront\M122_light_left_contempt_camera_leftfront.mp4,real,M122,DF_SOURCE_06,val
E:\source_videos_part_06\source_videos\M120\light_rightdown\disgust\camera_rightfront\M120_light_rightdown_disgust_camera_rightfront.mp4,real,M120,DF_SOURCE_06,train
E:\source_videos_part_06\source_videos\M122\light_leftdown\sad\camera_down\M122_light_leftdown_sad_camera_down.mp4,real,M122,DF_SOURCE_06,val
E:\source_videos_part_06\source_videos\M132\light_down\surprise\camera_down\M132_light_down_surprise_camera_down.mp4,real,M132,DF_SOURCE_06,test
E:\source_videos_part_06\source_videos\M124\light_left\angry\camera_up\M124_light_left_angry_camera_up.mp4,real,M124,DF_SOURCE_06,train
E:\source_videos_part_06\source_videos\M131\light_up\happy\camera_leftfront\M131_light_up_happy_camera_leftfront.mp4,real,M131,DF_SOURCE_06,train
E:\source_videos_part_06\source_videos\M122\light_leftdown\sad\camera_front\M122_light_leftdown_sad_camera_front.mp4,real,M122,DF_SOURCE_06,val
E:\source_videos_part_06\source_videos\M131\light_left\happy\camera_down\M131_light_left_happy_camera_down.mp4,real,M131,DF_SOURCE_06,train
E:\source_videos_part_06\source_videos\M124\light_right\neutral\camera_left\M124_light_right_neutral_camera_left.mp4,real,M124,DF_SOURCE_06,train
E:\source_videos_part_06\source_videos\M124\light_leftdown\surprise\camera_down\M124_light_leftdown_surprise_camera_down.mp4,real,M124,DF_SOURCE_06,train
E:\source_videos_part_06\source_videos\M121\light_uniform\sad\camera_rightfront\M121_light_uniform_sad_camera_rightfront.mp4,real,M121,DF_SOURCE_06,train
E:\source_videos_part_06\source_videos\M122\light_down\disgust\camera_up\M122_light_down_disgust_camera_up.mp4,real,M122,DF_SOURCE_06,val
E:\source_videos_part_06\source_videos\M131\light_rightup\angry\camera_front\M131_light_rightup_angry_camera_front.mp4,real,M131,DF_SOURCE_06,train
E:\source_videos_part_06\source_videos\M121\light_left\sad\camera_up\M121_light_left_sad_camera_up.mp4,real,M121,DF_SOURCE_06,train
E:\source_videos_part_06\source_videos\M121\light_down\angry\camera_rightfront\M121_light_down_angry_camera_rightfront.mp4,real,M121,DF_SOURCE_06,train
E:\source_videos_part_06\source_videos\M123\light_right\contempt\camera_right\M123_light_right_contempt_camera_right.mp4,real,M123,DF_SOURCE_06,train
E:\source_videos_part_06\source_videos\M124\light_leftup\happy\camera_rightfront\M124_light_leftup_happy_camera_rightfront.mp4,real,M124,DF_SOURCE_06,train
E:\source_videos_part_06\source_videos\M132\light_left\surprise\camera_leftfront\M132_light_left_surprise_camera_leftfront.mp4,real,M132,DF_SOURCE_06,test
E:\source_videos_part_06\source_videos\M131\light_uniform\happy\camera_rightfront\M131_light_uniform_happy_camera_rightfront.mp4,real,M131,DF_SOURCE_06,train
E:\source_videos_part_06\source_videos\M131\light_up\contempt\camera_rightfront\M131_light_up_contempt_camera_rightfront.mp4,real,M131,DF_SOURCE_06,train
E:\source_videos_part_06\source_videos\M124\light_up\contempt\camera_up\M124_light_up_contempt_camera_up.mp4,real,M124,DF_SOURCE_06,train
E:\source_videos_part_06\source_videos\M122\light_right\angry\camera_leftfront\M122_light_right_angry_camera_leftfront.mp4,real,M122,DF_SOURCE_06,val
E:\source_videos_part_06\source_videos\M121\light_down\angry\camera_front\M121_light_down_angry_camera_front.mp4,real,M121,DF_SOURCE_06,train
E:\source_videos_part_06\source_videos\M131\light_right\fear\camera_front\M131_light_right_fear_camera_front.mp4,real,M131,DF_SOURCE_06,train
E:\source_videos_part_06\source_videos\M122\light_leftdown\sad\camera_left\M122_light_leftdown_sad_camera_left.mp4,real,M122,DF_SOURCE_06,val
E:\source_videos_part_06\source_videos\M122\light_up\surprise\camera_right\M122_light_up_surprise_camera_right.mp4,real,M122,DF_SOURCE_06,val
E:\source_videos_part_06\source_videos\M132\light_rightup\sad\camera_right\M132_light_rightup_sad_camera_right.mp4,real,M132,DF_SOURCE_06,test
E:\source_videos_part_06\source_videos\M121\light_leftdown\happy\camera_down\M121_light_leftdown_happy_camera_down.mp4,real,M121,DF_SOURCE_06,train
E:\source_videos_part_06\source_videos\M123\light_rightdown\fear\camera_front\M123_light_rightdown_fear_camera_front.mp4,real,M123,DF_SOURCE_06,train
E:\source_videos_part_06\source_videos\M121\BlendShape\camera_rightfront\M121_BlendShape_camera_rightfront.mp4,real,M121,DF_SOURCE_06,train
E:\source_videos_part_06\source_videos\M124\light_down\disgust\camera_down\M124_light_down_disgust_camera_down.mp4,real,M124,DF_SOURCE_06,train
E:\source_videos_part_06\source_videos\M131\light_down\sad\camera_right\M131_light_down_sad_camera_right.mp4,real,M131,DF_SOURCE_06,train
E:\source_videos_part_06\source_videos\M121\light_rightdown\disgust\camera_up\M121_light_rightdown_disgust_camera_up.mp4,real,M121,DF_SOURCE_06,train
E:\source_videos_part_06\source_videos\M121\light_right\fear\camera_rightfront\M121_light_right_fear_camera_rightfront.mp4,real,M121,DF_SOURCE_06,train
E:\source_videos_part_06\source_videos\M124\light_right\sad\camera_right\M124_light_right_sad_camera_right.mp4,real,M124,DF_SOURCE_06,train
E:\source_videos_part_06\source_videos\M124\light_rightdown\fear\camera_leftfront\M124_light_rightdown_fear_camera_leftfront.mp4,real,M124,DF_SOURCE_06,train
E:\source_videos_part_06\source_videos\M124\light_right\disgust\camera_left\M124_light_right_disgust_camera_left.mp4,real,M124,DF_SOURCE_06,train
E:\source_videos_part_06\source_videos\M124\light_left\angry\camera_down\M124_light_left_angry_camera_down.mp4,real,M124,DF_SOURCE_06,train
E:\source_videos_part_06\source_videos\M122\light_left\neutral\camera_down\M122_light_left_neutral_camera_down.mp4,real,M122,DF_SOURCE_06,val
E:\source_videos_part_06\source_videos\M131\light_up\happy\camera_down\M131_light_up_happy_camera_down.mp4,real,M131,DF_SOURCE_06,train
E:\source_videos_part_06\source_videos\M123\light_leftdown\fear\camera_leftfront\M123_light_leftdown_fear_camera_leftfront.mp4,real,M123,DF_SOURCE_06,train
E:\source_videos_part_06\source_videos\M122\light_rightdown\neutral\camera_down\M122_light_rightdown_neutral_camera_down.mp4,real,M122,DF_SOURCE_06,val
E:\source_videos_part_06\source_videos\M122\light_leftup\surprise\camera_leftfront\M122_light_leftup_surprise_camera_leftfront.mp4,real,M122,DF_SOURCE_06,val
E:\source_videos_part_06\source_videos\M124\light_leftup\sad\camera_left\M124_light_leftup_sad_camera_left.mp4,real,M124,DF_SOURCE_06,train
E:\source_videos_part_06\source_videos\M124\light_leftdown\surprise\camera_front\M124_light_leftdown_surprise_camera_front.mp4,real,M124,DF_SOURCE_06,train
E:\source_videos_part_06\source_videos\M121\light_rightdown\surprise\camera_up\M121_light_rightdown_surprise_camera_up.mp4,real,M121,DF_SOURCE_06,train
E:\source_videos_part_06\source_videos\M122\light_uniform\surprise\camera_front\M122_light_uniform_surprise_camera_front.mp4,real,M122,DF_SOURCE_06,val
E:\source_videos_part_06\source_videos\M131\light_right\neutral\camera_rightfront\M131_light_right_neutral_camera_rightfront.mp4,real,M131,DF_SOURCE_06,train
E:\source_videos_part_06\source_videos\M131\light_right\neutral\camera_front\M131_light_right_neutral_camera_front.mp4,real,M131,DF_SOURCE_06,train
E:\source_videos_part_06\source_videos\M131\light_left\contempt\camera_front\M131_light_left_contempt_camera_front.mp4,real,M131,DF_SOURCE_06,train
E:\source_videos_part_06\source_videos\M131\light_rightup\neutral\camera_up\M131_light_rightup_neutral_camera_up.mp4,real,M131,DF_SOURCE_06,train
E:\source_videos_part_06\source_videos\M121\light_right\happy\camera_up\M121_light_right_happy_camera_up.mp4,real,M121,DF_SOURCE_06,train
E:\source_videos_part_06\source_videos\M132\light_left\surprise\camera_down\M132_light_left_surprise_camera_down.mp4,real,M132,DF_SOURCE_06,test
E:\source_videos_part_06\source_videos\M122\light_leftdown\contempt\camera_down\M122_light_leftdown_contempt_camera_down.mp4,real,M122,DF_SOURCE_06,val
E:\source_videos_part_06\source_videos\M132\light_down\fear\camera_rightfront\M132_light_down_fear_camera_rightfront.mp4,real,M132,DF_SOURCE_06,test
E:\source_videos_part_06\source_videos\M122\light_right\angry\camera_rightfront\M122_light_right_angry_camera_rightfront.mp4,real,M122,DF_SOURCE_06,val
E:\source_videos_part_06\source_videos\M124\light_up\contempt\camera_front\M124_light_up_contempt_camera_front.mp4,real,M124,DF_SOURCE_06,train
E:\source_videos_part_06\source_videos\M124\light_uniform\disgust\camera_front\M124_light_uniform_disgust_camera_front.mp4,real,M124,DF_SOURCE_06,train
E:\source_videos_part_06\source_videos\M131\light_down\angry\camera_down\M131_light_down_angry_camera_down.mp4,real,M131,DF_SOURCE_06,train
E:\source_videos_part_06\source_videos\M122\light_down\sad\camera_leftfront\M122_light_down_sad_camera_leftfront.mp4,real,M122,DF_SOURCE_06,val
E:\source_videos_part_06\source_videos\M124\light_up\fear\camera_front\M124_light_up_fear_camera_front.mp4,real,M124,DF_SOURCE_06,train
E:\source_videos_part_06\source_videos\M122\light_down\angry\camera_front\M122_light_down_angry_camera_front.mp4,real,M122,DF_SOURCE_06,val
E:\source_videos_part_06\source_videos\M131\light_leftup\surprise\camera_rightfront\M131_light_leftup_surprise_camera_rightfront.mp4,real,M131,DF_SOURCE_06,train
E:\source_videos_part_06\source_videos\M122\light_leftdown\angry\camera_front\M122_light_leftdown_angry_camera_front.mp4,real,M122,DF_SOURCE_06,val
E:\source_videos_part_06\source_videos\M123\light_leftup\contempt\camera_down\M123_light_leftup_contempt_camera_down.mp4,real,M123,DF_SOURCE_06,train
E:\source_videos_part_06\source_videos\M131\light_uniform\fear\camera_leftfront\M131_light_uniform_fear_camera_leftfront.mp4,real,M131,DF_SOURCE_06,train
E:\source_videos_part_06\source_videos\M131\light_rightdown\happy\camera_rightfront\M131_light_rightdown_happy_camera_rightfront.mp4,real,M131,DF_SOURCE_06,train
E:\source_videos_part_06\source_videos\M124\light_left\angry\camera_left\M124_light_left_angry_camera_left.mp4,real,M124,DF_SOURCE_06,train
E:\source_videos_part_06\source_videos\M124\light_down\surprise\camera_right\M124_light_down_surprise_camera_right.mp4,real,M124,DF_SOURCE_06,train
E:\source_videos_part_06\source_videos\M123\light_left\happy\camera_left\M123_light_left_happy_camera_left.mp4,real,M123,DF_SOURCE_06,train
E:\source_videos_part_06\source_videos\M124\light_left\sad\camera_down\M124_light_left_sad_camera_down.mp4,real,M124,DF_SOURCE_06,train
E:\source_videos_part_06\source_videos\M123\light_rightdown\happy\camera_leftfront\M123_light_rightdown_happy_camera_leftfront.mp4,real,M123,DF_SOURCE_06,train
E:\source_videos_part_06\source_videos\M132\light_up\contempt\camera_up\M132_light_up_contempt_camera_up.mp4,real,M132,DF_SOURCE_06,test
E:\source_videos_part_06\source_videos\M121\light_down\sad\camera_leftfront\M121_light_down_sad_camera_leftfront.mp4,real,M121,DF_SOURCE_06,train
E:\source_videos_part_06\source_videos\M121\light_uniform\contempt\camera_leftfront\M121_light_uniform_contempt_camera_leftfront.mp4,real,M121,DF_SOURCE_06,train
E:\source_videos_part_06\source_videos\M121\light_uniform\disgust\camera_right\M121_light_uniform_disgust_camera_right.mp4,real,M121,DF_SOURCE_06,train
E:\source_videos_part_06\source_videos\M124\light_leftdown\fear\camera_down\M124_light_leftdown_fear_camera_down.mp4,real,M124,DF_SOURCE_06,train
E:\source_videos_part_06\source_videos\M122\light_up\fear\camera_up\M122_light_up_fear_camera_up.mp4,real,M122,DF_SOURCE_06,val
E:\source_videos_part_06\source_videos\M122\light_left\happy\camera_right\M122_light_left_happy_camera_right.mp4,real,M122,DF_SOURCE_06,val
E:\source_videos_part_06\source_videos\M124\light_up\surprise\camera_up\M124_light_up_surprise_camera_up.mp4,real,M124,DF_SOURCE_06,train
E:\source_videos_part_06\source_videos\M124\light_rightup\contempt\camera_leftfront\M124_light_rightup_contempt_camera_leftfront.mp4,real,M124,DF_SOURCE_06,train
E:\source_videos_part_06\source_videos\M120\light_leftup\happy\camera_down\M120_light_leftup_happy_camera_down.mp4,real,M120,DF_SOURCE_06,train
E:\source_videos_part_06\source_videos\M123\light_up\angry\camera_front\M123_light_up_angry_camera_front.mp4,real,M123,DF_SOURCE_06,train
E:\source_videos_part_06\source_videos\M122\light_up\angry\camera_leftfront\M122_light_up_angry_camera_leftfront.mp4,real,M122,DF_SOURCE_06,val
E:\source_videos_part_06\source_videos\M124\light_leftdown\neutral\camera_right\M124_light_leftdown_neutral_camera_right.mp4,real,M124,DF_SOURCE_06,train
E:\source_videos_part_06\source_videos\M121\light_up\contempt\camera_left\M121_light_up_contempt_camera_left.mp4,real,M121,DF_SOURCE_06,train
E:\source_videos_part_06\source_videos\M132\light_down\disgust\camera_left\M132_light_down_disgust_camera_left.mp4,real,M132,DF_SOURCE_06,test
E:\source_videos_part_06\source_videos\M121\light_uniform\angry\camera_rightfront\M121_light_uniform_angry_camera_rightfront.mp4,real,M121,DF_SOURCE_06,train
E:\source_videos_part_06\source_videos\M131\light_rightdown\angry\camera_front\M131_light_rightdown_angry_camera_front.mp4,real,M131,DF_SOURCE_06,train
E:\source_videos_part_06\source_videos\M121\light_down\neutral\camera_front\M121_light_down_neutral_camera_front.mp4,real,M121,DF_SOURCE_06,train
E:\source_videos_part_06\source_videos\M124\light_left\happy\camera_front\M124_light_left_happy_camera_front.mp4,real,M124,DF_SOURCE_06,train
E:\source_videos_part_06\source_videos\M122\light_leftup\disgust\camera_front\M122_light_leftup_disgust_camera_front.mp4,real,M122,DF_SOURCE_06,val
E:\source_videos_part_06\source_videos\M121\light_rightup\fear\camera_front\M121_light_rightup_fear_camera_front.mp4,real,M121,DF_SOURCE_06,train
E:\source_videos_part_06\source_videos\M123\light_left\contempt\camera_right\M123_light_left_contempt_camera_right.mp4,real,M123,DF_SOURCE_06,train
E:\source_videos_part_06\source_videos\M132\light_left\disgust\camera_up\M132_light_left_disgust_camera_up.mp4,real,M132,DF_SOURCE_06,test
E:\source_videos_part_06\source_videos\M123\light_down\contempt\camera_leftfront\M123_light_down_contempt_camera_leftfront.mp4,real,M123,DF_SOURCE_06,train
E:\source_videos_part_06\source_videos\M122\light_left\neutral\camera_leftfront\M122_light_left_neutral_camera_leftfront.mp4,real,M122,DF_SOURCE_06,val
E:\source_videos_part_06\source_videos\M124\light_rightdown\angry\camera_right\M124_light_rightdown_angry_camera_right.mp4,real,M124,DF_SOURCE_06,train
E:\source_videos_part_06\source_videos\M123\light_left\fear\camera_up\M123_light_left_fear_camera_up.mp4,real,M123,DF_SOURCE_06,train
E:\source_videos_part_06\source_videos\M123\light_leftdown\surprise\camera_left\M123_light_leftdown_surprise_camera_left.mp4,real,M123,DF_SOURCE_06,train
E:\source_videos_part_06\source_videos\M123\light_rightdown\angry\camera_up\M123_light_rightdown_angry_camera_up.mp4,real,M123,DF_SOURCE_06,train
E:\source_videos_part_06\source_videos\M123\light_uniform\angry\camera_left\M123_light_uniform_angry_camera_left.mp4,real,M123,DF_SOURCE_06,train
E:\source_videos_part_06\source_videos\M122\light_leftup\contempt\camera_down\M122_light_leftup_contempt_camera_down.mp4,real,M122,DF_SOURCE_06,val
E:\source_videos_part_06\source_videos\M120\light_leftup\disgust\camera_rightfront\M120_light_leftup_disgust_camera_rightfront.mp4,real,M120,DF_SOURCE_06,train
E:\source_videos_part_06\source_videos\M121\light_leftup\surprise\camera_leftfront\M121_light_leftup_surprise_camera_leftfront.mp4,real,M121,DF_SOURCE_06,train
E:\source_videos_part_06\source_videos\M123\light_down\neutral\camera_front\M123_light_down_neutral_camera_front.mp4,real,M123,DF_SOURCE_06,train
E:\source_videos_part_06\source_videos\M132\light_down\disgust\camera_front\M132_light_down_disgust_camera_front.mp4,real,M132,DF_SOURCE_06,test
E:\source_videos_part_06\source_videos\M132\light_rightup\neutral\camera_left\M132_light_rightup_neutral_camera_left.mp4,real,M132,DF_SOURCE_06,test
E:\source_videos_part_06\source_videos\M123\light_right\angry\camera_rightfront\M123_light_right_angry_camera_rightfront.mp4,real,M123,DF_SOURCE_06,train
E:\source_videos_part_06\source_videos\M132\light_left\angry\camera_right\M132_light_left_angry_camera_right.mp4,real,M132,DF_SOURCE_06,test
E:\source_videos_part_06\source_videos\M123\light_right\sad\camera_leftfront\M123_light_right_sad_camera_leftfront.mp4,real,M123,DF_SOURCE_06,train
E:\source_videos_part_06\source_videos\M121\light_rightup\disgust\camera_leftfront\M121_light_rightup_disgust_camera_leftfront.mp4,real,M121,DF_SOURCE_06,train
E:\source_videos_part_06\source_videos\M131\light_left\happy\camera_rightfront\M131_light_left_happy_camera_rightfront.mp4,real,M131,DF_SOURCE_06,train
E:\source_videos_part_06\source_videos\M132\light_down\happy\camera_left\M132_light_down_happy_camera_left.mp4,real,M132,DF_SOURCE_06,test
E:\source_videos_part_06\source_videos\M132\light_rightup\neutral\camera_down\M132_light_rightup_neutral_camera_down.mp4,real,M132,DF_SOURCE_06,test
E:\source_videos_part_06\source_videos\M124\light_up\sad\camera_rightfront\M124_light_up_sad_camera_rightfront.mp4,real,M124,DF_SOURCE_06,train
E:\source_videos_part_06\source_videos\M123\light_rightup\surprise\camera_left\M123_light_rightup_surprise_camera_left.mp4,real,M123,DF_SOURCE_06,train
E:\source_videos_part_06\source_videos\M131\light_rightup\contempt\camera_up\M131_light_rightup_contempt_camera_up.mp4,real,M131,DF_SOURCE_06,train
E:\source_videos_part_06\source_videos\M122\light_rightup\contempt\camera_leftfront\M122_light_rightup_contempt_camera_leftfront.mp4,real,M122,DF_SOURCE_06,val
E:\source_videos_part_06\source_videos\M124\light_left\angry\camera_leftfront\M124_light_left_angry_camera_leftfront.mp4,real,M124,DF_SOURCE_06,train
E:\source_videos_part_06\source_videos\M121\light_uniform\neutral\camera_left\M121_light_uniform_neutral_camera_left.mp4,real,M121,DF_SOURCE_06,train
E:\source_videos_part_06\source_videos\M131\light_rightup\angry\camera_up\M131_light_rightup_angry_camera_up.mp4,real,M131,DF_SOURCE_06,train
E:\source_videos_part_06\source_videos\M131\light_down\contempt\camera_right\M131_light_down_contempt_camera_right.mp4,real,M131,DF_SOURCE_06,train
E:\source_videos_part_06\source_videos\M123\light_leftdown\sad\camera_rightfront\M123_light_leftdown_sad_camera_rightfront.mp4,real,M123,DF_SOURCE_06,train
E:\source_videos_part_06\source_videos\M122\light_rightdown\contempt\camera_leftfront\M122_light_rightdown_contempt_camera_leftfront.mp4,real,M122,DF_SOURCE_06,val
E:\source_videos_part_06\source_videos\M124\light_rightdown\angry\camera_front\M124_light_rightdown_angry_camera_front.mp4,real,M124,DF_SOURCE_06,train
E:\source_videos_part_06\source_videos\M124\light_down\contempt\camera_right\M124_light_down_contempt_camera_right.mp4,real,M124,DF_SOURCE_06,train
E:\source_videos_part_06\source_videos\M121\light_left\disgust\camera_leftfront\M121_light_left_disgust_camera_leftfront.mp4,real,M121,DF_SOURCE_06,train
E:\source_videos_part_06\source_videos\M131\light_down\angry\camera_left\M131_light_down_angry_camera_left.mp4,real,M131,DF_SOURCE_06,train
E:\source_videos_part_06\source_videos\M131\light_left\happy\camera_front\M131_light_left_happy_camera_front.mp4,real,M131,DF_SOURCE_06,train
E:\source_videos_part_06\source_videos\M120\light_leftup\fear\camera_rightfront\M120_light_leftup_fear_camera_rightfront.mp4,real,M120,DF_SOURCE_06,train
E:\source_videos_part_06\source_videos\M121\light_rightup\happy\camera_up\M121_light_rightup_happy_camera_up.mp4,real,M121,DF_SOURCE_06,train
E:\source_videos_part_06\source_videos\M120\light_rightdown\contempt\camera_down\M120_light_rightdown_contempt_camera_down.mp4,real,M120,DF_SOURCE_06,train
E:\source_videos_part_06\source_videos\M131\light_leftup\neutral\camera_right\M131_light_leftup_neutral_camera_right.mp4,real,M131,DF_SOURCE_06,train
E:\source_videos_part_06\source_videos\M131\light_right\disgust\camera_rightfront\M131_light_right_disgust_camera_rightfront.mp4,real,M131,DF_SOURCE_06,train
E:\source_videos_part_06\source_videos\M121\light_rightdown\neutral\camera_right\M121_light_rightdown_neutral_camera_right.mp4,real,M121,DF_SOURCE_06,train
E:\source_videos_part_06\source_videos\M122\light_rightdown\angry\camera_right\M122_light_rightdown_angry_camera_right.mp4,real,M122,DF_SOURCE_06,val
E:\source_videos_part_06\source_videos\M122\light_left\sad\camera_left\M122_light_left_sad_camera_left.mp4,real,M122,DF_SOURCE_06,val
E:\source_videos_part_06\source_videos\M123\light_leftdown\happy\camera_leftfront\M123_light_leftdown_happy_camera_leftfront.mp4,real,M123,DF_SOURCE_06,train
E:\source_videos_part_06\source_videos\M123\light_leftup\fear\camera_leftfront\M123_light_leftup_fear_camera_leftfront.mp4,real,M123,DF_SOURCE_06,train
E:\source_videos_part_06\source_videos\M121\light_down\fear\camera_right\M121_light_down_fear_camera_right.mp4,real,M121,DF_SOURCE_06,train
E:\source_videos_part_06\source_videos\M124\light_rightup\fear\camera_leftfront\M124_light_rightup_fear_camera_leftfront.mp4,real,M124,DF_SOURCE_06,train
E:\source_videos_part_06\source_videos\M121\light_rightdown\neutral\camera_left\M121_light_rightdown_neutral_camera_left.mp4,real,M121,DF_SOURCE_06,train
E:\source_videos_part_06\source_videos\M131\light_right\contempt\camera_right\M131_light_right_contempt_camera_right.mp4,real,M131,DF_SOURCE_06,train
E:\source_videos_part_06\source_videos\M122\light_left\fear\camera_left\M122_light_left_fear_camera_left.mp4,real,M122,DF_SOURCE_06,val
E:\source_videos_part_06\source_videos\M132\light_rightup\contempt\camera_rightfront\M132_light_rightup_contempt_camera_rightfront.mp4,real,M132,DF_SOURCE_06,test
E:\source_videos_part_06\source_videos\M120\light_leftup\surprise\camera_leftfront\M120_light_leftup_surprise_camera_leftfront.mp4,real,M120,DF_SOURCE_06,train
E:\source_videos_part_06\source_videos\M121\light_leftdown\angry\camera_up\M121_light_leftdown_angry_camera_up.mp4,real,M121,DF_SOURCE_06,train
E:\source_videos_part_06\source_videos\M121\light_right\happy\camera_leftfront\M121_light_right_happy_camera_leftfront.mp4,real,M121,DF_SOURCE_06,train
E:\source_videos_part_06\source_videos\M124\BlendShape\camera_right\M124_BlendShape_camera_right.mp4,real,M124,DF_SOURCE_06,train
E:\source_videos_part_06\source_videos\M123\light_down\disgust\camera_up\M123_light_down_disgust_camera_up.mp4,real,M123,DF_SOURCE_06,train
E:\source_videos_part_06\source_videos\M122\light_rightup\disgust\camera_left\M122_light_rightup_disgust_camera_left.mp4,real,M122,DF_SOURCE_06,val
E:\source_videos_part_06\source_videos\M123\light_leftup\sad\camera_down\M123_light_leftup_sad_camera_down.mp4,real,M123,DF_SOURCE_06,train
E:\source_videos_part_06\source_videos\M120\light_leftup\contempt\camera_left\M120_light_leftup_contempt_camera_left.mp4,real,M120,DF_SOURCE_06,train
E:\source_videos_part_06\source_videos\M131\light_right\sad\camera_front\M131_light_right_sad_camera_front.mp4,real,M131,DF_SOURCE_06,train
E:\source_videos_part_07\source_videos\M136\light_right\happy\camera_left\M136_light_right_happy_camera_left.mp4,real,M136,DF_SOURCE_07,train
E:\source_videos_part_07\source_videos\M136\light_right\fear\camera_front\M136_light_right_fear_camera_front.mp4,real,M136,DF_SOURCE_07,train
E:\source_videos_part_07\source_videos\M133\light_right\contempt\camera_leftfront\M133_light_right_contempt_camera_leftfront.mp4,real,M133,DF_SOURCE_07,val
E:\source_videos_part_07\source_videos\M132\light_uniform\contempt\camera_left\M132_light_uniform_contempt_camera_left.mp4,real,M132,DF_SOURCE_07,test
E:\source_videos_part_07\source_videos\M133\light_left\angry\camera_leftfront\M133_light_left_angry_camera_leftfront.mp4,real,M133,DF_SOURCE_07,val
E:\source_videos_part_07\source_videos\M132\light_rightdown\sad\camera_rightfront\M132_light_rightdown_sad_camera_rightfront.mp4,real,M132,DF_SOURCE_07,test
E:\source_videos_part_07\source_videos\M133\light_rightdown\disgust\camera_left\M133_light_rightdown_disgust_camera_left.mp4,real,M133,DF_SOURCE_07,val
E:\source_videos_part_07\source_videos\M132\light_leftup\disgust\camera_up\M132_light_leftup_disgust_camera_up.mp4,real,M132,DF_SOURCE_07,test
E:\source_videos_part_07\source_videos\M133\light_uniform\surprise\camera_right\M133_light_uniform_surprise_camera_right.mp4,real,M133,DF_SOURCE_07,val
E:\source_videos_part_07\source_videos\M132\light_leftdown\contempt\camera_rightfront\M132_light_leftdown_contempt_camera_rightfront.mp4,real,M132,DF_SOURCE_07,test
E:\source_videos_part_07\source_videos\M135\light_down\neutral\camera_rightfront\M135_light_down_neutral_camera_rightfront.mp4,real,M135,DF_SOURCE_07,train
E:\source_videos_part_07\source_videos\M134\light_right\fear\camera_rightfront\M134_light_right_fear_camera_rightfront.mp4,real,M134,DF_SOURCE_07,val
E:\source_videos_part_07\source_videos\M135\light_up\disgust\camera_leftfront\M135_light_up_disgust_camera_leftfront.mp4,real,M135,DF_SOURCE_07,train
E:\source_videos_part_07\source_videos\M133\light_leftup\sad\camera_up\M133_light_leftup_sad_camera_up.mp4,real,M133,DF_SOURCE_07,val
E:\source_videos_part_07\source_videos\M135\light_uniform\neutral\camera_down\M135_light_uniform_neutral_camera_down.mp4,real,M135,DF_SOURCE_07,train
E:\source_videos_part_07\source_videos\M136\light_down\angry\camera_front\M136_light_down_angry_camera_front.mp4,real,M136,DF_SOURCE_07,train
E:\source_videos_part_07\source_videos\M136\light_rightdown\disgust\camera_left\M136_light_rightdown_disgust_camera_left.mp4,real,M136,DF_SOURCE_07,train
E:\source_videos_part_07\source_videos\M136\light_rightdown\neutral\camera_left\M136_light_rightdown_neutral_camera_left.mp4,real,M136,DF_SOURCE_07,train
E:\source_videos_part_07\source_videos\M133\light_up\contempt\camera_down\M133_light_up_contempt_camera_down.mp4,real,M133,DF_SOURCE_07,val
E:\source_videos_part_07\source_videos\M135\light_right\fear\camera_front\M135_light_right_fear_camera_front.mp4,real,M135,DF_SOURCE_07,train
E:\source_videos_part_07\source_videos\M134\light_right\angry\camera_up\M134_light_right_angry_camera_up.mp4,real,M134,DF_SOURCE_07,val
E:\source_videos_part_07\source_videos\M136\light_down\happy\camera_down\M136_light_down_happy_camera_down.mp4,real,M136,DF_SOURCE_07,train
E:\source_videos_part_07\source_videos\M133\light_rightdown\sad\camera_right\M133_light_rightdown_sad_camera_right.mp4,real,M133,DF_SOURCE_07,val
E:\source_videos_part_07\source_videos\M136\light_rightup\neutral\camera_right\M136_light_rightup_neutral_camera_right.mp4,real,M136,DF_SOURCE_07,train
E:\source_videos_part_07\source_videos\M134\light_rightdown\surprise\camera_leftfront\M134_light_rightdown_surprise_camera_leftfront.mp4,real,M134,DF_SOURCE_07,val
E:\source_videos_part_07\source_videos\M137\light_rightup\disgust\camera_rightfront\M137_light_rightup_disgust_camera_rightfront.mp4,real,M137,DF_SOURCE_07,test
E:\source_videos_part_07\source_videos\M134\light_up\sad\camera_rightfront\M134_light_up_sad_camera_rightfront.mp4,real,M134,DF_SOURCE_07,val
E:\source_videos_part_07\source_videos\M137\light_left\sad\camera_left\M137_light_left_sad_camera_left.mp4,real,M137,DF_SOURCE_07,test
E:\source_videos_part_07\source_videos\M137\light_rightup\disgust\camera_down\M137_light_rightup_disgust_camera_down.mp4,real,M137,DF_SOURCE_07,test
E:\source_videos_part_07\source_videos\M136\light_right\happy\camera_right\M136_light_right_happy_camera_right.mp4,real,M136,DF_SOURCE_07,train
E:\source_videos_part_07\source_videos\M136\light_right\surprise\camera_front\M136_light_right_surprise_camera_front.mp4,real,M136,DF_SOURCE_07,train
E:\source_videos_part_07\source_videos\M132\light_rightdown\disgust\camera_front\M132_light_rightdown_disgust_camera_front.mp4,real,M132,DF_SOURCE_07,test
E:\source_videos_part_07\source_videos\M136\light_leftup\fear\camera_right\M136_light_leftup_fear_camera_right.mp4,real,M136,DF_SOURCE_07,train
E:\source_videos_part_07\source_videos\M133\light_rightdown\surprise\camera_right\M133_light_rightdown_surprise_camera_right.mp4,real,M133,DF_SOURCE_07,val
E:\source_videos_part_07\source_videos\M133\light_right\neutral\camera_leftfront\M133_light_right_neutral_camera_leftfront.mp4,real,M133,DF_SOURCE_07,val
E:\source_videos_part_07\source_videos\M134\light_rightup\angry\camera_up\M134_light_rightup_angry_camera_up.mp4,real,M134,DF_SOURCE_07,val
E:\source_videos_part_07\source_videos\M134\light_left\fear\camera_left\M134_light_left_fear_camera_left.mp4,real,M134,DF_SOURCE_07,val
E:\source_videos_part_07\source_videos\M135\light_uniform\angry\camera_front\M135_light_uniform_angry_camera_front.mp4,real,M135,DF_SOURCE_07,train
E:\source_videos_part_07\source_videos\M136\light_leftdown\disgust\camera_right\M136_light_leftdown_disgust_camera_right.mp4,real,M136,DF_SOURCE_07,train
E:\source_videos_part_07\source_videos\M136\light_leftdown\disgust\camera_rightfront\M136_light_leftdown_disgust_camera_rightfront.mp4,real,M136,DF_SOURCE_07,train
E:\source_videos_part_07\source_videos\M133\light_left\fear\camera_up\M133_light_left_fear_camera_up.mp4,real,M133,DF_SOURCE_07,val
E:\source_videos_part_07\source_videos\M133\light_right\angry\camera_up\M133_light_right_angry_camera_up.mp4,real,M133,DF_SOURCE_07,val
E:\source_videos_part_07\source_videos\M136\light_left\neutral\camera_down\M136_light_left_neutral_camera_down.mp4,real,M136,DF_SOURCE_07,train
E:\source_videos_part_07\source_videos\M132\light_uniform\angry\camera_leftfront\M132_light_uniform_angry_camera_leftfront.mp4,real,M132,DF_SOURCE_07,test
E:\source_videos_part_07\source_videos\M137\light_up\disgust\camera_leftfront\M137_light_up_disgust_camera_leftfront.mp4,real,M137,DF_SOURCE_07,test
E:\source_videos_part_07\source_videos\M136\light_left\fear\camera_up\M136_light_left_fear_camera_up.mp4,real,M136,DF_SOURCE_07,train
E:\source_videos_part_07\source_videos\M135\light_right\contempt\camera_right\M135_light_right_contempt_camera_right.mp4,real,M135,DF_SOURCE_07,train
E:\source_videos_part_07\source_videos\M135\light_uniform\surprise\camera_down\M135_light_uniform_surprise_camera_down.mp4,real,M135,DF_SOURCE_07,train
E:\source_videos_part_07\source_videos\M133\light_rightdown\happy\camera_leftfront\M133_light_rightdown_happy_camera_leftfront.mp4,real,M133,DF_SOURCE_07,val
E:\source_videos_part_07\source_videos\M137\light_up\sad\camera_left\M137_light_up_sad_camera_left.mp4,real,M137,DF_SOURCE_07,test
E:\source_videos_part_07\source_videos\M137\light_up\contempt\camera_left\M137_light_up_contempt_camera_left.mp4,real,M137,DF_SOURCE_07,test
E:\source_videos_part_07\source_videos\M135\light_right\angry\camera_up\M135_light_right_angry_camera_up.mp4,real,M135,DF_SOURCE_07,train
E:\source_videos_part_07\source_videos\M133\light_rightup\angry\camera_up\M133_light_rightup_angry_camera_up.mp4,real,M133,DF_SOURCE_07,val
E:\source_videos_part_07\source_videos\M132\light_leftup\angry\camera_right\M132_light_leftup_angry_camera_right.mp4,real,M132,DF_SOURCE_07,test
E:\source_videos_part_07\source_videos\M136\light_uniform\contempt\camera_down\M136_light_uniform_contempt_camera_down.mp4,real,M136,DF_SOURCE_07,train
E:\source_videos_part_07\source_videos\M135\light_rightup\fear\camera_front\M135_light_rightup_fear_camera_front.mp4,real,M135,DF_SOURCE_07,train
E:\source_videos_part_07\source_videos\M133\light_rightup\neutral\camera_right\M133_light_rightup_neutral_camera_right.mp4,real,M133,DF_SOURCE_07,val
E:\source_videos_part_07\source_videos\M132\light_rightdown\surprise\camera_up\M132_light_rightdown_surprise_camera_up.mp4,real,M132,DF_SOURCE_07,test
E:\source_videos_part_07\source_videos\M133\light_uniform\surprise\camera_up\M133_light_uniform_surprise_camera_up.mp4,real,M133,DF_SOURCE_07,val
E:\source_videos_part_07\source_videos\M136\light_rightup\disgust\camera_right\M136_light_rightup_disgust_camera_right.mp4,real,M136,DF_SOURCE_07,train
E:\source_videos_part_07\source_videos\M132\light_rightdown\angry\camera_right\M132_light_rightdown_angry_camera_right.mp4,real,M132,DF_SOURCE_07,test
E:\source_videos_part_07\source_videos\M136\light_left\sad\camera_rightfront\M136_light_left_sad_camera_rightfront.mp4,real,M136,DF_SOURCE_07,train
E:\source_videos_part_07\source_videos\M135\light_rightup\angry\camera_up\M135_light_rightup_angry_camera_up.mp4,real,M135,DF_SOURCE_07,train
E:\source_videos_part_07\source_videos\M137\light_rightup\angry\camera_right\M137_light_rightup_angry_camera_right.mp4,real,M137,DF_SOURCE_07,test
E:\source_videos_part_07\source_videos\M137\light_left\sad\camera_leftfront\M137_light_left_sad_camera_leftfront.mp4,real,M137,DF_SOURCE_07,test
E:\source_videos_part_07\source_videos\M133\light_right\happy\camera_front\M133_light_right_happy_camera_front.mp4,real,M133,DF_SOURCE_07,val
E:\source_videos_part_07\source_videos\M135\light_leftup\sad\camera_up\M135_light_leftup_sad_camera_up.mp4,real,M135,DF_SOURCE_07,train
E:\source_videos_part_07\source_videos\M136\light_right\disgust\camera_left\M136_light_right_disgust_camera_left.mp4,real,M136,DF_SOURCE_07,train
E:\source_videos_part_07\source_videos\M137\light_left\angry\camera_right\M137_light_left_angry_camera_right.mp4,real,M137,DF_SOURCE_07,test
E:\source_videos_part_07\source_videos\M134\light_left\surprise\camera_rightfront\M134_light_left_surprise_camera_rightfront.mp4,real,M134,DF_SOURCE_07,val
E:\source_videos_part_07\source_videos\M137\light_up\sad\camera_front\M137_light_up_sad_camera_front.mp4,real,M137,DF_SOURCE_07,test
E:\source_videos_part_07\source_videos\M134\light_leftup\surprise\camera_down\M134_light_leftup_surprise_camera_down.mp4,real,M134,DF_SOURCE_07,val
E:\source_videos_part_07\source_videos\M137\light_rightup\fear\camera_up\M137_light_rightup_fear_camera_up.mp4,real,M137,DF_SOURCE_07,test
E:\source_videos_part_07\source_videos\M133\light_down\disgust\camera_right\M133_light_down_disgust_camera_right.mp4,real,M133,DF_SOURCE_07,val
E:\source_videos_part_07\source_videos\M136\light_up\disgust\camera_leftfront\M136_light_up_disgust_camera_leftfront.mp4,real,M136,DF_SOURCE_07,train
E:\source_videos_part_07\source_videos\M135\light_right\angry\camera_leftfront\M135_light_right_angry_camera_leftfront.mp4,real,M135,DF_SOURCE_07,train
E:\source_videos_part_07\source_videos\M134\light_up\angry\camera_right\M134_light_up_angry_camera_right.mp4,real,M134,DF_SOURCE_07,val
E:\source_videos_part_07\source_videos\M133\light_right\surprise\camera_right\M133_light_right_surprise_camera_right.mp4,real,M133,DF_SOURCE_07,val
E:\source_videos_part_07\source_videos\M133\light_rightup\neutral\camera_left\M133_light_rightup_neutral_camera_left.mp4,real,M133,DF_SOURCE_07,val
E:\source_videos_part_07\source_videos\M135\light_leftup\sad\camera_left\M135_light_leftup_sad_camera_left.mp4,real,M135,DF_SOURCE_07,train
E:\source_videos_part_07\source_videos\M135\light_rightdown\angry\camera_up\M135_light_rightdown_angry_camera_up.mp4,real,M135,DF_SOURCE_07,train
E:\source_videos_part_07\source_videos\M136\light_rightup\disgust\camera_up\M136_light_rightup_disgust_camera_up.mp4,real,M136,DF_SOURCE_07,train
E:\source_videos_part_07\source_videos\M136\light_leftdown\neutral\camera_left\M136_light_leftdown_neutral_camera_left.mp4,real,M136,DF_SOURCE_07,train
E:\source_videos_part_07\source_videos\M134\light_uniform\sad\camera_down\M134_light_uniform_sad_camera_down.mp4,real,M134,DF_SOURCE_07,val
E:\source_videos_part_07\source_videos\M136\light_right\contempt\camera_right\M136_light_right_contempt_camera_right.mp4,real,M136,DF_SOURCE_07,train
E:\source_videos_part_07\source_videos\M136\light_left\contempt\camera_right\M136_light_left_contempt_camera_right.mp4,real,M136,DF_SOURCE_07,train
E:\source_videos_part_07\source_videos\M133\light_rightup\surprise\camera_right\M133_light_rightup_surprise_camera_right.mp4,real,M133,DF_SOURCE_07,val
E:\source_videos_part_07\source_videos\M133\light_leftdown\contempt\camera_down\M133_light_leftdown_contempt_camera_down.mp4,real,M133,DF_SOURCE_07,val
E:\source_videos_part_07\source_videos\M134\light_leftup\happy\camera_left\M134_light_leftup_happy_camera_left.mp4,real,M134,DF_SOURCE_07,val
E:\source_videos_part_07\source_videos\M134\light_rightup\contempt\camera_rightfront\M134_light_rightup_contempt_camera_rightfront.mp4,real,M134,DF_SOURCE_07,val
E:\source_videos_part_07\source_videos\M132\light_leftup\surprise\camera_down\M132_light_leftup_surprise_camera_down.mp4,real,M132,DF_SOURCE_07,test
E:\source_videos_part_07\source_videos\M137\light_up\neutral\camera_leftfront\M137_light_up_neutral_camera_leftfront.mp4,real,M137,DF_SOURCE_07,test
E:\source_videos_part_07\source_videos\M134\light_rightdown\contempt\camera_leftfront\M134_light_rightdown_contempt_camera_leftfront.mp4,real,M134,DF_SOURCE_07,val
E:\source_videos_part_07\source_videos\M137\light_left\contempt\camera_rightfront\M137_light_left_contempt_camera_rightfront.mp4,real,M137,DF_SOURCE_07,test
E:\source_videos_part_07\source_videos\M136\light_uniform\angry\camera_rightfront\M136_light_uniform_angry_camera_rightfront.mp4,real,M136,DF_SOURCE_07,train
E:\source_videos_part_07\source_videos\M135\light_leftdown\sad\camera_rightfront\M135_light_leftdown_sad_camera_rightfront.mp4,real,M135,DF_SOURCE_07,train
E:\source_videos_part_07\source_videos\M137\light_up\angry\camera_right\M137_light_up_angry_camera_right.mp4,real,M137,DF_SOURCE_07,test
E:\source_videos_part_07\source_videos\M135\light_leftup\contempt\camera_leftfront\M135_light_leftup_contempt_camera_leftfront.mp4,real,M135,DF_SOURCE_07,train
E:\source_videos_part_07\source_videos\M134\light_right\sad\camera_left\M134_light_right_sad_camera_left.mp4,real,M134,DF_SOURCE_07,val
E:\source_videos_part_07\source_videos\M132\light_leftdown\happy\camera_front\M132_light_leftdown_happy_camera_front.mp4,real,M132,DF_SOURCE_07,test
E:\source_videos_part_07\source_videos\M135\light_rightdown\neutral\camera_rightfront\M135_light_rightdown_neutral_camera_rightfront.mp4,real,M135,DF_SOURCE_07,train
E:\source_videos_part_07\source_videos\M137\light_left\angry\camera_up\M137_light_left_angry_camera_up.mp4,real,M137,DF_SOURCE_07,test
E:\source_videos_part_07\source_videos\M132\light_rightdown\contempt\camera_rightfront\M132_light_rightdown_contempt_camera_rightfront.mp4,real,M132,DF_SOURCE_07,test
E:\source_videos_part_07\source_videos\M134\light_uniform\disgust\camera_left\M134_light_uniform_disgust_camera_left.mp4,real,M134,DF_SOURCE_07,val
E:\source_videos_part_07\source_videos\M135\light_rightup\angry\camera_right\M135_light_rightup_angry_camera_right.mp4,real,M135,DF_SOURCE_07,train
E:\source_videos_part_07\source_videos\M136\light_rightdown\neutral\camera_down\M136_light_rightdown_neutral_camera_down.mp4,real,M136,DF_SOURCE_07,train
E:\source_videos_part_07\source_videos\M135\light_down\surprise\camera_up\M135_light_down_surprise_camera_up.mp4,real,M135,DF_SOURCE_07,train
E:\source_videos_part_07\source_videos\M136\light_leftup\fear\camera_rightfront\M136_light_leftup_fear_camera_rightfront.mp4,real,M136,DF_SOURCE_07,train
E:\source_videos_part_07\source_videos\M133\light_right\disgust\camera_front\M133_light_right_disgust_camera_front.mp4,real,M133,DF_SOURCE_07,val
E:\source_videos_part_07\source_videos\M136\light_leftup\neutral\camera_leftfront\M136_light_leftup_neutral_camera_leftfront.mp4,real,M136,DF_SOURCE_07,train
E:\source_videos_part_07\source_videos\M136\light_right\neutral\camera_right\M136_light_right_neutral_camera_right.mp4,real,M136,DF_SOURCE_07,train
E:\source_videos_part_07\source_videos\M136\light_down\sad\camera_front\M136_light_down_sad_camera_front.mp4,real,M136,DF_SOURCE_07,train
E:\source_videos_part_07\source_videos\M135\light_leftup\happy\camera_rightfront\M135_light_leftup_happy_camera_rightfront.mp4,real,M135,DF_SOURCE_07,train
E:\source_videos_part_07\source_videos\M135\light_rightup\happy\camera_leftfront\M135_light_rightup_happy_camera_leftfront.mp4,real,M135,DF_SOURCE_07,train
E:\source_videos_part_07\source_videos\M132\light_right\sad\camera_up\M132_light_right_sad_camera_up.mp4,real,M132,DF_SOURCE_07,test
E:\source_videos_part_07\source_videos\M137\light_rightup\disgust\camera_front\M137_light_rightup_disgust_camera_front.mp4,real,M137,DF_SOURCE_07,test
E:\source_videos_part_07\source_videos\M134\light_leftdown\fear\camera_right\M134_light_leftdown_fear_camera_right.mp4,real,M134,DF_SOURCE_07,val
E:\source_videos_part_07\source_videos\M135\light_uniform\contempt\camera_up\M135_light_uniform_contempt_camera_up.mp4,real,M135,DF_SOURCE_07,train
E:\source_videos_part_07\source_videos\M136\light_left\disgust\camera_up\M136_light_left_disgust_camera_up.mp4,real,M136,DF_SOURCE_07,train
E:\source_videos_part_07\source_videos\M135\light_leftup\surprise\camera_down\M135_light_leftup_surprise_camera_down.mp4,real,M135,DF_SOURCE_07,train
E:\source_videos_part_07\source_videos\M135\light_right\neutral\camera_down\M135_light_right_neutral_camera_down.mp4,real,M135,DF_SOURCE_07,train
E:\source_videos_part_07\source_videos\M135\light_uniform\fear\camera_left\M135_light_uniform_fear_camera_left.mp4,real,M135,DF_SOURCE_07,train
E:\source_videos_part_07\source_videos\M133\light_up\disgust\camera_up\M133_light_up_disgust_camera_up.mp4,real,M133,DF_SOURCE_07,val
E:\source_videos_part_07\source_videos\M136\light_rightdown\disgust\camera_leftfront\M136_light_rightdown_disgust_camera_leftfront.mp4,real,M136,DF_SOURCE_07,train
E:\source_videos_part_07\source_videos\M135\light_down\surprise\camera_down\M135_light_down_surprise_camera_down.mp4,real,M135,DF_SOURCE_07,train
E:\source_videos_part_07\source_videos\M136\light_leftup\happy\camera_front\M136_light_leftup_happy_camera_front.mp4,real,M136,DF_SOURCE_07,train
E:\source_videos_part_07\source_videos\M136\light_rightup\disgust\camera_leftfront\M136_light_rightup_disgust_camera_leftfront.mp4,real,M136,DF_SOURCE_07,train
E:\source_videos_part_07\source_videos\M136\light_down\fear\camera_leftfront\M136_light_down_fear_camera_leftfront.mp4,real,M136,DF_SOURCE_07,train
E:\source_videos_part_07\source_videos\M136\light_left\neutral\camera_right\M136_light_left_neutral_camera_right.mp4,real,M136,DF_SOURCE_07,train
E:\source_videos_part_07\source_videos\M133\light_left\neutral\camera_up\M133_light_left_neutral_camera_up.mp4,real,M133,DF_SOURCE_07,val
E:\source_videos_part_07\source_videos\M137\light_rightup\fear\camera_down\M137_light_rightup_fear_camera_down.mp4,real,M137,DF_SOURCE_07,test
E:\source_videos_part_07\source_videos\M134\light_left\surprise\camera_left\M134_light_left_surprise_camera_left.mp4,real,M134,DF_SOURCE_07,val
E:\source_videos_part_07\source_videos\M134\light_down\angry\camera_left\M134_light_down_angry_camera_left.mp4,real,M134,DF_SOURCE_07,val
E:\source_videos_part_07\source_videos\M134\light_right\surprise\camera_leftfront\M134_light_right_surprise_camera_leftfront.mp4,real,M134,DF_SOURCE_07,val
E:\source_videos_part_07\source_videos\M133\light_uniform\surprise\camera_leftfront\M133_light_uniform_surprise_camera_leftfront.mp4,real,M133,DF_SOURCE_07,val
E:\source_videos_part_07\source_videos\M134\light_leftup\sad\camera_left\M134_light_leftup_sad_camera_left.mp4,real,M134,DF_SOURCE_07,val
E:\source_videos_part_07\source_videos\M135\light_left\neutral\camera_leftfront\M135_light_left_neutral_camera_leftfront.mp4,real,M135,DF_SOURCE_07,train
E:\source_videos_part_07\source_videos\M137\light_rightup\contempt\camera_rightfront\M137_light_rightup_contempt_camera_rightfront.mp4,real,M137,DF_SOURCE_07,test
E:\source_videos_part_07\source_videos\M132\light_leftdown\angry\camera_front\M132_light_leftdown_angry_camera_front.mp4,real,M132,DF_SOURCE_07,test
E:\source_videos_part_07\source_videos\M136\light_right\happy\camera_leftfront\M136_light_right_happy_camera_leftfront.mp4,real,M136,DF_SOURCE_07,train
E:\source_videos_part_07\source_videos\M136\light_right\angry\camera_down\M136_light_right_angry_camera_down.mp4,real,M136,DF_SOURCE_07,train
E:\source_videos_part_07\source_videos\M133\light_up\happy\camera_left\M133_light_up_happy_camera_left.mp4,real,M133,DF_SOURCE_07,val
E:\source_videos_part_07\source_videos\M135\light_uniform\disgust\camera_up\M135_light_uniform_disgust_camera_up.mp4,real,M135,DF_SOURCE_07,train
E:\source_videos_part_07\source_videos\M136\light_left\contempt\camera_front\M136_light_left_contempt_camera_front.mp4,real,M136,DF_SOURCE_07,train
E:\source_videos_part_07\source_videos\M136\light_leftup\fear\camera_leftfront\M136_light_leftup_fear_camera_leftfront.mp4,real,M136,DF_SOURCE_07,train
E:\source_videos_part_07\source_videos\M136\light_leftdown\neutral\camera_down\M136_light_leftdown_neutral_camera_down.mp4,real,M136,DF_SOURCE_07,train
E:\source_videos_part_07\source_videos\M133\light_uniform\sad\camera_down\M133_light_uniform_sad_camera_down.mp4,real,M133,DF_SOURCE_07,val
E:\source_videos_part_07\source_videos\M134\light_uniform\surprise\camera_left\M134_light_uniform_surprise_camera_left.mp4,real,M134,DF_SOURCE_07,val
E:\source_videos_part_07\source_videos\M137\light_rightup\happy\camera_down\M137_light_rightup_happy_camera_down.mp4,real,M137,DF_SOURCE_07,test
E:\source_videos_part_07\source_videos\M136\light_rightup\angry\camera_front\M136_light_rightup_angry_camera_front.mp4,real,M136,DF_SOURCE_07,train
E:\source_videos_part_07\source_videos\M133\light_left\surprise\camera_rightfront\M133_light_left_surprise_camera_rightfront.mp4,real,M133,DF_SOURCE_07,val
E:\source_videos_part_07\source_videos\M133\light_down\happy\camera_down\M133_light_down_happy_camera_down.mp4,real,M133,DF_SOURCE_07,val
E:\source_videos_part_07\source_videos\M133\light_right\sad\camera_down\M133_light_right_sad_camera_down.mp4,real,M133,DF_SOURCE_07,val
E:\source_videos_part_07\source_videos\M134\light_up\disgust\camera_down\M134_light_up_disgust_camera_down.mp4,real,M134,DF_SOURCE_07,val
E:\source_videos_part_07\source_videos\M136\light_rightup\neutral\camera_rightfront\M136_light_rightup_neutral_camera_rightfront.mp4,real,M136,DF_SOURCE_07,train
E:\source_videos_part_07\source_videos\M137\light_rightup\sad\camera_up\M137_light_rightup_sad_camera_up.mp4,real,M137,DF_SOURCE_07,test
E:\source_videos_part_07\source_videos\M137\light_left\happy\camera_right\M137_light_left_happy_camera_right.mp4,real,M137,DF_SOURCE_07,test
E:\source_videos_part_07\source_videos\M136\light_right\sad\camera_leftfront\M136_light_right_sad_camera_leftfront.mp4,real,M136,DF_SOURCE_07,train
E:\source_videos_part_07\source_videos\M134\light_right\angry\camera_right\M134_light_right_angry_camera_right.mp4,real,M134,DF_SOURCE_07,val
E:\source_videos_part_07\source_videos\M137\light_rightup\sad\camera_rightfront\M137_light_rightup_sad_camera_rightfront.mp4,real,M137,DF_SOURCE_07,test
E:\source_videos_part_07\source_videos\M137\light_up\fear\camera_front\M137_light_up_fear_camera_front.mp4,real,M137,DF_SOURCE_07,test
E:\source_videos_part_07\source_videos\M132\light_leftdown\disgust\camera_left\M132_light_leftdown_disgust_camera_left.mp4,real,M132,DF_SOURCE_07,test
E:\source_videos_part_07\source_videos\M132\light_rightdown\fear\camera_right\M132_light_rightdown_fear_camera_right.mp4,real,M132,DF_SOURCE_07,test
E:\source_videos_part_07\source_videos\M134\BlendShape\camera_up\M134_BlendShape_camera_up.mp4,real,M134,DF_SOURCE_07,val
E:\source_videos_part_07\source_videos\M134\light_leftdown\sad\camera_front\M134_light_leftdown_sad_camera_front.mp4,real,M134,DF_SOURCE_07,val
E:\source_videos_part_07\source_videos\M135\light_up\fear\camera_right\M135_light_up_fear_camera_right.mp4,real,M135,DF_SOURCE_07,train
E:\source_videos_part_07\source_videos\M136\light_uniform\contempt\camera_front\M136_light_uniform_contempt_camera_front.mp4,real,M136,DF_SOURCE_07,train
E:\source_videos_part_07\source_videos\M132\light_uniform\contempt\camera_rightfront\M132_light_uniform_contempt_camera_rightfront.mp4,real,M132,DF_SOURCE_07,test
E:\source_videos_part_07\source_videos\M133\light_rightup\neutral\camera_up\M133_light_rightup_neutral_camera_up.mp4,real,M133,DF_SOURCE_07,val
E:\source_videos_part_07\source_videos\M136\light_rightup\sad\camera_up\M136_light_rightup_sad_camera_up.mp4,real,M136,DF_SOURCE_07,train
E:\source_videos_part_07\source_videos\M133\light_right\disgust\camera_down\M133_light_right_disgust_camera_down.mp4,real,M133,DF_SOURCE_07,val
E:\source_videos_part_07\source_videos\M135\light_uniform\disgust\camera_right\M135_light_uniform_disgust_camera_right.mp4,real,M135,DF_SOURCE_07,train
E:\source_videos_part_07\source_videos\M134\light_right\surprise\camera_down\M134_light_right_surprise_camera_down.mp4,real,M134,DF_SOURCE_07,val
E:\source_videos_part_07\source_videos\M132\light_rightdown\fear\camera_rightfront\M132_light_rightdown_fear_camera_rightfront.mp4,real,M132,DF_SOURCE_07,test
E:\source_videos_part_07\source_videos\M136\light_rightdown\happy\camera_front\M136_light_rightdown_happy_camera_front.mp4,real,M136,DF_SOURCE_07,train
E:\source_videos_part_07\source_videos\M135\light_rightup\surprise\camera_up\M135_light_rightup_surprise_camera_up.mp4,real,M135,DF_SOURCE_07,train
E:\source_videos_part_07\source_videos\M136\light_rightdown\happy\camera_down\M136_light_rightdown_happy_camera_down.mp4,real,M136,DF_SOURCE_07,train
E:\source_videos_part_07\source_videos\M136\light_leftdown\contempt\camera_up\M136_light_leftdown_contempt_camera_up.mp4,real,M136,DF_SOURCE_07,train
E:\source_videos_part_07\source_videos\M133\light_left\surprise\camera_left\M133_light_left_surprise_camera_left.mp4,real,M133,DF_SOURCE_07,val
E:\source_videos_part_07\source_videos\M134\light_left\fear\camera_rightfront\M134_light_left_fear_camera_rightfront.mp4,real,M134,DF_SOURCE_07,val
E:\source_videos_part_07\source_videos\M133\light_uniform\neutral\camera_leftfront\M133_light_uniform_neutral_camera_leftfront.mp4,real,M133,DF_SOURCE_07,val
E:\source_videos_part_07\source_videos\M136\light_left\neutral\camera_front\M136_light_left_neutral_camera_front.mp4,real,M136,DF_SOURCE_07,train
E:\source_videos_part_07\source_videos\M132\light_leftup\surprise\camera_up\M132_light_leftup_surprise_camera_up.mp4,real,M132,DF_SOURCE_07,test
E:\source_videos_part_07\source_videos\M136\light_up\angry\camera_rightfront\M136_light_up_angry_camera_rightfront.mp4,real,M136,DF_SOURCE_07,train
E:\source_videos_part_07\source_videos\M135\light_up\sad\camera_up\M135_light_up_sad_camera_up.mp4,real,M135,DF_SOURCE_07,train
E:\source_videos_part_07\source_videos\M133\light_up\fear\camera_leftfront\M133_light_up_fear_camera_leftfront.mp4,real,M133,DF_SOURCE_07,val
E:\source_videos_part_07\source_videos\M136\light_up\angry\camera_down\M136_light_up_angry_camera_down.mp4,real,M136,DF_SOURCE_07,train
E:\source_videos_part_07\source_videos\M137\light_up\fear\camera_up\M137_light_up_fear_camera_up.mp4,real,M137,DF_SOURCE_07,test
E:\source_videos_part_07\source_videos\M136\light_left\surprise\camera_front\M136_light_left_surprise_camera_front.mp4,real,M136,DF_SOURCE_07,train
E:\source_videos_part_07\source_videos\M134\light_left\happy\camera_leftfront\M134_light_left_happy_camera_leftfront.mp4,real,M134,DF_SOURCE_07,val
E:\source_videos_part_07\source_videos\M132\light_leftdown\surprise\camera_left\M132_light_leftdown_surprise_camera_left.mp4,real,M132,DF_SOURCE_07,test
E:\source_videos_part_07\source_videos\M134\light_rightup\neutral\camera_front\M134_light_rightup_neutral_camera_front.mp4,real,M134,DF_SOURCE_07,val
E:\source_videos_part_07\source_videos\M136\light_left\happy\camera_rightfront\M136_light_left_happy_camera_rightfront.mp4,real,M136,DF_SOURCE_07,train
E:\source_videos_part_07\source_videos\M135\light_leftup\disgust\camera_up\M135_light_leftup_disgust_camera_up.mp4,real,M135,DF_SOURCE_07,train
E:\source_videos_part_07\source_videos\M136\light_leftup\angry\camera_rightfront\M136_light_leftup_angry_camera_rightfront.mp4,real,M136,DF_SOURCE_07,train
E:\source_videos_part_07\source_videos\M133\BlendShape\camera_right\M133_BlendShape_camera_right.mp4,real,M133,DF_SOURCE_07,val
E:\source_videos_part_07\source_videos\M136\light_up\neutral\camera_up\M136_light_up_neutral_camera_up.mp4,real,M136,DF_SOURCE_07,train
E:\source_videos_part_07\source_videos\M133\light_rightup\sad\camera_left\M133_light_rightup_sad_camera_left.mp4,real,M133,DF_SOURCE_07,val
E:\source_videos_part_07\source_videos\M137\light_rightup\happy\camera_up\M137_light_rightup_happy_camera_up.mp4,real,M137,DF_SOURCE_07,test
E:\source_videos_part_07\source_videos\M134\light_rightdown\sad\camera_right\M134_light_rightdown_sad_camera_right.mp4,real,M134,DF_SOURCE_07,val
E:\source_videos_part_07\source_videos\M132\light_rightdown\angry\camera_left\M132_light_rightdown_angry_camera_left.mp4,real,M132,DF_SOURCE_07,test
E:\source_videos_part_07\source_videos\M135\light_down\happy\camera_right\M135_light_down_happy_camera_right.mp4,real,M135,DF_SOURCE_07,train
E:\source_videos_part_07\source_videos\M136\light_up\angry\camera_left\M136_light_up_angry_camera_left.mp4,real,M136,DF_SOURCE_07,train
E:\source_videos_part_07\source_videos\M136\light_rightdown\neutral\camera_rightfront\M136_light_rightdown_neutral_camera_rightfront.mp4,real,M136,DF_SOURCE_07,train
E:\source_videos_part_07\source_videos\M136\light_right\angry\camera_up\M136_light_right_angry_camera_up.mp4,real,M136,DF_SOURCE_07,train
E:\source_videos_part_07\source_videos\M135\light_rightdown\contempt\camera_up\M135_light_rightdown_contempt_camera_up.mp4,real,M135,DF_SOURCE_07,train
E:\source_videos_part_07\source_videos\M135\light_up\surprise\camera_leftfront\M135_light_up_surprise_camera_leftfront.mp4,real,M135,DF_SOURCE_07,train
E:\source_videos_part_07\source_videos\M134\light_leftup\fear\camera_rightfront\M134_light_leftup_fear_camera_rightfront.mp4,real,M134,DF_SOURCE_07,val
E:\source_videos_part_07\source_videos\M133\light_leftup\contempt\camera_leftfront\M133_light_leftup_contempt_camera_leftfront.mp4,real,M133,DF_SOURCE_07,val
E:\source_videos_part_07\source_videos\M136\light_rightdown\disgust\camera_up\M136_light_rightdown_disgust_camera_up.mp4,real,M136,DF_SOURCE_07,train
E:\source_videos_part_08\source_videos\M140\light_rightup\angry\camera_left\M140_light_rightup_angry_camera_left.mp4,real,M140,DF_SOURCE_08,test
E:\source_videos_part_08\source_videos\M137\light_down\happy\camera_down\M137_light_down_happy_camera_down.mp4,real,M137,DF_SOURCE_08,test
E:\source_videos_part_08\source_videos\M139\light_left\angry\camera_front\M139_light_left_angry_camera_front.mp4,real,M139,DF_SOURCE_08,val
E:\source_videos_part_08\source_videos\M140\light_leftdown\happy\camera_front\M140_light_leftdown_happy_camera_front.mp4,real,M140,DF_SOURCE_08,test
E:\source_videos_part_08\source_videos\M141\light_right\contempt\camera_down\M141_light_right_contempt_camera_down.mp4,real,M141,DF_SOURCE_08,train
E:\source_videos_part_08\source_videos\M141\light_right\sad\camera_down\M141_light_right_sad_camera_down.mp4,real,M141,DF_SOURCE_08,train
E:\source_videos_part_08\source_videos\M141\light_up\contempt\camera_down\M141_light_up_contempt_camera_down.mp4,real,M141,DF_SOURCE_08,train
E:\source_videos_part_08\source_videos\M139\light_uniform\fear\camera_up\M139_light_uniform_fear_camera_up.mp4,real,M139,DF_SOURCE_08,val
E:\source_videos_part_08\source_videos\M137\BlendShape\camera_leftfront\M137_BlendShape_camera_leftfront.mp4,real,M137,DF_SOURCE_08,test
E:\source_videos_part_08\source_videos\M141\light_right\fear\camera_right\M141_light_right_fear_camera_right.mp4,real,M141,DF_SOURCE_08,train
E:\source_videos_part_08\source_videos\M140\light_uniform\happy\camera_front\M140_light_uniform_happy_camera_front.mp4,real,M140,DF_SOURCE_08,test
E:\source_videos_part_08\source_videos\M138\light_leftup\angry\camera_right\M138_light_leftup_angry_camera_right.mp4,real,M138,DF_SOURCE_08,val
E:\source_videos_part_08\source_videos\M140\light_leftdown\contempt\camera_left\M140_light_leftdown_contempt_camera_left.mp4,real,M140,DF_SOURCE_08,test
E:\source_videos_part_08\source_videos\M137\light_leftdown\surprise\camera_front\M137_light_leftdown_surprise_camera_front.mp4,real,M137,DF_SOURCE_08,test
E:\source_videos_part_08\source_videos\M138\light_leftup\neutral\camera_up\M138_light_leftup_neutral_camera_up.mp4,real,M138,DF_SOURCE_08,val
E:\source_videos_part_08\source_videos\M141\light_uniform\sad\camera_left\M141_light_uniform_sad_camera_left.mp4,real,M141,DF_SOURCE_08,train
E:\source_videos_part_08\source_videos\M138\light_right\angry\camera_right\M138_light_right_angry_camera_right.mp4,real,M138,DF_SOURCE_08,val
E:\source_videos_part_08\source_videos\M140\light_uniform\angry\camera_front\M140_light_uniform_angry_camera_front.mp4,real,M140,DF_SOURCE_08,test
E:\source_videos_part_08\source_videos\M139\light_down\surprise\camera_left\M139_light_down_surprise_camera_left.mp4,real,M139,DF_SOURCE_08,val
E:\source_videos_part_08\source_videos\M139\light_rightdown\neutral\camera_rightfront\M139_light_rightdown_neutral_camera_rightfront.mp4,real,M139,DF_SOURCE_08,val
E:\source_videos_part_08\source_videos\M137\light_leftup\happy\camera_leftfront\M137_light_leftup_happy_camera_leftfront.mp4,real,M137,DF_SOURCE_08,test
E:\source_videos_part_08\source_videos\M139\light_rightdown\angry\camera_up\M139_light_rightdown_angry_camera_up.mp4,real,M139,DF_SOURCE_08,val
E:\source_videos_part_08\source_videos\M137\light_leftdown\angry\camera_down\M137_light_leftdown_angry_camera_down.mp4,real,M137,DF_SOURCE_08,test
E:\source_videos_part_08\source_videos\M139\light_right\neutral\camera_left\M139_light_right_neutral_camera_left.mp4,real,M139,DF_SOURCE_08,val
E:\source_videos_part_08\source_videos\M138\light_right\neutral\camera_down\M138_light_right_neutral_camera_down.mp4,real,M138,DF_SOURCE_08,val
E:\source_videos_part_08\source_videos\M138\light_leftup\contempt\camera_front\M138_light_leftup_contempt_camera_front.mp4,real,M138,DF_SOURCE_08,val
E:\source_videos_part_08\source_videos\M138\light_leftup\happy\camera_leftfront\M138_light_leftup_happy_camera_leftfront.mp4,real,M138,DF_SOURCE_08,val
E:\source_videos_part_08\source_videos\M141\light_leftdown\surprise\camera_left\M141_light_leftdown_surprise_camera_left.mp4,real,M141,DF_SOURCE_08,train
E:\source_videos_part_08\source_videos\M140\light_left\disgust\camera_leftfront\M140_light_left_disgust_camera_leftfront.mp4,real,M140,DF_SOURCE_08,test
E:\source_videos_part_08\source_videos\M137\light_right\neutral\camera_up\M137_light_right_neutral_camera_up.mp4,real,M137,DF_SOURCE_08,test
E:\source_videos_part_08\source_videos\M138\light_up\surprise\camera_up\M138_light_up_surprise_camera_up.mp4,real,M138,DF_SOURCE_08,val
E:\source_videos_part_08\source_videos\M137\light_rightdown\disgust\camera_leftfront\M137_light_rightdown_disgust_camera_leftfront.mp4,real,M137,DF_SOURCE_08,test
E:\source_videos_part_08\source_videos\M140\light_down\neutral\camera_rightfront\M140_light_down_neutral_camera_rightfront.mp4,real,M140,DF_SOURCE_08,test
E:\source_videos_part_08\source_videos\M138\light_rightdown\neutral\camera_left\M138_light_rightdown_neutral_camera_left.mp4,real,M138,DF_SOURCE_08,val
E:\source_videos_part_08\source_videos\M138\light_left\sad\camera_up\M138_light_left_sad_camera_up.mp4,real,M138,DF_SOURCE_08,val
E:\source_videos_part_08\source_videos\M138\light_rightdown\neutral\camera_front\M138_light_rightdown_neutral_camera_front.mp4,real,M138,DF_SOURCE_08,val
E:\source_videos_part_08\source_videos\M139\light_up\disgust\camera_front\M139_light_up_disgust_camera_front.mp4,real,M139,DF_SOURCE_08,val
E:\source_videos_part_08\source_videos\M140\light_leftup\fear\camera_rightfront\M140_light_leftup_fear_camera_rightfront.mp4,real,M140,DF_SOURCE_08,test
E:\source_videos_part_08\source_videos\M138\light_leftup\fear\camera_front\M138_light_leftup_fear_camera_front.mp4,real,M138,DF_SOURCE_08,val
E:\source_videos_part_08\source_videos\M140\light_leftup\surprise\camera_left\M140_light_leftup_surprise_camera_left.mp4,real,M140,DF_SOURCE_08,test
E:\source_videos_part_08\source_videos\M139\light_right\disgust\camera_left\M139_light_right_disgust_camera_left.mp4,real,M139,DF_SOURCE_08,val
E:\source_videos_part_08\source_videos\M141\light_uniform\neutral\camera_up\M141_light_uniform_neutral_camera_up.mp4,real,M141,DF_SOURCE_08,train
E:\source_videos_part_08\source_videos\M139\light_leftup\contempt\camera_right\M139_light_leftup_contempt_camera_right.mp4,real,M139,DF_SOURCE_08,val
E:\source_videos_part_08\source_videos\M138\light_up\neutral\camera_down\M138_light_up_neutral_camera_down.mp4,real,M138,DF_SOURCE_08,val
E:\source_videos_part_08\source_videos\M139\light_uniform\surprise\camera_left\M139_light_uniform_surprise_camera_left.mp4,real,M139,DF_SOURCE_08,val
E:\source_videos_part_08\source_videos\M141\light_up\sad\camera_rightfront\M141_light_up_sad_camera_rightfront.mp4,real,M141,DF_SOURCE_08,train
E:\source_videos_part_08\source_videos\M139\light_right\sad\camera_rightfront\M139_light_right_sad_camera_rightfront.mp4,real,M139,DF_SOURCE_08,val
E:\source_videos_part_08\source_videos\M139\light_rightdown\contempt\camera_down\M139_light_rightdown_contempt_camera_down.mp4,real,M139,DF_SOURCE_08,val
E:\source_videos_part_08\source_videos\M141\light_leftdown\surprise\camera_up\M141_light_leftdown_surprise_camera_up.mp4,real,M141,DF_SOURCE_08,train
E:\source_videos_part_08\source_videos\M139\light_rightup\surprise\camera_down\M139_light_rightup_surprise_camera_down.mp4,real,M139,DF_SOURCE_08,val
E:\source_videos_part_08\source_videos\M140\light_uniform\contempt\camera_leftfront\M140_light_uniform_contempt_camera_leftfront.mp4,real,M140,DF_SOURCE_08,test
E:\source_videos_part_08\source_videos\M140\light_leftdown\contempt\camera_right\M140_light_leftdown_contempt_camera_right.mp4,real,M140,DF_SOURCE_08,test
E:\source_videos_part_08\source_videos\M138\light_leftdown\angry\camera_up\M138_light_leftdown_angry_camera_up.mp4,real,M138,DF_SOURCE_08,val
E:\source_videos_part_08\source_videos\M139\light_up\contempt\camera_right\M139_light_up_contempt_camera_right.mp4,real,M139,DF_SOURCE_08,val
E:\source_videos_part_08\source_videos\M141\light_up\surprise\camera_leftfront\M141_light_up_surprise_camera_leftfront.mp4,real,M141,DF_SOURCE_08,train
E:\source_videos_part_08\source_videos\M139\light_left\sad\camera_right\M139_light_left_sad_camera_right.mp4,real,M139,DF_SOURCE_08,val
E:\source_videos_part_08\source_videos\M138\light_rightup\contempt\camera_left\M138_light_rightup_contempt_camera_left.mp4,real,M138,DF_SOURCE_08,val
E:\source_videos_part_08\source_videos\M140\light_uniform\contempt\camera_rightfront\M140_light_uniform_contempt_camera_rightfront.mp4,real,M140,DF_SOURCE_08,test
E:\source_videos_part_08\source_videos\M137\light_down\happy\camera_rightfront\M137_light_down_happy_camera_rightfront.mp4,real,M137,DF_SOURCE_08,test
E:\source_videos_part_08\source_videos\M140\light_uniform\surprise\camera_right\M140_light_uniform_surprise_camera_right.mp4,real,M140,DF_SOURCE_08,test
E:\source_videos_part_08\source_videos\M139\light_leftup\sad\camera_up\M139_light_leftup_sad_camera_up.mp4,real,M139,DF_SOURCE_08,val
E:\source_videos_part_08\source_videos\M139\light_left\disgust\camera_rightfront\M139_light_left_disgust_camera_rightfront.mp4,real,M139,DF_SOURCE_08,val
E:\source_videos_part_08\source_videos\M137\light_leftdown\surprise\camera_leftfront\M137_light_leftdown_surprise_camera_leftfront.mp4,real,M137,DF_SOURCE_08,test
E:\source_videos_part_08\source_videos\M141\light_rightup\contempt\camera_front\M141_light_rightup_contempt_camera_front.mp4,real,M141,DF_SOURCE_08,train
E:\source_videos_part_08\source_videos\M137\light_uniform\disgust\camera_leftfront\M137_light_uniform_disgust_camera_leftfront.mp4,real,M137,DF_SOURCE_08,test
E:\source_videos_part_08\source_videos\M137\light_leftup\sad\camera_up\M137_light_leftup_sad_camera_up.mp4,real,M137,DF_SOURCE_08,test
E:\source_videos_part_08\source_videos\M141\light_uniform\happy\camera_down\M141_light_uniform_happy_camera_down.mp4,real,M141,DF_SOURCE_08,train
E:\source_videos_part_08\source_videos\M141\light_leftdown\angry\camera_front\M141_light_leftdown_angry_camera_front.mp4,real,M141,DF_SOURCE_08,train
E:\source_videos_part_08\source_videos\M137\light_left\fear\camera_leftfront\M137_light_left_fear_camera_leftfront.mp4,real,M137,DF_SOURCE_08,test
E:\source_videos_part_08\source_videos\M141\light_down\sad\camera_right\M141_light_down_sad_camera_right.mp4,real,M141,DF_SOURCE_08,train
E:\source_videos_part_08\source_videos\M139\light_rightdown\surprise\camera_rightfront\M139_light_rightdown_surprise_camera_rightfront.mp4,real,M139,DF_SOURCE_08,val
E:\source_videos_part_08\source_videos\M138\light_rightup\sad\camera_left\M138_light_rightup_sad_camera_left.mp4,real,M138,DF_SOURCE_08,val
E:\source_videos_part_08\source_videos\M141\light_rightdown\fear\camera_right\M141_light_rightdown_fear_camera_right.mp4,real,M141,DF_SOURCE_08,train
E:\source_videos_part_08\source_videos\M141\light_up\happy\camera_rightfront\M141_light_up_happy_camera_rightfront.mp4,real,M141,DF_SOURCE_08,train
E:\source_videos_part_08\source_videos\M137\light_leftdown\angry\camera_front\M137_light_leftdown_angry_camera_front.mp4,real,M137,DF_SOURCE_08,test
E:\source_videos_part_08\source_videos\M140\light_uniform\happy\camera_up\M140_light_uniform_happy_camera_up.mp4,real,M140,DF_SOURCE_08,test
E:\source_videos_part_08\source_videos\M138\light_uniform\fear\camera_down\M138_light_uniform_fear_camera_down.mp4,real,M138,DF_SOURCE_08,val
E:\source_videos_part_08\source_videos\M140\light_leftdown\angry\camera_down\M140_light_leftdown_angry_camera_down.mp4,real,M140,DF_SOURCE_08,test
E:\source_videos_part_08\source_videos\M140\light_leftdown\happy\camera_down\M140_light_leftdown_happy_camera_down.mp4,real,M140,DF_SOURCE_08,test
E:\source_videos_part_08\source_videos\M139\light_right\disgust\camera_leftfront\M139_light_right_disgust_camera_leftfront.mp4,real,M139,DF_SOURCE_08,val
E:\source_videos_part_08\source_videos\M139\light_uniform\neutral\camera_leftfront\M139_light_uniform_neutral_camera_leftfront.mp4,real,M139,DF_SOURCE_08,val
E:\source_videos_part_08\source_videos\M141\light_leftup\surprise\camera_left\M141_light_leftup_surprise_camera_left.mp4,real,M141,DF_SOURCE_08,train
E:\source_videos_part_08\source_videos\M141\light_left\angry\camera_leftfront\M141_light_left_angry_camera_leftfront.mp4,real,M141,DF_SOURCE_08,train
E:\source_videos_part_08\source_videos\M141\light_up\sad\camera_up\M141_light_up_sad_camera_up.mp4,real,M141,DF_SOURCE_08,train
E:\source_videos_part_08\source_videos\M141\light_leftdown\angry\camera_down\M141_light_leftdown_angry_camera_down.mp4,real,M141,DF_SOURCE_08,train
E:\source_videos_part_08\source_videos\M141\light_leftup\angry\camera_front\M141_light_leftup_angry_camera_front.mp4,real,M141,DF_SOURCE_08,train
E:\source_videos_part_08\source_videos\M140\light_leftup\happy\camera_left\M140_light_leftup_happy_camera_left.mp4,real,M140,DF_SOURCE_08,test
E:\source_videos_part_08\source_videos\M139\light_leftdown\contempt\camera_left\M139_light_leftdown_contempt_camera_left.mp4,real,M139,DF_SOURCE_08,val
E:\source_videos_part_08\source_videos\M140\light_down\surprise\camera_rightfront\M140_light_down_surprise_camera_rightfront.mp4,real,M140,DF_SOURCE_08,test
E:\source_videos_part_08\source_videos\M139\light_leftup\happy\camera_left\M139_light_leftup_happy_camera_left.mp4,real,M139,DF_SOURCE_08,val
E:\source_videos_part_08\source_videos\M140\light_rightdown\angry\camera_rightfront\M140_light_rightdown_angry_camera_rightfront.mp4,real,M140,DF_SOURCE_08,test
E:\source_videos_part_08\source_videos\M141\light_left\fear\camera_rightfront\M141_light_left_fear_camera_rightfront.mp4,real,M141,DF_SOURCE_08,train
E:\source_videos_part_08\source_videos\M139\light_up\fear\camera_leftfront\M139_light_up_fear_camera_leftfront.mp4,real,M139,DF_SOURCE_08,val
E:\source_videos_part_08\source_videos\M138\light_left\fear\camera_right\M138_light_left_fear_camera_right.mp4,real,M138,DF_SOURCE_08,val
E:\source_videos_part_08\source_videos\M140\light_right\contempt\camera_right\M140_light_right_contempt_camera_right.mp4,real,M140,DF_SOURCE_08,test
E:\source_videos_part_08\source_videos\M138\light_left\contempt\camera_rightfront\M138_light_left_contempt_camera_rightfront.mp4,real,M138,DF_SOURCE_08,val
E:\source_videos_part_08\source_videos\M138\light_up\disgust\camera_rightfront\M138_light_up_disgust_camera_rightfront.mp4,real,M138,DF_SOURCE_08,val
E:\source_videos_part_08\source_videos\M139\light_down\disgust\camera_front\M139_light_down_disgust_camera_front.mp4,real,M139,DF_SOURCE_08,val
E:\source_videos_part_08\source_videos\M137\light_uniform\surprise\camera_down\M137_light_uniform_surprise_camera_down.mp4,real,M137,DF_SOURCE_08,test
E:\source_videos_part_08\source_videos\M139\light_rightdown\surprise\camera_up\M139_light_rightdown_surprise_camera_up.mp4,real,M139,DF_SOURCE_08,val
E:\source_videos_part_08\source_videos\M141\light_up\disgust\camera_rightfront\M141_light_up_disgust_camera_rightfront.mp4,real,M141,DF_SOURCE_08,train
E:\source_videos_part_08\source_videos\M139\light_down\contempt\camera_right\M139_light_down_contempt_camera_right.mp4,real,M139,DF_SOURCE_08,val
E:\source_videos_part_08\source_videos\M139\light_down\happy\camera_front\M139_light_down_happy_camera_front.mp4,real,M139,DF_SOURCE_08,val
E:\source_videos_part_08\source_videos\M138\light_rightdown\angry\camera_front\M138_light_rightdown_angry_camera_front.mp4,real,M138,DF_SOURCE_08,val
E:\source_videos_part_08\source_videos\M138\light_leftup\fear\camera_rightfront\M138_light_leftup_fear_camera_rightfront.mp4,real,M138,DF_SOURCE_08,val
E:\source_videos_part_08\source_videos\M138\light_leftdown\angry\camera_front\M138_light_leftdown_angry_camera_front.mp4,real,M138,DF_SOURCE_08,val
E:\source_videos_part_08\source_videos\M137\light_leftdown\neutral\camera_right\M137_light_leftdown_neutral_camera_right.mp4,real,M137,DF_SOURCE_08,test
E:\source_videos_part_08\source_videos\M140\light_right\surprise\camera_right\M140_light_right_surprise_camera_right.mp4,real,M140,DF_SOURCE_08,test
E:\source_videos_part_08\source_videos\M138\light_left\contempt\camera_right\M138_light_left_contempt_camera_right.mp4,real,M138,DF_SOURCE_08,val
E:\source_videos_part_08\source_videos\M139\light_uniform\contempt\camera_rightfront\M139_light_uniform_contempt_camera_rightfront.mp4,real,M139,DF_SOURCE_08,val
E:\source_videos_part_08\source_videos\M137\light_uniform\contempt\camera_front\M137_light_uniform_contempt_camera_front.mp4,real,M137,DF_SOURCE_08,test
E:\source_videos_part_08\source_videos\M138\light_up\fear\camera_rightfront\M138_light_up_fear_camera_rightfront.mp4,real,M138,DF_SOURCE_08,val
E:\source_videos_part_08\source_videos\M138\light_uniform\angry\camera_down\M138_light_uniform_angry_camera_down.mp4,real,M138,DF_SOURCE_08,val
E:\source_videos_part_08\source_videos\M139\light_uniform\disgust\camera_front\M139_light_uniform_disgust_camera_front.mp4,real,M139,DF_SOURCE_08,val
E:\source_videos_part_08\source_videos\M139\light_up\surprise\camera_rightfront\M139_light_up_surprise_camera_rightfront.mp4,real,M139,DF_SOURCE_08,val
E:\source_videos_part_08\source_videos\M138\light_leftup\contempt\camera_left\M138_light_leftup_contempt_camera_left.mp4,real,M138,DF_SOURCE_08,val
E:\source_videos_part_08\source_videos\M139\light_uniform\neutral\camera_left\M139_light_uniform_neutral_camera_left.mp4,real,M139,DF_SOURCE_08,val
E:\source_videos_part_08\source_videos\M141\BlendShape\camera_down\M141_BlendShape_camera_down.mp4,real,M141,DF_SOURCE_08,train
E:\source_videos_part_08\source_videos\M139\light_leftup\angry\camera_down\M139_light_leftup_angry_camera_down.mp4,real,M139,DF_SOURCE_08,val
E:\source_videos_part_08\source_videos\M139\light_up\neutral\camera_leftfront\M139_light_up_neutral_camera_leftfront.mp4,real,M139,DF_SOURCE_08,val
E:\source_videos_part_08\source_videos\M138\light_leftdown\contempt\camera_left\M138_light_leftdown_contempt_camera_left.mp4,real,M138,DF_SOURCE_08,val
E:\source_videos_part_08\source_videos\M141\light_rightup\angry\camera_front\M141_light_rightup_angry_camera_front.mp4,real,M141,DF_SOURCE_08,train
E:\source_videos_part_08\source_videos\M140\light_rightdown\happy\camera_front\M140_light_rightdown_happy_camera_front.mp4,real,M140,DF_SOURCE_08,test
E:\source_videos_part_08\source_videos\M138\light_leftdown\sad\camera_up\M138_light_leftdown_sad_camera_up.mp4,real,M138,DF_SOURCE_08,val
E:\source_videos_part_08\source_videos\M138\light_left\sad\camera_front\M138_light_left_sad_camera_front.mp4,real,M138,DF_SOURCE_08,val
E:\source_videos_part_08\source_videos\M140\light_up\surprise\camera_leftfront\M140_light_up_surprise_camera_leftfront.mp4,real,M140,DF_SOURCE_08,test
E:\source_videos_part_08\source_videos\M137\light_uniform\sad\camera_front\M137_light_uniform_sad_camera_front.mp4,real,M137,DF_SOURCE_08,test
E:\source_videos_part_08\source_videos\M140\light_rightdown\fear\camera_rightfront\M140_light_rightdown_fear_camera_rightfront.mp4,real,M140,DF_SOURCE_08,test
E:\source_videos_part_08\source_videos\M138\light_rightdown\surprise\camera_down\M138_light_rightdown_surprise_camera_down.mp4,real,M138,DF_SOURCE_08,val
E:\source_videos_part_08\source_videos\M139\light_rightup\neutral\camera_rightfront\M139_light_rightup_neutral_camera_rightfront.mp4,real,M139,DF_SOURCE_08,val
E:\source_videos_part_08\source_videos\M138\light_right\disgust\camera_leftfront\M138_light_right_disgust_camera_leftfront.mp4,real,M138,DF_SOURCE_08,val
E:\source_videos_part_08\source_videos\M138\light_rightup\fear\camera_down\M138_light_rightup_fear_camera_down.mp4,real,M138,DF_SOURCE_08,val
E:\source_videos_part_08\source_videos\M137\light_right\surprise\camera_down\M137_light_right_surprise_camera_down.mp4,real,M137,DF_SOURCE_08,test
E:\source_videos_part_08\source_videos\M141\light_rightup\disgust\camera_leftfront\M141_light_rightup_disgust_camera_leftfront.mp4,real,M141,DF_SOURCE_08,train
E:\source_videos_part_08\source_videos\M141\light_down\sad\camera_left\M141_light_down_sad_camera_left.mp4,real,M141,DF_SOURCE_08,train
E:\source_videos_part_08\source_videos\M140\light_left\fear\camera_down\M140_light_left_fear_camera_down.mp4,real,M140,DF_SOURCE_08,test
E:\source_videos_part_08\source_videos\M141\light_down\angry\camera_down\M141_light_down_angry_camera_down.mp4,real,M141,DF_SOURCE_08,train
E:\source_videos_part_08\source_videos\M141\light_left\neutral\camera_front\M141_light_left_neutral_camera_front.mp4,real,M141,DF_SOURCE_08,train
E:\source_videos_part_08\source_videos\M138\light_leftup\disgust\camera_down\M138_light_leftup_disgust_camera_down.mp4,real,M138,DF_SOURCE_08,val
E:\source_videos_part_08\source_videos\M140\light_down\contempt\camera_leftfront\M140_light_down_contempt_camera_leftfront.mp4,real,M140,DF_SOURCE_08,test
E:\source_videos_part_08\source_videos\M138\light_down\surprise\camera_rightfront\M138_light_down_surprise_camera_rightfront.mp4,real,M138,DF_SOURCE_08,val
E:\source_videos_part_08\source_videos\M141\light_rightup\happy\camera_right\M141_light_rightup_happy_camera_right.mp4,real,M141,DF_SOURCE_08,train
E:\source_videos_part_08\source_videos\M140\light_left\surprise\camera_left\M140_light_left_surprise_camera_left.mp4,real,M140,DF_SOURCE_08,test
E:\source_videos_part_08\source_videos\M137\light_leftup\disgust\camera_rightfront\M137_light_leftup_disgust_camera_rightfront.mp4,real,M137,DF_SOURCE_08,test
E:\source_videos_part_08\source_videos\M139\light_uniform\disgust\camera_up\M139_light_uniform_disgust_camera_up.mp4,real,M139,DF_SOURCE_08,val
E:\source_videos_part_08\source_videos\M137\light_leftup\happy\camera_rightfront\M137_light_leftup_happy_camera_rightfront.mp4,real,M137,DF_SOURCE_08,test
E:\source_videos_part_08\source_videos\M141\light_down\fear\camera_right\M141_light_down_fear_camera_right.mp4,real,M141,DF_SOURCE_08,train
E:\source_videos_part_08\source_videos\M141\light_uniform\angry\camera_left\M141_light_uniform_angry_camera_left.mp4,real,M141,DF_SOURCE_08,train
E:\source_videos_part_08\source_videos\M138\light_rightdown\sad\camera_leftfront\M138_light_rightdown_sad_camera_leftfront.mp4,real,M138,DF_SOURCE_08,val
E:\source_videos_part_08\source_videos\M141\light_rightup\surprise\camera_front\M141_light_rightup_surprise_camera_front.mp4,real,M141,DF_SOURCE_08,train
E:\source_videos_part_08\source_videos\M138\light_leftup\surprise\camera_front\M138_light_leftup_surprise_camera_front.mp4,real,M138,DF_SOURCE_08,val
E:\source_videos_part_08\source_videos\M138\light_right\neutral\camera_front\M138_light_right_neutral_camera_front.mp4,real,M138,DF_SOURCE_08,val
E:\source_videos_part_08\source_videos\M138\light_right\fear\camera_leftfront\M138_light_right_fear_camera_leftfront.mp4,real,M138,DF_SOURCE_08,val
E:\source_videos_part_08\source_videos\M141\light_left\contempt\camera_leftfront\M141_light_left_contempt_camera_leftfront.mp4,real,M141,DF_SOURCE_08,train
E:\source_videos_part_08\source_videos\M137\light_leftdown\disgust\camera_left\M137_light_leftdown_disgust_camera_left.mp4,real,M137,DF_SOURCE_08,test
E:\source_videos_part_08\source_videos\M139\light_up\surprise\camera_left\M139_light_up_surprise_camera_left.mp4,real,M139,DF_SOURCE_08,val
E:\source_videos_part_08\source_videos\M140\light_right\contempt\camera_down\M140_light_right_contempt_camera_down.mp4,real,M140,DF_SOURCE_08,test
E:\source_videos_part_08\source_videos\M137\light_uniform\contempt\camera_right\M137_light_uniform_contempt_camera_right.mp4,real,M137,DF_SOURCE_08,test
E:\source_videos_part_08\source_videos\M137\light_leftdown\neutral\camera_down\M137_light_leftdown_neutral_camera_down.mp4,real,M137,DF_SOURCE_08,test
E:\source_videos_part_08\source_videos\M138\light_rightup\happy\camera_down\M138_light_rightup_happy_camera_down.mp4,real,M138,DF_SOURCE_08,val
E:\source_videos_part_08\source_videos\M140\light_rightdown\surprise\camera_left\M140_light_rightdown_surprise_camera_left.mp4,real,M140,DF_SOURCE_08,test
E:\source_videos_part_08\source_videos\M138\light_rightdown\surprise\camera_front\M138_light_rightdown_surprise_camera_front.mp4,real,M138,DF_SOURCE_08,val
E:\source_videos_part_08\source_videos\M140\light_left\contempt\camera_right\M140_light_left_contempt_camera_right.mp4,real,M140,DF_SOURCE_08,test
E:\source_videos_part_08\source_videos\M137\light_right\angry\camera_right\M137_light_right_angry_camera_right.mp4,real,M137,DF_SOURCE_08,test
E:\source_videos_part_08\source_videos\M137\light_right\fear\camera_left\M137_light_right_fear_camera_left.mp4,real,M137,DF_SOURCE_08,test
E:\source_videos_part_08\source_videos\M139\light_leftup\sad\camera_left\M139_light_leftup_sad_camera_left.mp4,real,M139,DF_SOURCE_08,val
E:\source_videos_part_08\source_videos\M139\light_leftdown\angry\camera_rightfront\M139_light_leftdown_angry_camera_rightfront.mp4,real,M139,DF_SOURCE_08,val
E:\source_videos_part_08\source_videos\M137\light_down\contempt\camera_front\M137_light_down_contempt_camera_front.mp4,real,M137,DF_SOURCE_08,test
E:\source_videos_part_08\source_videos\M138\light_left\angry\camera_leftfront\M138_light_left_angry_camera_leftfront.mp4,real,M138,DF_SOURCE_08,val
E:\source_videos_part_08\source_videos\M138\light_uniform\fear\camera_right\M138_light_uniform_fear_camera_right.mp4,real,M138,DF_SOURCE_08,val
E:\source_videos_part_08\source_videos\M141\light_left\disgust\camera_up\M141_light_left_disgust_camera_up.mp4,real,M141,DF_SOURCE_08,train
E:\source_videos_part_08\source_videos\M141\light_right\happy\camera_down\M141_light_right_happy_camera_down.mp4,real,M141,DF_SOURCE_08,train
E:\source_videos_part_08\source_videos\M140\light_left\contempt\camera_up\M140_light_left_contempt_camera_up.mp4,real,M140,DF_SOURCE_08,test
E:\source_videos_part_08\source_videos\M139\light_leftdown\contempt\camera_rightfront\M139_light_leftdown_contempt_camera_rightfront.mp4,real,M139,DF_SOURCE_08,val
E:\source_videos_part_08\source_videos\M139\light_leftup\neutral\camera_right\M139_light_leftup_neutral_camera_right.mp4,real,M139,DF_SOURCE_08,val
E:\source_videos_part_08\source_videos\M141\light_down\contempt\camera_rightfront\M141_light_down_contempt_camera_rightfront.mp4,real,M141,DF_SOURCE_08,train
E:\source_videos_part_08\source_videos\M141\light_down\fear\camera_rightfront\M141_light_down_fear_camera_rightfront.mp4,real,M141,DF_SOURCE_08,train
E:\source_videos_part_08\source_videos\M139\light_down\surprise\camera_rightfront\M139_light_down_surprise_camera_rightfront.mp4,real,M139,DF_SOURCE_08,val
E:\source_videos_part_08\source_videos\M141\light_up\neutral\camera_front\M141_light_up_neutral_camera_front.mp4,real,M141,DF_SOURCE_08,train
E:\source_videos_part_08\source_videos\M139\light_left\happy\camera_up\M139_light_left_happy_camera_up.mp4,real,M139,DF_SOURCE_08,val
E:\source_videos_part_08\source_videos\M138\light_leftdown\sad\camera_left\M138_light_leftdown_sad_camera_left.mp4,real,M138,DF_SOURCE_08,val
E:\source_videos_part_08\source_videos\M139\light_uniform\sad\camera_left\M139_light_uniform_sad_camera_left.mp4,real,M139,DF_SOURCE_08,val
E:\source_videos_part_08\source_videos\M139\light_rightdown\neutral\camera_right\M139_light_rightdown_neutral_camera_right.mp4,real,M139,DF_SOURCE_08,val
E:\source_videos_part_08\source_videos\M140\light_rightdown\fear\camera_left\M140_light_rightdown_fear_camera_left.mp4,real,M140,DF_SOURCE_08,test
E:\source_videos_part_08\source_videos\M139\light_leftdown\fear\camera_left\M139_light_leftdown_fear_camera_left.mp4,real,M139,DF_SOURCE_08,val
E:\source_videos_part_08\source_videos\M139\BlendShape\camera_down\M139_BlendShape_camera_down.mp4,real,M139,DF_SOURCE_08,val
E:\source_videos_part_08\source_videos\M139\light_right\surprise\camera_down\M139_light_right_surprise_camera_down.mp4,real,M139,DF_SOURCE_08,val
E:\source_videos_part_08\source_videos\M139\light_right\angry\camera_front\M139_light_right_angry_camera_front.mp4,real,M139,DF_SOURCE_08,val
E:\source_videos_part_08\source_videos\M139\light_rightup\contempt\camera_leftfront\M139_light_rightup_contempt_camera_leftfront.mp4,real,M139,DF_SOURCE_08,val
E:\source_videos_part_08\source_videos\M140\light_right\angry\camera_up\M140_light_right_angry_camera_up.mp4,real,M140,DF_SOURCE_08,test
E:\source_videos_part_08\source_videos\M140\light_down\happy\camera_leftfront\M140_light_down_happy_camera_leftfront.mp4,real,M140,DF_SOURCE_08,test
E:\source_videos_part_08\source_videos\M140\light_leftdown\happy\camera_up\M140_light_leftdown_happy_camera_up.mp4,real,M140,DF_SOURCE_08,test
E:\source_videos_part_08\source_videos\M141\light_right\disgust\camera_left\M141_light_right_disgust_camera_left.mp4,real,M141,DF_SOURCE_08,train
E:\source_videos_part_08\source_videos\M139\light_right\sad\camera_front\M139_light_right_sad_camera_front.mp4,real,M139,DF_SOURCE_08,val
E:\source_videos_part_08\source_videos\M141\light_rightup\neutral\camera_right\M141_light_rightup_neutral_camera_right.mp4,real,M141,DF_SOURCE_08,train
E:\source_videos_part_08\source_videos\M138\light_up\neutral\camera_right\M138_light_up_neutral_camera_right.mp4,real,M138,DF_SOURCE_08,val
E:\source_videos_part_08\source_videos\M139\light_right\neutral\camera_up\M139_light_right_neutral_camera_up.mp4,real,M139,DF_SOURCE_08,val
E:\source_videos_part_08\source_videos\M140\BlendShape\camera_rightfront\M140_BlendShape_camera_rightfront.mp4,real,M140,DF_SOURCE_08,test
E:\source_videos_part_08\source_videos\M138\light_leftdown\sad\camera_leftfront\M138_light_leftdown_sad_camera_leftfront.mp4,real,M138,DF_SOURCE_08,val
E:\source_videos_part_08\source_videos\M139\light_left\sad\camera_down\M139_light_left_sad_camera_down.mp4,real,M139,DF_SOURCE_08,val
E:\source_videos_part_08\source_videos\M140\light_left\fear\camera_up\M140_light_left_fear_camera_up.mp4,real,M140,DF_SOURCE_08,test
E:\source_videos_part_08\source_videos\M140\light_right\disgust\camera_rightfront\M140_light_right_disgust_camera_rightfront.mp4,real,M140,DF_SOURCE_08,test
E:\source_videos_part_08\source_videos\M140\light_leftup\happy\camera_leftfront\M140_light_leftup_happy_camera_leftfront.mp4,real,M140,DF_SOURCE_08,test
E:\source_videos_part_08\source_videos\M138\light_uniform\happy\camera_leftfront\M138_light_uniform_happy_camera_leftfront.mp4,real,M138,DF_SOURCE_08,val
E:\source_videos_part_08\source_videos\M141\light_rightdown\fear\camera_left\M141_light_rightdown_fear_camera_left.mp4,real,M141,DF_SOURCE_08,train
E:\source_videos_part_08\source_videos\M138\light_up\surprise\camera_right\M138_light_up_surprise_camera_right.mp4,real,M138,DF_SOURCE_08,val
E:\source_videos_part_08\source_videos\M138\light_rightdown\disgust\camera_down\M138_light_rightdown_disgust_camera_down.mp4,real,M138,DF_SOURCE_08,val
E:\source_videos_part_08\source_videos\M138\light_right\contempt\camera_up\M138_light_right_contempt_camera_up.mp4,real,M138,DF_SOURCE_08,val
E:\source_videos_part_08\source_videos\M138\light_rightup\surprise\camera_rightfront\M138_light_rightup_surprise_camera_rightfront.mp4,real,M138,DF_SOURCE_08,val
E:\source_videos_part_08\source_videos\M139\light_rightup\sad\camera_down\M139_light_rightup_sad_camera_down.mp4,real,M139,DF_SOURCE_08,val
E:\source_videos_part_09\source_videos\W007\light_down\fear\camera_leftfront\W007_light_down_fear_camera_leftfront.mp4,real,W007,DF_SOURCE_09,train
E:\source_videos_part_09\source_videos\W006\light_right\contempt\camera_right\W006_light_right_contempt_camera_right.mp4,real,W006,DF_SOURCE_09,train
E:\source_videos_part_09\source_videos\W012\light_up\happy\camera_left\W012_light_up_happy_camera_left.mp4,real,W012,DF_SOURCE_09,train
E:\source_videos_part_09\source_videos\W005\light_leftup\disgust\camera_up\W005_light_leftup_disgust_camera_up.mp4,real,W005,DF_SOURCE_09,train
E:\source_videos_part_09\source_videos\W009\light_up\surprise\camera_front\W009_light_up_surprise_camera_front.mp4,real,W009,DF_SOURCE_09,train
E:\source_videos_part_09\source_videos\W012\light_right\sad\camera_up\W012_light_right_sad_camera_up.mp4,real,W012,DF_SOURCE_09,train
E:\source_videos_part_09\source_videos\W009\light_left\neutral\camera_rightfront\W009_light_left_neutral_camera_rightfront.mp4,real,W009,DF_SOURCE_09,train
E:\source_videos_part_09\source_videos\W012\light_down\fear\camera_up\W012_light_down_fear_camera_up.mp4,real,W012,DF_SOURCE_09,train
E:\source_videos_part_09\source_videos\W006\light_right\neutral\camera_left\W006_light_right_neutral_camera_left.mp4,real,W006,DF_SOURCE_09,train
E:\source_videos_part_09\source_videos\W012\light_left\happy\camera_rightfront\W012_light_left_happy_camera_rightfront.mp4,real,W012,DF_SOURCE_09,train
E:\source_videos_part_09\source_videos\W005\light_leftup\disgust\camera_rightfront\W005_light_leftup_disgust_camera_rightfront.mp4,real,W005,DF_SOURCE_09,train
E:\source_videos_part_09\source_videos\W008\light_up\fear\camera_rightfront\W008_light_up_fear_camera_rightfront.mp4,real,W008,DF_SOURCE_09,train
E:\source_videos_part_09\source_videos\W007\light_right\contempt\camera_left\W007_light_right_contempt_camera_left.mp4,real,W007,DF_SOURCE_09,train
E:\source_videos_part_09\source_videos\W009\light_rightdown\neutral\camera_rightfront\W009_light_rightdown_neutral_camera_rightfront.mp4,real,W009,DF_SOURCE_09,train
E:\source_videos_part_09\source_videos\W010\BlendShape\camera_down\W010_BlendShape_camera_down.mp4,real,W010,DF_SOURCE_09,train
E:\source_videos_part_09\source_videos\W005\light_down\fear\camera_up\W005_light_down_fear_camera_up.mp4,real,W005,DF_SOURCE_09,train
E:\source_videos_part_09\source_videos\W009\light_left\happy\camera_right\W009_light_left_happy_camera_right.mp4,real,W009,DF_SOURCE_09,train
E:\source_videos_part_09\source_videos\W012\light_down\angry\camera_down\W012_light_down_angry_camera_down.mp4,real,W012,DF_SOURCE_09,train
E:\source_videos_part_09\source_videos\W006\light_rightup\contempt\camera_down\W006_light_rightup_contempt_camera_down.mp4,real,W006,DF_SOURCE_09,train
E:\source_videos_part_09\source_videos\W012\light_up\surprise\camera_left\W012_light_up_surprise_camera_left.mp4,real,W012,DF_SOURCE_09,train
E:\source_videos_part_09\source_videos\W005\light_leftup\neutral\camera_up\W005_light_leftup_neutral_camera_up.mp4,real,W005,DF_SOURCE_09,train
E:\source_videos_part_09\source_videos\W006\BlendShape\camera_down\W006_BlendShape_camera_down.mp4,real,W006,DF_SOURCE_09,train
E:\source_videos_part_09\source_videos\W012\light_up\surprise\camera_leftfront\W012_light_up_surprise_camera_leftfront.mp4,real,W012,DF_SOURCE_09,train
E:\source_videos_part_09\source_videos\W005\light_down\disgust\camera_right\W005_light_down_disgust_camera_right.mp4,real,W005,DF_SOURCE_09,train
E:\source_videos_part_09\source_videos\W009\light_leftdown\surprise\camera_leftfront\W009_light_leftdown_surprise_camera_leftfront.mp4,real,W009,DF_SOURCE_09,train
E:\source_videos_part_09\source_videos\W006\light_uniform\surprise\camera_up\W006_light_uniform_surprise_camera_up.mp4,real,W006,DF_SOURCE_09,train
E:\source_videos_part_09\source_videos\W007\light_down\sad\camera_right\W007_light_down_sad_camera_right.mp4,real,W007,DF_SOURCE_09,train
E:\source_videos_part_09\source_videos\W005\light_left\neutral\camera_leftfront\W005_light_left_neutral_camera_leftfront.mp4,real,W005,DF_SOURCE_09,train
E:\source_videos_part_09\source_videos\W007\light_left\contempt\camera_rightfront\W007_light_left_contempt_camera_rightfront.mp4,real,W007,DF_SOURCE_09,train
E:\source_videos_part_09\source_videos\W008\light_up\fear\camera_front\W008_light_up_fear_camera_front.mp4,real,W008,DF_SOURCE_09,train
E:\source_videos_part_09\source_videos\W006\light_leftdown\contempt\camera_left\W006_light_leftdown_contempt_camera_left.mp4,real,W006,DF_SOURCE_09,train
E:\source_videos_part_09\source_videos\W012\light_uniform\surprise\camera_left\W012_light_uniform_surprise_camera_left.mp4,real,W012,DF_SOURCE_09,train
E:\source_videos_part_09\source_videos\W006\light_leftup\surprise\camera_left\W006_light_leftup_surprise_camera_left.mp4,real,W006,DF_SOURCE_09,train
E:\source_videos_part_09\source_videos\W006\light_rightup\happy\camera_front\W006_light_rightup_happy_camera_front.mp4,real,W006,DF_SOURCE_09,train
E:\source_videos_part_09\source_videos\W007\light_down\angry\camera_front\W007_light_down_angry_camera_front.mp4,real,W007,DF_SOURCE_09,train
E:\source_videos_part_09\source_videos\W008\light_leftup\angry\camera_left\W008_light_leftup_angry_camera_left.mp4,real,W008,DF_SOURCE_09,train
E:\source_videos_part_09\source_videos\W012\light_rightup\neutral\camera_right\W012_light_rightup_neutral_camera_right.mp4,real,W012,DF_SOURCE_09,train
E:\source_videos_part_09\source_videos\W008\light_down\contempt\camera_leftfront\W008_light_down_contempt_camera_leftfront.mp4,real,W008,DF_SOURCE_09,train
E:\source_videos_part_09\source_videos\W009\light_uniform\surprise\camera_left\W009_light_uniform_surprise_camera_left.mp4,real,W009,DF_SOURCE_09,train
E:\source_videos_part_09\source_videos\W006\light_right\happy\camera_down\W006_light_right_happy_camera_down.mp4,real,W006,DF_SOURCE_09,train
E:\source_videos_part_09\source_videos\W012\light_right\surprise\camera_left\W012_light_right_surprise_camera_left.mp4,real,W012,DF_SOURCE_09,train
E:\source_videos_part_09\source_videos\W009\light_leftup\surprise\camera_rightfront\W009_light_leftup_surprise_camera_rightfront.mp4,real,W009,DF_SOURCE_09,train
E:\source_videos_part_09\source_videos\W008\light_leftup\neutral\camera_up\W008_light_leftup_neutral_camera_up.mp4,real,W008,DF_SOURCE_09,train
E:\source_videos_part_09\source_videos\W009\light_rightdown\angry\camera_left\W009_light_rightdown_angry_camera_left.mp4,real,W009,DF_SOURCE_09,train
E:\source_videos_part_09\source_videos\W012\light_right\disgust\camera_left\W012_light_right_disgust_camera_left.mp4,real,W012,DF_SOURCE_09,train
E:\source_videos_part_09\source_videos\W006\light_leftdown\neutral\camera_front\W006_light_leftdown_neutral_camera_front.mp4,real,W006,DF_SOURCE_09,train
E:\source_videos_part_09\source_videos\W006\light_uniform\surprise\camera_rightfront\W006_light_uniform_surprise_camera_rightfront.mp4,real,W006,DF_SOURCE_09,train
E:\source_videos_part_09\source_videos\W005\light_right\surprise\camera_front\W005_light_right_surprise_camera_front.mp4,real,W005,DF_SOURCE_09,train
E:\source_videos_part_09\source_videos\W009\light_up\angry\camera_leftfront\W009_light_up_angry_camera_leftfront.mp4,real,W009,DF_SOURCE_09,train
E:\source_videos_part_09\source_videos\W012\light_rightup\neutral\camera_left\W012_light_rightup_neutral_camera_left.mp4,real,W012,DF_SOURCE_09,train
E:\source_videos_part_09\source_videos\W006\light_right\happy\camera_left\W006_light_right_happy_camera_left.mp4,real,W006,DF_SOURCE_09,train
E:\source_videos_part_09\source_videos\W008\light_leftdown\contempt\camera_rightfront\W008_light_leftdown_contempt_camera_rightfront.mp4,real,W008,DF_SOURCE_09,train
E:\source_videos_part_09\source_videos\W008\light_uniform\disgust\camera_rightfront\W008_light_uniform_disgust_camera_rightfront.mp4,real,W008,DF_SOURCE_09,train
E:\source_videos_part_09\source_videos\W006\light_rightup\neutral\camera_rightfront\W006_light_rightup_neutral_camera_rightfront.mp4,real,W006,DF_SOURCE_09,train
E:\source_videos_part_09\source_videos\W006\light_down\sad\camera_up\W006_light_down_sad_camera_up.mp4,real,W006,DF_SOURCE_09,train
E:\source_videos_part_09\source_videos\W006\light_rightdown\disgust\camera_left\W006_light_rightdown_disgust_camera_left.mp4,real,W006,DF_SOURCE_09,train
E:\source_videos_part_09\source_videos\W012\light_up\happy\camera_rightfront\W012_light_up_happy_camera_rightfront.mp4,real,W012,DF_SOURCE_09,train
E:\source_videos_part_09\source_videos\W006\light_down\happy\camera_front\W006_light_down_happy_camera_front.mp4,real,W006,DF_SOURCE_09,train
E:\source_videos_part_09\source_videos\W007\light_left\disgust\camera_leftfront\W007_light_left_disgust_camera_leftfront.mp4,real,W007,DF_SOURCE_09,train
E:\source_videos_part_09\source_videos\W005\light_rightdown\angry\camera_leftfront\W005_light_rightdown_angry_camera_leftfront.mp4,real,W005,DF_SOURCE_09,train
E:\source_videos_part_09\source_videos\W006\light_leftdown\angry\camera_right\W006_light_leftdown_angry_camera_right.mp4,real,W006,DF_SOURCE_09,train
E:\source_videos_part_09\source_videos\W006\light_down\angry\camera_front\W006_light_down_angry_camera_front.mp4,real,W006,DF_SOURCE_09,train
E:\source_videos_part_09\source_videos\W006\light_uniform\happy\camera_front\W006_light_uniform_happy_camera_front.mp4,real,W006,DF_SOURCE_09,train
E:\source_videos_part_09\source_videos\W006\light_up\neutral\camera_front\W006_light_up_neutral_camera_front.mp4,real,W006,DF_SOURCE_09,train
E:\source_videos_part_09\source_videos\W006\light_leftup\contempt\camera_front\W006_light_leftup_contempt_camera_front.mp4,real,W006,DF_SOURCE_09,train
E:\source_videos_part_09\source_videos\W007\light_left\happy\camera_left\W007_light_left_happy_camera_left.mp4,real,W007,DF_SOURCE_09,train
E:\source_videos_part_09\source_videos\W012\light_rightup\neutral\camera_down\W012_light_rightup_neutral_camera_down.mp4,real,W012,DF_SOURCE_09,train
E:\source_videos_part_09\source_videos\W007\light_up\surprise\camera_front\W007_light_up_surprise_camera_front.mp4,real,W007,DF_SOURCE_09,train
E:\source_videos_part_09\source_videos\W006\light_down\happy\camera_rightfront\W006_light_down_happy_camera_rightfront.mp4,real,W006,DF_SOURCE_09,train
E:\source_videos_part_09\source_videos\W008\light_right\sad\camera_left\W008_light_right_sad_camera_left.mp4,real,W008,DF_SOURCE_09,train
E:\source_videos_part_09\source_videos\W006\light_down\disgust\camera_right\W006_light_down_disgust_camera_right.mp4,real,W006,DF_SOURCE_09,train
E:\source_videos_part_09\source_videos\W012\light_rightup\happy\camera_down\W012_light_rightup_happy_camera_down.mp4,real,W012,DF_SOURCE_09,train
E:\source_videos_part_09\source_videos\W005\light_uniform\disgust\camera_left\W005_light_uniform_disgust_camera_left.mp4,real,W005,DF_SOURCE_09,train
E:\source_videos_part_09\source_videos\W007\light_up\disgust\camera_up\W007_light_up_disgust_camera_up.mp4,real,W007,DF_SOURCE_09,train
E:\source_videos_part_09\source_videos\W007\light_rightdown\fear\camera_left\W007_light_rightdown_fear_camera_left.mp4,real,W007,DF_SOURCE_09,train
E:\source_videos_part_09\source_videos\W008\light_down\happy\camera_front\W008_light_down_happy_camera_front.mp4,real,W008,DF_SOURCE_09,train
E:\source_videos_part_09\source_videos\W009\light_uniform\disgust\camera_rightfront\W009_light_uniform_disgust_camera_rightfront.mp4,real,W009,DF_SOURCE_09,train
E:\source_videos_part_09\source_videos\W009\light_uniform\surprise\camera_front\W009_light_uniform_surprise_camera_front.mp4,real,W009,DF_SOURCE_09,train
E:\source_videos_part_09\source_videos\W006\light_right\fear\camera_left\W006_light_right_fear_camera_left.mp4,real,W006,DF_SOURCE_09,train
E:\source_videos_part_09\source_videos\W007\light_uniform\surprise\camera_leftfront\W007_light_uniform_surprise_camera_leftfront.mp4,real,W007,DF_SOURCE_09,train
E:\source_videos_part_09\source_videos\W009\light_rightup\angry\camera_rightfront\W009_light_rightup_angry_camera_rightfront.mp4,real,W009,DF_SOURCE_09,train
E:\source_videos_part_09\source_videos\W010\BlendShape\camera_rightfront\W010_BlendShape_camera_rightfront.mp4,real,W010,DF_SOURCE_09,train
E:\source_videos_part_09\source_videos\W007\light_rightdown\fear\camera_right\W007_light_rightdown_fear_camera_right.mp4,real,W007,DF_SOURCE_09,train
E:\source_videos_part_09\source_videos\M141\light_leftup\contempt\camera_front\M141_light_leftup_contempt_camera_front.mp4,real,M141,DF_SOURCE_09,train
E:\source_videos_part_09\source_videos\W009\light_down\sad\camera_left\W009_light_down_sad_camera_left.mp4,real,W009,DF_SOURCE_09,train
E:\source_videos_part_09\source_videos\W005\light_rightup\contempt\camera_left\W005_light_rightup_contempt_camera_left.mp4,real,W005,DF_SOURCE_09,train
E:\source_videos_part_09\source_videos\W006\light_rightdown\neutral\camera_right\W006_light_rightdown_neutral_camera_right.mp4,real,W006,DF_SOURCE_09,train
E:\source_videos_part_09\source_videos\W005\light_left\surprise\camera_rightfront\W005_light_left_surprise_camera_rightfront.mp4,real,W005,DF_SOURCE_09,train
E:\source_videos_part_09\source_videos\W012\light_left\surprise\camera_front\W012_light_left_surprise_camera_front.mp4,real,W012,DF_SOURCE_09,train
E:\source_videos_part_09\source_videos\W005\light_leftup\surprise\camera_down\W005_light_leftup_surprise_camera_down.mp4,real,W005,DF_SOURCE_09,train
E:\source_videos_part_09\source_videos\W007\light_rightdown\surprise\camera_front\W007_light_rightdown_surprise_camera_front.mp4,real,W007,DF_SOURCE_09,train
E:\source_videos_part_09\source_videos\W007\light_rightdown\angry\camera_down\W007_light_rightdown_angry_camera_down.mp4,real,W007,DF_SOURCE_09,train
E:\source_videos_part_09\source_videos\W008\light_leftup\contempt\camera_rightfront\W008_light_leftup_contempt_camera_rightfront.mp4,real,W008,DF_SOURCE_09,train
E:\source_videos_part_09\source_videos\W006\light_down\fear\camera_right\W006_light_down_fear_camera_right.mp4,real,W006,DF_SOURCE_09,train
E:\source_videos_part_09\source_videos\W006\light_up\surprise\camera_leftfront\W006_light_up_surprise_camera_leftfront.mp4,real,W006,DF_SOURCE_09,train
E:\source_videos_part_09\source_videos\W006\light_leftup\happy\camera_up\W006_light_leftup_happy_camera_up.mp4,real,W006,DF_SOURCE_09,train
E:\source_videos_part_09\source_videos\W008\light_leftdown\contempt\camera_front\W008_light_leftdown_contempt_camera_front.mp4,real,W008,DF_SOURCE_09,train
E:\source_videos_part_09\source_videos\W006\light_leftup\disgust\camera_right\W006_light_leftup_disgust_camera_right.mp4,real,W006,DF_SOURCE_09,train
E:\source_videos_part_09\source_videos\W009\light_rightdown\contempt\camera_front\W009_light_rightdown_contempt_camera_front.mp4,real,W009,DF_SOURCE_09,train
E:\source_videos_part_09\source_videos\W008\light_leftup\contempt\camera_leftfront\W008_light_leftup_contempt_camera_leftfront.mp4,real,W008,DF_SOURCE_09,train
E:\source_videos_part_09\source_videos\W012\light_down\fear\camera_rightfront\W012_light_down_fear_camera_rightfront.mp4,real,W012,DF_SOURCE_09,train
E:\source_videos_part_09\source_videos\W008\light_leftdown\disgust\camera_down\W008_light_leftdown_disgust_camera_down.mp4,real,W008,DF_SOURCE_09,train
E:\source_videos_part_09\source_videos\W009\light_leftup\surprise\camera_right\W009_light_leftup_surprise_camera_right.mp4,real,W009,DF_SOURCE_09,train
E:\source_videos_part_09\source_videos\W009\light_uniform\neutral\camera_right\W009_light_uniform_neutral_camera_right.mp4,real,W009,DF_SOURCE_09,train
E:\source_videos_part_09\source_videos\W008\light_leftdown\sad\camera_right\W008_light_leftdown_sad_camera_right.mp4,real,W008,DF_SOURCE_09,train
E:\source_videos_part_09\source_videos\W005\light_rightdown\neutral\camera_down\W005_light_rightdown_neutral_camera_down.mp4,real,W005,DF_SOURCE_09,train
E:\source_videos_part_09\source_videos\W008\light_leftup\disgust\camera_up\W008_light_leftup_disgust_camera_up.mp4,real,W008,DF_SOURCE_09,train
E:\source_videos_part_09\source_videos\W007\light_left\happy\camera_down\W007_light_left_happy_camera_down.mp4,real,W007,DF_SOURCE_09,train
E:\source_videos_part_09\source_videos\W008\light_down\angry\camera_right\W008_light_down_angry_camera_right.mp4,real,W008,DF_SOURCE_09,train
E:\source_videos_part_09\source_videos\W008\light_rightup\surprise\camera_up\W008_light_rightup_surprise_camera_up.mp4,real,W008,DF_SOURCE_09,train
E:\source_videos_part_09\source_videos\W008\light_left\disgust\camera_right\W008_light_left_disgust_camera_right.mp4,real,W008,DF_SOURCE_09,train
E:\source_videos_part_09\source_videos\W005\light_leftdown\disgust\camera_front\W005_light_leftdown_disgust_camera_front.mp4,real,W005,DF_SOURCE_09,train
E:\source_videos_part_09\source_videos\W005\light_leftup\surprise\camera_up\W005_light_leftup_surprise_camera_up.mp4,real,W005,DF_SOURCE_09,train
E:\source_videos_part_09\source_videos\W008\light_left\fear\camera_right\W008_light_left_fear_camera_right.mp4,real,W008,DF_SOURCE_09,train
E:\source_videos_part_09\source_videos\W005\light_leftup\surprise\camera_left\W005_light_leftup_surprise_camera_left.mp4,real,W005,DF_SOURCE_09,train
E:\source_videos_part_09\source_videos\W005\light_right\disgust\camera_down\W005_light_right_disgust_camera_down.mp4,real,W005,DF_SOURCE_09,train
E:\source_videos_part_09\source_videos\W006\light_up\surprise\camera_down\W006_light_up_surprise_camera_down.mp4,real,W006,DF_SOURCE_09,train
E:\source_videos_part_09\source_videos\W006\light_uniform\neutral\camera_rightfront\W006_light_uniform_neutral_camera_rightfront.mp4,real,W006,DF_SOURCE_09,train
E:\source_videos_part_09\source_videos\W008\light_right\surprise\camera_right\W008_light_right_surprise_camera_right.mp4,real,W008,DF_SOURCE_09,train
E:\source_videos_part_09\source_videos\W006\light_rightup\neutral\camera_left\W006_light_rightup_neutral_camera_left.mp4,real,W006,DF_SOURCE_09,train
E:\source_videos_part_09\source_videos\W009\light_down\angry\camera_leftfront\W009_light_down_angry_camera_leftfront.mp4,real,W009,DF_SOURCE_09,train
E:\source_videos_part_09\source_videos\W005\light_up\fear\camera_front\W005_light_up_fear_camera_front.mp4,real,W005,DF_SOURCE_09,train
E:\source_videos_part_09\source_videos\W005\light_rightdown\happy\camera_right\W005_light_rightdown_happy_camera_right.mp4,real,W005,DF_SOURCE_09,train
E:\source_videos_part_09\source_videos\W007\light_leftdown\fear\camera_left\W007_light_leftdown_fear_camera_left.mp4,real,W007,DF_SOURCE_09,train
E:\source_videos_part_09\source_videos\W007\light_down\surprise\camera_up\W007_light_down_surprise_camera_up.mp4,real,W007,DF_SOURCE_09,train
E:\source_videos_part_09\source_videos\W005\light_uniform\contempt\camera_down\W005_light_uniform_contempt_camera_down.mp4,real,W005,DF_SOURCE_09,train
E:\source_videos_part_09\source_videos\W007\light_leftdown\surprise\camera_leftfront\W007_light_leftdown_surprise_camera_leftfront.mp4,real,W007,DF_SOURCE_09,train
E:\source_videos_part_09\source_videos\W012\light_right\surprise\camera_right\W012_light_right_surprise_camera_right.mp4,real,W012,DF_SOURCE_09,train
E:\source_videos_part_09\source_videos\W009\light_rightdown\neutral\camera_down\W009_light_rightdown_neutral_camera_down.mp4,real,W009,DF_SOURCE_09,train
E:\source_videos_part_09\source_videos\W012\light_leftdown\angry\camera_up\W012_light_leftdown_angry_camera_up.mp4,real,W012,DF_SOURCE_09,train
E:\source_videos_part_09\source_videos\W005\light_left\disgust\camera_left\W005_light_left_disgust_camera_left.mp4,real,W005,DF_SOURCE_09,train
E:\source_videos_part_09\source_videos\W006\light_right\happy\camera_right\W006_light_right_happy_camera_right.mp4,real,W006,DF_SOURCE_09,train
E:\source_videos_part_09\source_videos\W012\light_up\fear\camera_rightfront\W012_light_up_fear_camera_rightfront.mp4,real,W012,DF_SOURCE_09,train
E:\source_videos_part_09\source_videos\W005\light_leftdown\fear\camera_right\W005_light_leftdown_fear_camera_right.mp4,real,W005,DF_SOURCE_09,train
E:\source_videos_part_09\source_videos\W008\light_leftup\happy\camera_front\W008_light_leftup_happy_camera_front.mp4,real,W008,DF_SOURCE_09,train
E:\source_videos_part_09\source_videos\W008\light_rightup\contempt\camera_rightfront\W008_light_rightup_contempt_camera_rightfront.mp4,real,W008,DF_SOURCE_09,train
E:\source_videos_part_09\source_videos\W005\light_uniform\contempt\camera_rightfront\W005_light_uniform_contempt_camera_rightfront.mp4,real,W005,DF_SOURCE_09,train
E:\source_videos_part_09\source_videos\W006\light_up\sad\camera_leftfront\W006_light_up_sad_camera_leftfront.mp4,real,W006,DF_SOURCE_09,train
E:\source_videos_part_09\source_videos\W009\light_left\disgust\camera_rightfront\W009_light_left_disgust_camera_rightfront.mp4,real,W009,DF_SOURCE_09,train
E:\source_videos_part_09\source_videos\W008\light_leftdown\angry\camera_front\W008_light_leftdown_angry_camera_front.mp4,real,W008,DF_SOURCE_09,train
E:\source_videos_part_09\source_videos\W008\light_right\angry\camera_left\W008_light_right_angry_camera_left.mp4,real,W008,DF_SOURCE_09,train
E:\source_videos_part_09\source_videos\W009\light_right\sad\camera_front\W009_light_right_sad_camera_front.mp4,real,W009,DF_SOURCE_09,train
E:\source_videos_part_09\source_videos\W006\light_uniform\happy\camera_leftfront\W006_light_uniform_happy_camera_leftfront.mp4,real,W006,DF_SOURCE_09,train
E:\source_videos_part_09\source_videos\M141\light_leftup\disgust\camera_rightfront\M141_light_leftup_disgust_camera_rightfront.mp4,real,M141,DF_SOURCE_09,train
E:\source_videos_part_09\source_videos\W009\light_leftup\neutral\camera_rightfront\W009_light_leftup_neutral_camera_rightfront.mp4,real,W009,DF_SOURCE_09,train
E:\source_videos_part_09\source_videos\W006\light_down\neutral\camera_rightfront\W006_light_down_neutral_camera_rightfront.mp4,real,W006,DF_SOURCE_09,train
E:\source_videos_part_09\source_videos\W009\light_down\happy\camera_leftfront\W009_light_down_happy_camera_leftfront.mp4,real,W009,DF_SOURCE_09,train
E:\source_videos_part_09\source_videos\W012\light_uniform\sad\camera_down\W012_light_uniform_sad_camera_down.mp4,real,W012,DF_SOURCE_09,train
E:\source_videos_part_09\source_videos\W009\light_down\angry\camera_front\W009_light_down_angry_camera_front.mp4,real,W009,DF_SOURCE_09,train
E:\source_videos_part_09\source_videos\W008\light_rightup\angry\camera_front\W008_light_rightup_angry_camera_front.mp4,real,W008,DF_SOURCE_09,train
E:\source_videos_part_09\source_videos\W008\light_rightup\angry\camera_up\W008_light_rightup_angry_camera_up.mp4,real,W008,DF_SOURCE_09,train
E:\source_videos_part_09\source_videos\W007\light_rightup\sad\camera_right\W007_light_rightup_sad_camera_right.mp4,real,W007,DF_SOURCE_09,train
E:\source_videos_part_09\source_videos\W012\light_uniform\sad\camera_leftfront\W012_light_uniform_sad_camera_leftfront.mp4,real,W012,DF_SOURCE_09,train
E:\source_videos_part_09\source_videos\W009\light_up\angry\camera_front\W009_light_up_angry_camera_front.mp4,real,W009,DF_SOURCE_09,train
E:\source_videos_part_09\source_videos\W005\light_rightdown\contempt\camera_front\W005_light_rightdown_contempt_camera_front.mp4,real,W005,DF_SOURCE_09,train
E:\source_videos_part_09\source_videos\W009\light_leftup\sad\camera_up\W009_light_leftup_sad_camera_up.mp4,real,W009,DF_SOURCE_09,train
E:\source_videos_part_09\source_videos\W005\light_uniform\sad\camera_front\W005_light_uniform_sad_camera_front.mp4,real,W005,DF_SOURCE_09,train
E:\source_videos_part_09\source_videos\W005\light_up\happy\camera_leftfront\W005_light_up_happy_camera_leftfront.mp4,real,W005,DF_SOURCE_09,train
E:\source_videos_part_09\source_videos\W005\light_up\angry\camera_rightfront\W005_light_up_angry_camera_rightfront.mp4,real,W005,DF_SOURCE_09,train
E:\source_videos_part_09\source_videos\W008\light_down\contempt\camera_up\W008_light_down_contempt_camera_up.mp4,real,W008,DF_SOURCE_09,train
E:\source_videos_part_09\source_videos\W006\light_right\fear\camera_rightfront\W006_light_right_fear_camera_rightfront.mp4,real,W006,DF_SOURCE_09,train
E:\source_videos_part_09\source_videos\W012\light_right\angry\camera_front\W012_light_right_angry_camera_front.mp4,real,W012,DF_SOURCE_09,train
E:\source_videos_part_09\source_videos\W008\light_right\surprise\camera_front\W008_light_right_surprise_camera_front.mp4,real,W008,DF_SOURCE_09,train
E:\source_videos_part_09\source_videos\W007\light_right\disgust\camera_right\W007_light_right_disgust_camera_right.mp4,real,W007,DF_SOURCE_09,train
E:\source_videos_part_09\source_videos\W006\light_leftdown\angry\camera_down\W006_light_leftdown_angry_camera_down.mp4,real,W006,DF_SOURCE_09,train
E:\source_videos_part_09\source_videos\W008\light_rightup\surprise\camera_down\W008_light_rightup_surprise_camera_down.mp4,real,W008,DF_SOURCE_09,train
E:\source_videos_part_09\source_videos\W006\light_right\contempt\camera_left\W006_light_right_contempt_camera_left.mp4,real,W006,DF_SOURCE_09,train
E:\source_videos_part_09\source_videos\W006\light_down\disgust\camera_rightfront\W006_light_down_disgust_camera_rightfront.mp4,real,W006,DF_SOURCE_09,train
E:\source_videos_part_09\source_videos\W012\light_uniform\angry\camera_right\W012_light_uniform_angry_camera_right.mp4,real,W012,DF_SOURCE_09,train
E:\source_videos_part_09\source_videos\W005\light_up\surprise\camera_left\W005_light_up_surprise_camera_left.mp4,real,W005,DF_SOURCE_09,train
E:\source_videos_part_09\source_videos\W012\light_leftdown\angry\camera_right\W012_light_leftdown_angry_camera_right.mp4,real,W012,DF_SOURCE_09,train
E:\source_videos_part_09\source_videos\W006\light_left\fear\camera_left\W006_light_left_fear_camera_left.mp4,real,W006,DF_SOURCE_09,train
E:\source_videos_part_09\source_videos\W007\light_uniform\happy\camera_left\W007_light_uniform_happy_camera_left.mp4,real,W007,DF_SOURCE_09,train
E:\source_videos_part_09\source_videos\W007\light_left\fear\camera_right\W007_light_left_fear_camera_right.mp4,real,W007,DF_SOURCE_09,train
E:\source_videos_part_09\source_videos\W006\light_rightdown\happy\camera_left\W006_light_rightdown_happy_camera_left.mp4,real,W006,DF_SOURCE_09,train
E:\source_videos_part_09\source_videos\W009\light_right\surprise\camera_down\W009_light_right_surprise_camera_down.mp4,real,W009,DF_SOURCE_09,train
E:\source_videos_part_09\source_videos\W009\light_leftup\angry\camera_up\W009_light_leftup_angry_camera_up.mp4,real,W009,DF_SOURCE_09,train
E:\source_videos_part_09\source_videos\W009\light_right\contempt\camera_rightfront\W009_light_right_contempt_camera_rightfront.mp4,real,W009,DF_SOURCE_09,train
E:\source_videos_part_09\source_videos\W007\light_right\sad\camera_right\W007_light_right_sad_camera_right.mp4,real,W007,DF_SOURCE_09,train
E:\source_videos_part_09\source_videos\W005\light_leftdown\disgust\camera_rightfront\W005_light_leftdown_disgust_camera_rightfront.mp4,real,W005,DF_SOURCE_09,train
E:\source_videos_part_09\source_videos\W012\light_up\contempt\camera_rightfront\W012_light_up_contempt_camera_rightfront.mp4,real,W012,DF_SOURCE_09,train
E:\source_videos_part_09\source_videos\W006\light_down\sad\camera_leftfront\W006_light_down_sad_camera_leftfront.mp4,real,W006,DF_SOURCE_09,train
E:\source_videos_part_09\source_videos\W007\light_rightup\surprise\camera_front\W007_light_rightup_surprise_camera_front.mp4,real,W007,DF_SOURCE_09,train
E:\source_videos_part_09\source_videos\W005\light_leftup\angry\camera_rightfront\W005_light_leftup_angry_camera_rightfront.mp4,real,W005,DF_SOURCE_09,train
E:\source_videos_part_09\source_videos\W005\light_up\neutral\camera_rightfront\W005_light_up_neutral_camera_rightfront.mp4,real,W005,DF_SOURCE_09,train
E:\source_videos_part_09\source_videos\W009\light_down\disgust\camera_down\W009_light_down_disgust_camera_down.mp4,real,W009,DF_SOURCE_09,train
E:\source_videos_part_09\source_videos\W008\light_rightup\contempt\camera_front\W008_light_rightup_contempt_camera_front.mp4,real,W008,DF_SOURCE_09,train
E:\source_videos_part_09\source_videos\W007\light_down\fear\camera_rightfront\W007_light_down_fear_camera_rightfront.mp4,real,W007,DF_SOURCE_09,train
E:\source_videos_part_09\source_videos\W008\light_down\angry\camera_front\W008_light_down_angry_camera_front.mp4,real,W008,DF_SOURCE_09,train
E:\source_videos_part_09\source_videos\W009\light_down\fear\camera_leftfront\W009_light_down_fear_camera_leftfront.mp4,real,W009,DF_SOURCE_09,train
E:\source_videos_part_09\source_videos\W008\light_left\angry\camera_left\W008_light_left_angry_camera_left.mp4,real,W008,DF_SOURCE_09,train
E:\source_videos_part_09\source_videos\W012\light_uniform\happy\camera_leftfront\W012_light_uniform_happy_camera_leftfront.mp4,real,W012,DF_SOURCE_09,train
E:\source_videos_part_09\source_videos\W009\light_leftdown\contempt\camera_leftfront\W009_light_leftdown_contempt_camera_leftfront.mp4,real,W009,DF_SOURCE_09,train
E:\source_videos_part_09\source_videos\W005\light_uniform\angry\camera_rightfront\W005_light_uniform_angry_camera_rightfront.mp4,real,W005,DF_SOURCE_09,train
E:\source_videos_part_09\source_videos\W012\light_right\happy\camera_rightfront\W012_light_right_happy_camera_rightfront.mp4,real,W012,DF_SOURCE_09,train
E:\source_videos_part_09\source_videos\W005\light_rightdown\fear\camera_rightfront\W005_light_rightdown_fear_camera_rightfront.mp4,real,W005,DF_SOURCE_09,train
E:\source_videos_part_09\source_videos\W009\light_down\contempt\camera_right\W009_light_down_contempt_camera_right.mp4,real,W009,DF_SOURCE_09,train
E:\source_videos_part_09\source_videos\W005\light_down\disgust\camera_up\W005_light_down_disgust_camera_up.mp4,real,W005,DF_SOURCE_09,train
E:\source_videos_part_09\source_videos\W006\light_down\surprise\camera_leftfront\W006_light_down_surprise_camera_leftfront.mp4,real,W006,DF_SOURCE_09,train
E:\source_videos_part_09\source_videos\W005\light_rightdown\sad\camera_front\W005_light_rightdown_sad_camera_front.mp4,real,W005,DF_SOURCE_09,train
E:\source_videos_part_09\source_videos\W005\light_leftup\sad\camera_down\W005_light_leftup_sad_camera_down.mp4,real,W005,DF_SOURCE_09,train
E:\source_videos_part_09\source_videos\W007\light_left\happy\camera_front\W007_light_left_happy_camera_front.mp4,real,W007,DF_SOURCE_09,train
E:\source_videos_part_09\source_videos\W006\light_uniform\angry\camera_down\W006_light_uniform_angry_camera_down.mp4,real,W006,DF_SOURCE_09,train
E:\source_videos_part_09\source_videos\W006\light_right\surprise\camera_front\W006_light_right_surprise_camera_front.mp4,real,W006,DF_SOURCE_09,train
E:\source_videos_part_09\source_videos\W009\light_down\angry\camera_down\W009_light_down_angry_camera_down.mp4,real,W009,DF_SOURCE_09,train
E:\source_videos_part_09\source_videos\W012\light_left\contempt\camera_up\W012_light_left_contempt_camera_up.mp4,real,W012,DF_SOURCE_09,train
E:\source_videos_part_09\source_videos\W009\light_rightup\neutral\camera_up\W009_light_rightup_neutral_camera_up.mp4,real,W009,DF_SOURCE_09,train
E:\source_videos_part_09\source_videos\W007\light_down\contempt\camera_rightfront\W007_light_down_contempt_camera_rightfront.mp4,real,W007,DF_SOURCE_09,train
E:\source_videos_part_09\source_videos\W007\light_down\neutral\camera_rightfront\W007_light_down_neutral_camera_rightfront.mp4,real,W007,DF_SOURCE_09,train
E:\source_videos_part_09\source_videos\W009\light_up\sad\camera_left\W009_light_up_sad_camera_left.mp4,real,W009,DF_SOURCE_09,train
E:\FaceForencis++\Deepfakes\171_173.mp4,fake,171,DEEPFAKES,train
E:\FaceForencis++\Deepfakes\752_751.mp4,fake,752,DEEPFAKES,train
E:\FaceForencis++\Deepfakes\362_354.mp4,fake,362,DEEPFAKES,test
E:\FaceForencis++\Deepfakes\221_206.mp4,fake,221,DEEPFAKES,val
E:\FaceForencis++\Deepfakes\442_195.mp4,fake,442,DEEPFAKES,train
E:\FaceForencis++\Deepfakes\501_326.mp4,fake,501,DEEPFAKES,test
E:\FaceForencis++\Deepfakes\568_628.mp4,fake,568,DEEPFAKES,train
E:\FaceForencis++\Deepfakes\627_658.mp4,fake,627,DEEPFAKES,train
E:\FaceForencis++\Deepfakes\633_529.mp4,fake,633,DEEPFAKES,train
E:\FaceForencis++\Deepfakes\274_412.mp4,fake,274,DEEPFAKES,train
E:\FaceForencis++\Deepfakes\838_810.mp4,fake,838,DEEPFAKES,test
E:\FaceForencis++\Deepfakes\500_592.mp4,fake,500,DEEPFAKES,train
E:\FaceForencis++\Deepfakes\310_196.mp4,fake,310,DEEPFAKES,train
E:\FaceForencis++\Deepfakes\806_781.mp4,fake,806,DEEPFAKES,train
E:\FaceForencis++\Deepfakes\819_786.mp4,fake,819,DEEPFAKES,test
E:\FaceForencis++\Deepfakes\956_958.mp4,fake,956,DEEPFAKES,train
E:\FaceForencis++\Deepfakes\293_296.mp4,fake,293,DEEPFAKES,train
E:\FaceForencis++\Deepfakes\505_600.mp4,fake,505,DEEPFAKES,train
E:\FaceForencis++\Deepfakes\718_972.mp4,fake,718,DEEPFAKES,train
E:\FaceForencis++\Deepfakes\192_134.mp4,fake,192,DEEPFAKES,val
E:\FaceForencis++\Deepfakes\600_505.mp4,fake,600,DEEPFAKES,train
E:\FaceForencis++\Deepfakes\962_929.mp4,fake,962,DEEPFAKES,val
E:\FaceForencis++\Deepfakes\356_324.mp4,fake,356,DEEPFAKES,test
E:\FaceForencis++\Deepfakes\687_615.mp4,fake,687,DEEPFAKES,val
E:\FaceForencis++\Deepfakes\590_034.mp4,fake,590,DEEPFAKES,train
E:\FaceForencis++\Deepfakes\930_763.mp4,fake,930,DEEPFAKES,train
E:\FaceForencis++\Deepfakes\314_347.mp4,fake,314,DEEPFAKES,train
E:\FaceForencis++\Deepfakes\151_225.mp4,fake,151,DEEPFAKES,train
E:\FaceForencis++\Deepfakes\749_659.mp4,fake,749,DEEPFAKES,train
E:\FaceForencis++\Deepfakes\620_619.mp4,fake,620,DEEPFAKES,train
E:\FaceForencis++\Deepfakes\562_626.mp4,fake,562,DEEPFAKES,train
E:\FaceForencis++\Deepfakes\720_672.mp4,fake,720,DEEPFAKES,train
E:\FaceForencis++\Deepfakes\451_449.mp4,fake,451,DEEPFAKES,train
E:\FaceForencis++\Deepfakes\788_710.mp4,fake,788,DEEPFAKES,val
E:\FaceForencis++\Deepfakes\165_137.mp4,fake,165,DEEPFAKES,train
E:\FaceForencis++\Deepfakes\084_042.mp4,fake,084,DEEPFAKES,test
E:\FaceForencis++\Deepfakes\405_393.mp4,fake,405,DEEPFAKES,val
E:\FaceForencis++\Deepfakes\731_741.mp4,fake,731,DEEPFAKES,test
E:\FaceForencis++\Deepfakes\038_125.mp4,fake,038,DEEPFAKES,val
E:\FaceForencis++\Deepfakes\642_635.mp4,fake,642,DEEPFAKES,train
E:\FaceForencis++\Deepfakes\486_680.mp4,fake,486,DEEPFAKES,train
E:\FaceForencis++\Deepfakes\737_719.mp4,fake,737,DEEPFAKES,test
E:\FaceForencis++\Deepfakes\327_329.mp4,fake,327,DEEPFAKES,test
E:\FaceForencis++\Deepfakes\987_938.mp4,fake,987,DEEPFAKES,train
E:\FaceForencis++\Deepfakes\607_683.mp4,fake,607,DEEPFAKES,train
E:\FaceForencis++\Deepfakes\531_549.mp4,fake,531,DEEPFAKES,test
E:\FaceForencis++\Deepfakes\852_834.mp4,fake,852,DEEPFAKES,val
E:\FaceForencis++\Deepfakes\804_738.mp4,fake,804,DEEPFAKES,train
E:\FaceForencis++\Deepfakes\073_024.mp4,fake,073,DEEPFAKES,train
E:\FaceForencis++\Deepfakes\536_540.mp4,fake,536,DEEPFAKES,test
E:\FaceForencis++\Deepfakes\632_548.mp4,fake,632,DEEPFAKES,val
E:\FaceForencis++\Deepfakes\771_849.mp4,fake,771,DEEPFAKES,train
E:\FaceForencis++\Deepfakes\494_445.mp4,fake,494,DEEPFAKES,train
E:\FaceForencis++\Deepfakes\022_489.mp4,fake,022,DEEPFAKES,val
E:\FaceForencis++\Deepfakes\586_223.mp4,fake,586,DEEPFAKES,train
E:\FaceForencis++\Deepfakes\109_107.mp4,fake,109,DEEPFAKES,train
E:\FaceForencis++\Deepfakes\234_187.mp4,fake,234,DEEPFAKES,train
E:\FaceForencis++\Deepfakes\975_978.mp4,fake,975,DEEPFAKES,train
E:\FaceForencis++\Deepfakes\902_901.mp4,fake,902,DEEPFAKES,test
E:\FaceForencis++\Deepfakes\446_667.mp4,fake,446,DEEPFAKES,train
E:\FaceForencis++\Deepfakes\345_259.mp4,fake,345,DEEPFAKES,train
E:\FaceForencis++\Deepfakes\585_599.mp4,fake,585,DEEPFAKES,train
E:\FaceForencis++\Deepfakes\324_356.mp4,fake,324,DEEPFAKES,train
E:\FaceForencis++\Deepfakes\350_349.mp4,fake,350,DEEPFAKES,train
E:\FaceForencis++\Deepfakes\111_094.mp4,fake,111,DEEPFAKES,train
E:\FaceForencis++\Deepfakes\216_164.mp4,fake,216,DEEPFAKES,train
E:\FaceForencis++\Deepfakes\455_471.mp4,fake,455,DEEPFAKES,train
E:\FaceForencis++\Deepfakes\029_048.mp4,fake,029,DEEPFAKES,train
E:\FaceForencis++\Deepfakes\682_669.mp4,fake,682,DEEPFAKES,train
E:\FaceForencis++\Deepfakes\878_866.mp4,fake,878,DEEPFAKES,test
E:\FaceForencis++\Deepfakes\108_052.mp4,fake,108,DEEPFAKES,train
E:\FaceForencis++\Deepfakes\724_725.mp4,fake,724,DEEPFAKES,test
E:\FaceForencis++\Deepfakes\834_852.mp4,fake,834,DEEPFAKES,test
E:\FaceForencis++\Deepfakes\160_928.mp4,fake,160,DEEPFAKES,train
E:\FaceForencis++\Deepfakes\683_607.mp4,fake,683,DEEPFAKES,train
E:\FaceForencis++\Deepfakes\573_757.mp4,fake,573,DEEPFAKES,test
E:\FaceForencis++\Deepfakes\358_380.mp4,fake,358,DEEPFAKES,train
E:\FaceForencis++\Deepfakes\989_993.mp4,fake,989,DEEPFAKES,train
E:\FaceForencis++\Deepfakes\197_224.mp4,fake,197,DEEPFAKES,train
E:\FaceForencis++\Deepfakes\597_595.mp4,fake,597,DEEPFAKES,test
E:\FaceForencis++\Deepfakes\817_827.mp4,fake,817,DEEPFAKES,val
E:\FaceForencis++\Deepfakes\134_192.mp4,fake,134,DEEPFAKES,train
E:\FaceForencis++\Deepfakes\410_411.mp4,fake,410,DEEPFAKES,val
E:\FaceForencis++\Deepfakes\007_132.mp4,fake,007,DEEPFAKES,train
E:\FaceForencis++\Deepfakes\021_312.mp4,fake,021,DEEPFAKES,train
E:\FaceForencis++\Deepfakes\890_837.mp4,fake,890,DEEPFAKES,test
E:\FaceForencis++\Deepfakes\088_060.mp4,fake,088,DEEPFAKES,train
E:\FaceForencis++\Deepfakes\604_703.mp4,fake,604,DEEPFAKES,val
E:\FaceForencis++\Deepfakes\685_613.mp4,fake,685,DEEPFAKES,train
E:\FaceForencis++\Deepfakes\301_262.mp4,fake,301,DEEPFAKES,train
E:\FaceForencis++\Deepfakes\383_353.mp4,fake,383,DEEPFAKES,train
E:\FaceForencis++\Deepfakes\503_756.mp4,fake,503,DEEPFAKES,train
E:\FaceForencis++\Deepfakes\693_698.mp4,fake,693,DEEPFAKES,test
E:\FaceForencis++\Deepfakes\377_333.mp4,fake,377,DEEPFAKES,val
E:\FaceForencis++\Deepfakes\983_113.mp4,fake,983,DEEPFAKES,train
E:\FaceForencis++\Deepfakes\149_152.mp4,fake,149,DEEPFAKES,train
E:\FaceForencis++\Deepfakes\705_707.mp4,fake,705,DEEPFAKES,train
E:\FaceForencis++\Deepfakes\054_071.mp4,fake,054,DEEPFAKES,val
E:\FaceForencis++\Deepfakes\651_835.mp4,fake,651,DEEPFAKES,train
E:\FaceForencis++\Deepfakes\821_812.mp4,fake,821,DEEPFAKES,train
E:\FaceForencis++\Deepfakes\652_773.mp4,fake,652,DEEPFAKES,test
E:\FaceForencis++\Deepfakes\753_789.mp4,fake,753,DEEPFAKES,train
E:\FaceForencis++\Deepfakes\249_280.mp4,fake,249,DEEPFAKES,train
E:\FaceForencis++\Deepfakes\498_433.mp4,fake,498,DEEPFAKES,val
E:\FaceForencis++\Deepfakes\648_654.mp4,fake,648,DEEPFAKES,test
E:\FaceForencis++\Deepfakes\297_270.mp4,fake,297,DEEPFAKES,train
E:\FaceForencis++\Deepfakes\733_935.mp4,fake,733,DEEPFAKES,train
E:\FaceForencis++\Deepfakes\763_930.mp4,fake,763,DEEPFAKES,train
E:\FaceForencis++\Deepfakes\106_198.mp4,fake,106,DEEPFAKES,train
E:\FaceForencis++\Deepfakes\802_885.mp4,fake,802,DEEPFAKES,test
E:\FaceForencis++\Deepfakes\977_075.mp4,fake,977,DEEPFAKES,train
E:\FaceForencis++\Deepfakes\816_649.mp4,fake,816,DEEPFAKES,train
E:\FaceForencis++\Deepfakes\361_448.mp4,fake,361,DEEPFAKES,train
E:\FaceForencis++\Deepfakes\344_020.mp4,fake,344,DEEPFAKES,train
E:\FaceForencis++\Deepfakes\473_366.mp4,fake,473,DEEPFAKES,test
E:\FaceForencis++\Deepfakes\499_539.mp4,fake,499,DEEPFAKES,train
E:\FaceForencis++\Deepfakes\226_491.mp4,fake,226,DEEPFAKES,train
E:\FaceForencis++\Deepfakes\404_429.mp4,fake,404,DEEPFAKES,train
E:\FaceForencis++\Deepfakes\504_502.mp4,fake,504,DEEPFAKES,train
E:\FaceForencis++\Deepfakes\042_084.mp4,fake,042,DEEPFAKES,train
E:\FaceForencis++\Deepfakes\768_793.mp4,fake,768,DEEPFAKES,train
E:\FaceForencis++\Deepfakes\457_398.mp4,fake,457,DEEPFAKES,train
E:\FaceForencis++\Deepfakes\066_062.mp4,fake,066,DEEPFAKES,train
E:\FaceForencis++\Deepfakes\598_178.mp4,fake,598,DEEPFAKES,val
E:\FaceForencis++\Deepfakes\346_351.mp4,fake,346,DEEPFAKES,val
E:\FaceForencis++\Deepfakes\883_013.mp4,fake,883,DEEPFAKES,train
E:\FaceForencis++\Deepfakes\139_130.mp4,fake,139,DEEPFAKES,train
E:\FaceForencis++\Deepfakes\843_859.mp4,fake,843,DEEPFAKES,train
E:\FaceForencis++\Deepfakes\443_514.mp4,fake,443,DEEPFAKES,test
E:\FaceForencis++\Deepfakes\811_920.mp4,fake,811,DEEPFAKES,train
E:\FaceForencis++\Deepfakes\517_521.mp4,fake,517,DEEPFAKES,train
E:\FaceForencis++\Deepfakes\239_218.mp4,fake,239,DEEPFAKES,test
E:\FaceForencis++\Deepfakes\271_264.mp4,fake,271,DEEPFAKES,test
E:\FaceForencis++\Deepfakes\863_853.mp4,fake,863,DEEPFAKES,train
E:\FaceForencis++\Deepfakes\447_431.mp4,fake,447,DEEPFAKES,train
E:\FaceForencis++\Deepfakes\430_459.mp4,fake,430,DEEPFAKES,val
E:\FaceForencis++\Deepfakes\440_364.mp4,fake,440,DEEPFAKES,val
E:\FaceForencis++\Deepfakes\352_319.mp4,fake,352,DEEPFAKES,test
E:\FaceForencis++\Deepfakes\349_350.mp4,fake,349,DEEPFAKES,val
E:\FaceForencis++\Deepfakes\661_670.mp4,fake,661,DEEPFAKES,train
E:\FaceForencis++\Deepfakes\472_511.mp4,fake,472,DEEPFAKES,train
E:\FaceForencis++\Deepfakes\721_715.mp4,fake,721,DEEPFAKES,test
E:\FaceForencis++\Deepfakes\063_041.mp4,fake,063,DEEPFAKES,test
E:\FaceForencis++\Deepfakes\266_252.mp4,fake,266,DEEPFAKES,train
E:\FaceForencis++\Deepfakes\233_995.mp4,fake,233,DEEPFAKES,train
E:\FaceForencis++\Deepfakes\359_317.mp4,fake,359,DEEPFAKES,train
E:\FaceForencis++\Deepfakes\653_601.mp4,fake,653,DEEPFAKES,test
E:\FaceForencis++\Deepfakes\156_243.mp4,fake,156,DEEPFAKES,train
E:\FaceForencis++\Deepfakes\865_739.mp4,fake,865,DEEPFAKES,train
E:\FaceForencis++\Deepfakes\413_372.mp4,fake,413,DEEPFAKES,train
E:\FaceForencis++\Deepfakes\778_798.mp4,fake,778,DEEPFAKES,test
E:\FaceForencis++\Deepfakes\147_055.mp4,fake,147,DEEPFAKES,train
E:\FaceForencis++\Deepfakes\970_973.mp4,fake,970,DEEPFAKES,val
E:\FaceForencis++\Deepfakes\198_106.mp4,fake,198,DEEPFAKES,test
E:\FaceForencis++\Deepfakes\373_394.mp4,fake,373,DEEPFAKES,train
E:\FaceForencis++\Deepfakes\331_260.mp4,fake,331,DEEPFAKES,test
E:\FaceForencis++\Deepfakes\206_221.mp4,fake,206,DEEPFAKES,train
E:\FaceForencis++\Deepfakes\964_174.mp4,fake,964,DEEPFAKES,train
E:\FaceForencis++\Deepfakes\754_758.mp4,fake,754,DEEPFAKES,train
E:\FaceForencis++\Deepfakes\113_983.mp4,fake,113,DEEPFAKES,test
E:\FaceForencis++\Deepfakes\484_415.mp4,fake,484,DEEPFAKES,train
E:\FaceForencis++\Deepfakes\619_620.mp4,fake,619,DEEPFAKES,test
E:\FaceForencis++\Deepfakes\035_036.mp4,fake,035,DEEPFAKES,train
E:\FaceForencis++\Deepfakes\828_830.mp4,fake,828,DEEPFAKES,val
E:\FaceForencis++\Deepfakes\014_790.mp4,fake,014,DEEPFAKES,val
E:\FaceForencis++\Deepfakes\914_899.mp4,fake,914,DEEPFAKES,train
E:\FaceForencis++\Deepfakes\225_151.mp4,fake,225,DEEPFAKES,test
E:\FaceForencis++\Deepfakes\968_884.mp4,fake,968,DEEPFAKES,test
E:\FaceForencis++\Deepfakes\508_831.mp4,fake,508,DEEPFAKES,test
E:\FaceForencis++\Deepfakes\069_961.mp4,fake,069,DEEPFAKES,train
E:\FaceForencis++\Deepfakes\280_249.mp4,fake,280,DEEPFAKES,test
E:\FaceForencis++\Deepfakes\326_501.mp4,fake,326,DEEPFAKES,train
E:\FaceForencis++\Deepfakes\772_708.mp4,fake,772,DEEPFAKES,train
E:\FaceForencis++\Deepfakes\995_233.mp4,fake,995,DEEPFAKES,val
E:\FaceForencis++\Deepfakes\738_804.mp4,fake,738,DEEPFAKES,val
E:\FaceForencis++\Deepfakes\057_070.mp4,fake,057,DEEPFAKES,train
E:\FaceForencis++\Deepfakes\961_069.mp4,fake,961,DEEPFAKES,train
E:\FaceForencis++\Deepfakes\723_704.mp4,fake,723,DEEPFAKES,train
E:\FaceForencis++\Deepfakes\421_423.mp4,fake,421,DEEPFAKES,train
E:\FaceForencis++\Deepfakes\636_578.mp4,fake,636,DEEPFAKES,train
E:\FaceForencis++\Deepfakes\506_478.mp4,fake,506,DEEPFAKES,train
E:\FaceForencis++\Deepfakes\707_705.mp4,fake,707,DEEPFAKES,train
E:\FaceForencis++\Deepfakes\830_828.mp4,fake,830,DEEPFAKES,val
E:\FaceForencis++\Deepfakes\398_457.mp4,fake,398,DEEPFAKES,train
E:\FaceForencis++\Deepfakes\008_990.mp4,fake,008,DEEPFAKES,test
E:\FaceForencis++\Deepfakes\103_082.mp4,fake,103,DEEPFAKES,train
E:\FaceForencis++\Deepfakes\167_166.mp4,fake,167,DEEPFAKES,train
E:\FaceForencis++\Deepfakes\379_158.mp4,fake,379,DEEPFAKES,test
E:\FaceForencis++\Deepfakes\671_677.mp4,fake,671,DEEPFAKES,train
E:\FaceForencis++\Deepfakes\224_197.mp4,fake,224,DEEPFAKES,test
E:\FaceForencis++\Deepfakes\168_222.mp4,fake,168,DEEPFAKES,train
E:\FaceForencis++\Deepfakes\858_861.mp4,fake,858,DEEPFAKES,train
E:\FaceForencis++\Deepfakes\441_439.mp4,fake,441,DEEPFAKES,test
E:\FaceForencis++\Deepfakes\256_146.mp4,fake,256,DEEPFAKES,train
E:\FaceForencis++\Deepfakes\288_321.mp4,fake,288,DEEPFAKES,train
E:\FaceForencis++\Deepfakes\087_081.mp4,fake,087,DEEPFAKES,train
E:\FaceForencis++\Deepfakes\490_534.mp4,fake,490,DEEPFAKES,test
E:\FaceForencis++\Deepfakes\143_140.mp4,fake,143,DEEPFAKES,val
E:\FaceForencis++\Deepfakes\906_847.mp4,fake,906,DEEPFAKES,train
E:\FaceForencis++\Deepfakes\403_497.mp4,fake,403,DEEPFAKES,train
E:\FaceForencis++\Deepfakes\070_057.mp4,fake,070,DEEPFAKES,train
E:\FaceForencis++\Deepfakes\706_479.mp4,fake,706,DEEPFAKES,train
E:\FaceForencis++\Deepfakes\341_340.mp4,fake,341,DEEPFAKES,train
E:\FaceForencis++\Deepfakes\935_733.mp4,fake,935,DEEPFAKES,val
E:\FaceForencis++\Deepfakes\518_131.mp4,fake,518,DEEPFAKES,test
E:\FaceForencis++\Deepfakes\096_101.mp4,fake,096,DEEPFAKES,test
E:\FaceForencis++\Deepfakes\813_700.mp4,fake,813,DEEPFAKES,val
E:\FaceForencis++\Deepfakes\931_936.mp4,fake,931,DEEPFAKES,train
E:\FaceForencis++\Deepfakes\174_964.mp4,fake,174,DEEPFAKES,train
E:\FaceForencis++\Deepfakes\795_907.mp4,fake,795,DEEPFAKES,train
E:\FaceForencis++\Deepfakes\889_045.mp4,fake,889,DEEPFAKES,test
E:\FaceForencis++\Deepfakes\681_711.mp4,fake,681,DEEPFAKES,val
E:\FaceForencis++\Deepfakes\056_996.mp4,fake,056,DEEPFAKES,train
E:\FaceForencis++\Deepfakes\532_544.mp4,fake,532,DEEPFAKES,train
E:\FaceForencis++\Deepfakes\638_640.mp4,fake,638,DEEPFAKES,train
E:\FaceForencis++\Deepfakes\323_302.mp4,fake,323,DEEPFAKES,train
E:\FaceForencis++\Deepfakes\973_970.mp4,fake,973,DEEPFAKES,train
E:\FaceForencis++\Deepfakes\185_276.mp4,fake,185,DEEPFAKES,val
E:\FaceForencis++\Deepfakes\406_391.mp4,fake,406,DEEPFAKES,val
E:\FaceForencis++\Deepfakes\492_325.mp4,fake,492,DEEPFAKES,train
E:\FaceForencis++\Deepfakes\399_488.mp4,fake,399,DEEPFAKES,train
E:\FaceForencis++\Deepfakes\436_526.mp4,fake,436,DEEPFAKES,train
E:\FaceForencis++\Deepfakes\495_512.mp4,fake,495,DEEPFAKES,val
E:\FaceForencis++\Deepfakes\966_988.mp4,fake,966,DEEPFAKES,train
E:\FaceForencis++\Deepfakes\923_023.mp4,fake,923,DEEPFAKES,train
E:\FaceForencis++\Deepfakes\880_135.mp4,fake,880,DEEPFAKES,train
E:\FaceForencis++\Deepfakes\267_286.mp4,fake,267,DEEPFAKES,train
E:\FaceForencis++\Deepfakes\899_914.mp4,fake,899,DEEPFAKES,train
E:\FaceForencis++\Deepfakes\725_724.mp4,fake,725,DEEPFAKES,train
E:\FaceForencis++\Deepfakes\380_358.mp4,fake,380,DEEPFAKES,train
E:\FaceForencis++\Deepfakes\886_877.mp4,fake,886,DEEPFAKES,train
E:\FaceForencis++\Deepfakes\123_119.mp4,fake,123,DEEPFAKES,train
E:\FaceForencis++\Deepfakes\717_684.mp4,fake,717,DEEPFAKES,val
E:\FaceForencis++\Deepfakes\368_378.mp4,fake,368,DEEPFAKES,test
E:\FaceForencis++\Deepfakes\184_205.mp4,fake,184,DEEPFAKES,val
E:\FaceForencis++\Deepfakes\244_822.mp4,fake,244,DEEPFAKES,train
E:\FaceForencis++\Deepfakes\340_341.mp4,fake,340,DEEPFAKES,train
E:\FaceForencis++\Deepfakes\565_589.mp4,fake,565,DEEPFAKES,train
E:\FaceForencis++\Deepfakes\110_043.mp4,fake,110,DEEPFAKES,train
E:\FaceForencis++\Deepfakes\215_208.mp4,fake,215,DEEPFAKES,train
E:\FaceForencis++\Deepfakes\770_791.mp4,fake,770,DEEPFAKES,test
E:\FaceForencis++\Deepfakes\509_525.mp4,fake,509,DEEPFAKES,train
E:\FaceForencis++\Deepfakes\366_473.mp4,fake,366,DEEPFAKES,train
E:\FaceForencis++\Deepfakes\230_204.mp4,fake,230,DEEPFAKES,train
E:\FaceForencis++\Deepfakes\943_942.mp4,fake,943,DEEPFAKES,train
E:\FaceForencis++\Deepfakes\641_662.mp4,fake,641,DEEPFAKES,val
E:\FaceForencis++\Deepfakes\128_896.mp4,fake,128,DEEPFAKES,val
E:\FaceForencis++\Deepfakes\743_750.mp4,fake,743,DEEPFAKES,test
E:\FaceForencis++\Deepfakes\217_117.mp4,fake,217,DEEPFAKES,test
E:\FaceForencis++\Deepfakes\982_004.mp4,fake,982,DEEPFAKES,train
E:\FaceForencis++\Deepfakes\616_614.mp4,fake,616,DEEPFAKES,train
E:\FaceForencis++\Deepfakes\526_436.mp4,fake,526,DEEPFAKES,train
E:\FaceForencis++\Deepfakes\511_472.mp4,fake,511,DEEPFAKES,train
E:\FaceForencis++\Deepfakes\320_328.mp4,fake,320,DEEPFAKES,train
E:\FaceForencis++\Deepfakes\929_962.mp4,fake,929,DEEPFAKES,train
E:\FaceForencis++\Deepfakes\635_642.mp4,fake,635,DEEPFAKES,train
E:\FaceForencis++\Deepfakes\102_114.mp4,fake,102,DEEPFAKES,val
E:\FaceForencis++\Deepfakes\470_468.mp4,fake,470,DEEPFAKES,val
E:\FaceForencis++\Deepfakes\213_083.mp4,fake,213,DEEPFAKES,train
E:\FaceForencis++\Deepfakes\739_865.mp4,fake,739,DEEPFAKES,train
E:\FaceForencis++\Deepfakes\529_633.mp4,fake,529,DEEPFAKES,train
E:\FaceForencis++\Deepfakes\104_126.mp4,fake,104,DEEPFAKES,train
E:\FaceForencis++\Deepfakes\822_244.mp4,fake,822,DEEPFAKES,test
E:\FaceForencis++\Deepfakes\715_721.mp4,fake,715,DEEPFAKES,train
E:\FaceForencis++\Deepfakes\144_122.mp4,fake,144,DEEPFAKES,train
E:\FaceForencis++\Deepfakes\860_905.mp4,fake,860,DEEPFAKES,train
E:\FaceForencis++\Deepfakes\046_904.mp4,fake,046,DEEPFAKES,train
E:\FaceForencis++\Deepfakes\173_171.mp4,fake,173,DEEPFAKES,train
E:\FaceForencis++\Deepfakes\080_061.mp4,fake,080,DEEPFAKES,train
E:\FaceForencis++\Deepfakes\319_352.mp4,fake,319,DEEPFAKES,train
E:\FaceForencis++\Deepfakes\667_446.mp4,fake,667,DEEPFAKES,train
E:\FaceForencis++\Deepfakes\751_752.mp4,fake,751,DEEPFAKES,val
E:\FaceForencis++\Deepfakes\882_952.mp4,fake,882,DEEPFAKES,test
E:\FaceForencis++\Deepfakes\364_440.mp4,fake,364,DEEPFAKES,train
E:\FaceForencis++\Deepfakes\365_307.mp4,fake,365,DEEPFAKES,train
E:\FaceForencis++\Deepfakes\547_574.mp4,fake,547,DEEPFAKES,train
E:\FaceForencis++\Deepfakes\997_040.mp4,fake,997,DEEPFAKES,val
E:\FaceForencis++\Deepfakes\554_572.mp4,fake,554,DEEPFAKES,train
E:\FaceForencis++\Deepfakes\603_575.mp4,fake,603,DEEPFAKES,train
E:\FaceForencis++\Deepfakes\263_284.mp4,fake,263,DEEPFAKES,train
E:\FaceForencis++\Deepfakes\343_363.mp4,fake,343,DEEPFAKES,train
E:\FaceForencis++\Deepfakes\691_732.mp4,fake,691,DEEPFAKES,train
E:\FaceForencis++\Deepfakes\947_951.mp4,fake,947,DEEPFAKES,test
E:\FaceForencis++\Deepfakes\201_203.mp4,fake,201,DEEPFAKES,val
E:\FaceForencis++\Deepfakes\195_442.mp4,fake,195,DEEPFAKES,train
E:\FaceForencis++\Deepfakes\756_503.mp4,fake,756,DEEPFAKES,train
E:\FaceForencis++\Deepfakes\567_606.mp4,fake,567,DEEPFAKES,test
E:\FaceForencis++\Deepfakes\295_099.mp4,fake,295,DEEPFAKES,val
E:\FaceForencis++\Deepfakes\041_063.mp4,fake,041,DEEPFAKES,train
E:\FaceForencis++\Deepfakes\974_953.mp4,fake,974,DEEPFAKES,train
E:\FaceForencis++\Deepfakes\076_079.mp4,fake,076,DEEPFAKES,test
E:\FaceForencis++\Deepfakes\479_706.mp4,fake,479,DEEPFAKES,train
E:\FaceForencis++\Deepfakes\313_283.mp4,fake,313,DEEPFAKES,val
E:\FaceForencis++\Deepfakes\833_826.mp4,fake,833,DEEPFAKES,train
E:\FaceForencis++\Deepfakes\998_561.mp4,fake,998,DEEPFAKES,train
E:\FaceForencis++\Deepfakes\276_185.mp4,fake,276,DEEPFAKES,val
E:\FaceForencis++\Deepfakes\672_720.mp4,fake,672,DEEPFAKES,train
E:\FaceForencis++\Deepfakes\299_145.mp4,fake,299,DEEPFAKES,train
E:\FaceForencis++\Deepfakes\516_555.mp4,fake,516,DEEPFAKES,train
E:\FaceForencis++\Deepfakes\684_717.mp4,fake,684,DEEPFAKES,val
E:\FaceForencis++\Deepfakes\419_824.mp4,fake,419,DEEPFAKES,test
E:\FaceForencis++\Deepfakes\489_022.mp4,fake,489,DEEPFAKES,train
E:\FaceForencis++\Deepfakes\668_664.mp4,fake,668,DEEPFAKES,val
E:\FaceForencis++\Deepfakes\876_891.mp4,fake,876,DEEPFAKES,train
E:\FaceForencis++\Deepfakes\814_871.mp4,fake,814,DEEPFAKES,train
E:\FaceForencis++\Deepfakes\025_067.mp4,fake,025,DEEPFAKES,test
E:\FaceForencis++\Deepfakes\571_746.mp4,fake,571,DEEPFAKES,train
E:\FaceForencis++\Deepfakes\993_989.mp4,fake,993,DEEPFAKES,train
E:\FaceForencis++\Deepfakes\654_648.mp4,fake,654,DEEPFAKES,train
E:\FaceForencis++\Deepfakes\024_073.mp4,fake,024,DEEPFAKES,train
E:\FaceForencis++\Deepfakes\203_201.mp4,fake,203,DEEPFAKES,train
E:\FaceForencis++\Deepfakes\059_050.mp4,fake,059,DEEPFAKES,train
E:\FaceForencis++\Deepfakes\759_755.mp4,fake,759,DEEPFAKES,train
E:\FaceForencis++\Deepfakes\127_129.mp4,fake,127,DEEPFAKES,train
E:\FaceForencis++\Deepfakes\678_460.mp4,fake,678,DEEPFAKES,train
E:\FaceForencis++\Deepfakes\200_189.mp4,fake,200,DEEPFAKES,train
E:\FaceForencis++\Deepfakes\448_361.mp4,fake,448,DEEPFAKES,test
E:\FaceForencis++\Deepfakes\491_226.mp4,fake,491,DEEPFAKES,train
E:\FaceForencis++\Deepfakes\231_663.mp4,fake,231,DEEPFAKES,train
E:\FaceForencis++\Deepfakes\357_432.mp4,fake,357,DEEPFAKES,train
E:\FaceForencis++\Deepfakes\048_029.mp4,fake,048,DEEPFAKES,train
E:\FaceForencis++\Deepfakes\784_769.mp4,fake,784,DEEPFAKES,train
E:\FaceForencis++\Deepfakes\643_646.mp4,fake,643,DEEPFAKES,train
E:\FaceForencis++\Deepfakes\777_745.mp4,fake,777,DEEPFAKES,train
E:\FaceForencis++\Deepfakes\589_565.mp4,fake,589,DEEPFAKES,train
E:\FaceForencis++\Deepfakes\370_483.mp4,fake,370,DEEPFAKES,train
E:\FaceForencis++\Deepfakes\824_419.mp4,fake,824,DEEPFAKES,train
E:\FaceForencis++\Deepfakes\587_535.mp4,fake,587,DEEPFAKES,train
E:\FaceForencis++\Deepfakes\862_047.mp4,fake,862,DEEPFAKES,train
E:\FaceForencis++\Deepfakes\782_787.mp4,fake,782,DEEPFAKES,train
E:\FaceForencis++\Deepfakes\897_969.mp4,fake,897,DEEPFAKES,train
E:\FaceForencis++\Deepfakes\018_019.mp4,fake,018,DEEPFAKES,train
E:\FaceForencis++\Deepfakes\626_562.mp4,fake,626,DEEPFAKES,test
E:\FaceForencis++\Deepfakes\098_092.mp4,fake,098,DEEPFAKES,train
E:\FaceForencis++\Deepfakes\957_959.mp4,fake,957,DEEPFAKES,train
E:\FaceForencis++\Deepfakes\180_105.mp4,fake,180,DEEPFAKES,val
E:\FaceForencis++\Deepfakes\137_165.mp4,fake,137,DEEPFAKES,train
E:\FaceForencis++\Deepfakes\040_997.mp4,fake,040,DEEPFAKES,val
E:\FaceForencis++\Deepfakes\177_211.mp4,fake,177,DEEPFAKES,train
E:\FaceForencis++\Deepfakes\840_800.mp4,fake,840,DEEPFAKES,val
E:\FaceForencis++\Deepfakes\985_981.mp4,fake,985,DEEPFAKES,test
E:\FaceForencis++\Deepfakes\085_124.mp4,fake,085,DEEPFAKES,train
E:\FaceForencis++\Deepfakes\427_637.mp4,fake,427,DEEPFAKES,train
E:\FaceForencis++\Deepfakes\726_713.mp4,fake,726,DEEPFAKES,train
E:\FaceForencis++\Deepfakes\999_960.mp4,fake,999,DEEPFAKES,train
E:\FaceForencis++\Deepfakes\045_889.mp4,fake,045,DEEPFAKES,train
E:\FaceForencis++\Deepfakes\700_813.mp4,fake,700,DEEPFAKES,train
E:\FaceForencis++\Deepfakes\647_622.mp4,fake,647,DEEPFAKES,train
E:\FaceForencis++\Deepfakes\476_400.mp4,fake,476,DEEPFAKES,train
E:\FaceForencis++\Deepfakes\322_315.mp4,fake,322,DEEPFAKES,train
E:\FaceForencis++\Face2Face\048_029.mp4,fake,048,FACE2FACE,train
E:\FaceForencis++\Face2Face\068_028.mp4,fake,068,FACE2FACE,train
E:\FaceForencis++\Face2Face\773_652.mp4,fake,773,FACE2FACE,train
E:\FaceForencis++\Face2Face\232_248.mp4,fake,232,FACE2FACE,val
E:\FaceForencis++\Face2Face\045_889.mp4,fake,045,FACE2FACE,train
E:\FaceForencis++\Face2Face\238_282.mp4,fake,238,FACE2FACE,train
E:\FaceForencis++\Face2Face\961_069.mp4,fake,961,FACE2FACE,train
E:\FaceForencis++\Face2Face\665_679.mp4,fake,665,FACE2FACE,train
E:\FaceForencis++\Face2Face\889_045.mp4,fake,889,FACE2FACE,test
E:\FaceForencis++\Face2Face\965_948.mp4,fake,965,FACE2FACE,val
E:\FaceForencis++\Face2Face\409_382.mp4,fake,409,FACE2FACE,train
E:\FaceForencis++\Face2Face\802_885.mp4,fake,802,FACE2FACE,test
E:\FaceForencis++\Face2Face\922_898.mp4,fake,922,FACE2FACE,train
E:\FaceForencis++\Face2Face\095_053.mp4,fake,095,FACE2FACE,train
E:\FaceForencis++\Face2Face\937_888.mp4,fake,937,FACE2FACE,train
E:\FaceForencis++\Face2Face\968_884.mp4,fake,968,FACE2FACE,test
E:\FaceForencis++\Face2Face\550_452.mp4,fake,550,FACE2FACE,test
E:\FaceForencis++\Face2Face\709_390.mp4,fake,709,FACE2FACE,val
E:\FaceForencis++\Face2Face\124_085.mp4,fake,124,FACE2FACE,test
E:\FaceForencis++\Face2Face\651_835.mp4,fake,651,FACE2FACE,train
E:\FaceForencis++\Face2Face\806_781.mp4,fake,806,FACE2FACE,train
E:\FaceForencis++\Face2Face\357_432.mp4,fake,357,FACE2FACE,train
E:\FaceForencis++\Face2Face\401_395.mp4,fake,401,FACE2FACE,test
E:\FaceForencis++\Face2Face\868_949.mp4,fake,868,FACE2FACE,train
E:\FaceForencis++\Face2Face\177_211.mp4,fake,177,FACE2FACE,train
E:\FaceForencis++\Face2Face\530_594.mp4,fake,530,FACE2FACE,test
E:\FaceForencis++\Face2Face\360_437.mp4,fake,360,FACE2FACE,train
E:\FaceForencis++\Face2Face\789_753.mp4,fake,789,FACE2FACE,train
E:\FaceForencis++\Face2Face\282_238.mp4,fake,282,FACE2FACE,val
E:\FaceForencis++\Face2Face\156_243.mp4,fake,156,FACE2FACE,train
E:\FaceForencis++\Face2Face\278_306.mp4,fake,278,FACE2FACE,test
E:\FaceForencis++\Face2Face\562_626.mp4,fake,562,FACE2FACE,train
E:\FaceForencis++\Face2Face\498_433.mp4,fake,498,FACE2FACE,val
E:\FaceForencis++\Face2Face\986_994.mp4,fake,986,FACE2FACE,train
E:\FaceForencis++\Face2Face\801_855.mp4,fake,801,FACE2FACE,test
E:\FaceForencis++\Face2Face\978_975.mp4,fake,978,FACE2FACE,train
E:\FaceForencis++\Face2Face\926_900.mp4,fake,926,FACE2FACE,test
E:\FaceForencis++\Face2Face\211_177.mp4,fake,211,FACE2FACE,test
E:\FaceForencis++\Face2Face\041_063.mp4,fake,041,FACE2FACE,train
E:\FaceForencis++\Face2Face\279_298.mp4,fake,279,FACE2FACE,test
E:\FaceForencis++\Face2Face\465_482.mp4,fake,465,FACE2FACE,test
E:\FaceForencis++\Face2Face\935_733.mp4,fake,935,FACE2FACE,val
E:\FaceForencis++\Face2Face\545_553.mp4,fake,545,FACE2FACE,train
E:\FaceForencis++\Face2Face\429_404.mp4,fake,429,FACE2FACE,train
E:\FaceForencis++\Face2Face\319_352.mp4,fake,319,FACE2FACE,train
E:\FaceForencis++\Face2Face\091_116.mp4,fake,091,FACE2FACE,test
E:\FaceForencis++\Face2Face\230_204.mp4,fake,230,FACE2FACE,train
E:\FaceForencis++\Face2Face\290_240.mp4,fake,290,FACE2FACE,train
E:\FaceForencis++\Face2Face\419_824.mp4,fake,419,FACE2FACE,test
E:\FaceForencis++\Face2Face\362_354.mp4,fake,362,FACE2FACE,test
E:\FaceForencis++\Face2Face\558_583.mp4,fake,558,FACE2FACE,train
E:\FaceForencis++\Face2Face\123_119.mp4,fake,123,FACE2FACE,train
E:\FaceForencis++\Face2Face\348_202.mp4,fake,348,FACE2FACE,train
E:\FaceForencis++\Face2Face\286_267.mp4,fake,286,FACE2FACE,train
E:\FaceForencis++\Face2Face\808_829.mp4,fake,808,FACE2FACE,val
E:\FaceForencis++\Face2Face\110_043.mp4,fake,110,FACE2FACE,train
E:\FaceForencis++\Face2Face\724_725.mp4,fake,724,FACE2FACE,test
E:\FaceForencis++\Face2Face\596_609.mp4,fake,596,FACE2FACE,train
E:\FaceForencis++\Face2Face\615_687.mp4,fake,615,FACE2FACE,train
E:\FaceForencis++\Face2Face\448_361.mp4,fake,448,FACE2FACE,test
E:\FaceForencis++\Face2Face\216_164.mp4,fake,216,FACE2FACE,train
E:\FaceForencis++\Face2Face\783_916.mp4,fake,783,FACE2FACE,train
E:\FaceForencis++\Face2Face\487_477.mp4,fake,487,FACE2FACE,train
E:\FaceForencis++\Face2Face\578_636.mp4,fake,578,FACE2FACE,train
E:\FaceForencis++\Face2Face\660_634.mp4,fake,660,FACE2FACE,train
E:\FaceForencis++\Face2Face\412_274.mp4,fake,412,FACE2FACE,train
E:\FaceForencis++\Face2Face\253_183.mp4,fake,253,FACE2FACE,train
E:\FaceForencis++\Face2Face\325_492.mp4,fake,325,FACE2FACE,train
E:\FaceForencis++\Face2Face\395_401.mp4,fake,395,FACE2FACE,train
E:\FaceForencis++\Face2Face\907_795.mp4,fake,907,FACE2FACE,test
E:\FaceForencis++\Face2Face\782_787.mp4,fake,782,FACE2FACE,train
E:\FaceForencis++\Face2Face\533_450.mp4,fake,533,FACE2FACE,train
E:\FaceForencis++\Face2Face\924_917.mp4,fake,924,FACE2FACE,train
E:\FaceForencis++\Face2Face\816_649.mp4,fake,816,FACE2FACE,train
E:\FaceForencis++\Face2Face\111_094.mp4,fake,111,FACE2FACE,train
E:\FaceForencis++\Face2Face\462_467.mp4,fake,462,FACE2FACE,test
E:\FaceForencis++\Face2Face\570_624.mp4,fake,570,FACE2FACE,val
E:\FaceForencis++\Face2Face\780_869.mp4,fake,780,FACE2FACE,train
E:\FaceForencis++\Face2Face\258_246.mp4,fake,258,FACE2FACE,train
E:\FaceForencis++\Face2Face\974_953.mp4,fake,974,FACE2FACE,train
E:\FaceForencis++\Face2Face\061_080.mp4,fake,061,FACE2FACE,train
E:\FaceForencis++\Face2Face\741_731.mp4,fake,741,FACE2FACE,test
E:\FaceForencis++\Face2Face\391_406.mp4,fake,391,FACE2FACE,train
E:\FaceForencis++\Face2Face\324_356.mp4,fake,324,FACE2FACE,train
E:\FaceForencis++\Face2Face\259_345.mp4,fake,259,FACE2FACE,train
E:\FaceForencis++\Face2Face\713_726.mp4,fake,713,FACE2FACE,test
E:\FaceForencis++\Face2Face\563_537.mp4,fake,563,FACE2FACE,train
E:\FaceForencis++\Face2Face\457_398.mp4,fake,457,FACE2FACE,train
E:\FaceForencis++\Face2Face\739_865.mp4,fake,739,FACE2FACE,train
E:\FaceForencis++\Face2Face\205_184.mp4,fake,205,FACE2FACE,train
E:\FaceForencis++\Face2Face\381_376.mp4,fake,381,FACE2FACE,test
E:\FaceForencis++\Face2Face\335_277.mp4,fake,335,FACE2FACE,train
E:\FaceForencis++\Face2Face\062_066.mp4,fake,062,FACE2FACE,train
E:\FaceForencis++\Face2Face\573_757.mp4,fake,573,FACE2FACE,test
E:\FaceForencis++\Face2Face\491_226.mp4,fake,491,FACE2FACE,train
E:\FaceForencis++\Face2Face\017_803.mp4,fake,017,FACE2FACE,val
E:\FaceForencis++\Face2Face\786_819.mp4,fake,786,FACE2FACE,train
E:\FaceForencis++\Face2Face\720_672.mp4,fake,720,FACE2FACE,train
E:\FaceForencis++\Face2Face\967_984.mp4,fake,967,FACE2FACE,train
E:\FaceForencis++\Face2Face\083_213.mp4,fake,083,FACE2FACE,test
E:\FaceForencis++\Face2Face\747_854.mp4,fake,747,FACE2FACE,train
E:\FaceForencis++\Face2Face\168_222.mp4,fake,168,FACE2FACE,train
E:\FaceForencis++\Face2Face\200_189.mp4,fake,200,FACE2FACE,train
E:\FaceForencis++\Face2Face\198_106.mp4,fake,198,FACE2FACE,test
E:\FaceForencis++\Face2Face\519_515.mp4,fake,519,FACE2FACE,train
E:\FaceForencis++\Face2Face\532_544.mp4,fake,532,FACE2FACE,train
E:\FaceForencis++\Face2Face\950_836.mp4,fake,950,FACE2FACE,train
E:\FaceForencis++\Face2Face\905_860.mp4,fake,905,FACE2FACE,train
E:\FaceForencis++\Face2Face\996_056.mp4,fake,996,FACE2FACE,train
E:\FaceForencis++\Face2Face\354_362.mp4,fake,354,FACE2FACE,train
E:\FaceForencis++\Face2Face\958_956.mp4,fake,958,FACE2FACE,train
E:\FaceForencis++\Face2Face\070_057.mp4,fake,070,FACE2FACE,train
E:\FaceForencis++\Face2Face\011_805.mp4,fake,011,FACE2FACE,train
E:\FaceForencis++\Face2Face\150_153.mp4,fake,150,FACE2FACE,train
E:\FaceForencis++\Face2Face\833_826.mp4,fake,833,FACE2FACE,train
E:\FaceForencis++\Face2Face\523_541.mp4,fake,523,FACE2FACE,train
E:\FaceForencis++\Face2Face\366_473.mp4,fake,366,FACE2FACE,train
E:\FaceForencis++\Face2Face\488_399.mp4,fake,488,FACE2FACE,train
E:\FaceForencis++\Face2Face\913_893.mp4,fake,913,FACE2FACE,train
E:\FaceForencis++\Face2Face\524_580.mp4,fake,524,FACE2FACE,train
E:\FaceForencis++\Face2Face\100_077.mp4,fake,100,FACE2FACE,train
E:\FaceForencis++\Face2Face\174_964.mp4,fake,174,FACE2FACE,train
E:\FaceForencis++\Face2Face\634_660.mp4,fake,634,FACE2FACE,train
E:\FaceForencis++\Face2Face\155_576.mp4,fake,155,FACE2FACE,val
E:\FaceForencis++\Face2Face\855_801.mp4,fake,855,FACE2FACE,train
E:\FaceForencis++\Face2Face\013_883.mp4,fake,013,FACE2FACE,train
E:\FaceForencis++\Face2Face\593_577.mp4,fake,593,FACE2FACE,train
E:\FaceForencis++\Face2Face\725_724.mp4,fake,725,FACE2FACE,train
E:\FaceForencis++\Face2Face\692_610.mp4,fake,692,FACE2FACE,train
E:\FaceForencis++\Face2Face\979_875.mp4,fake,979,FACE2FACE,train
E:\FaceForencis++\Face2Face\403_497.mp4,fake,403,FACE2FACE,train
E:\FaceForencis++\Face2Face\845_846.mp4,fake,845,FACE2FACE,train
E:\FaceForencis++\Face2Face\529_633.mp4,fake,529,FACE2FACE,train
E:\FaceForencis++\Face2Face\590_034.mp4,fake,590,FACE2FACE,train
E:\FaceForencis++\Face2Face\682_669.mp4,fake,682,FACE2FACE,train
E:\FaceForencis++\Face2Face\932_384.mp4,fake,932,FACE2FACE,train
E:\FaceForencis++\Face2Face\189_200.mp4,fake,189,FACE2FACE,train
E:\FaceForencis++\Face2Face\052_108.mp4,fake,052,FACE2FACE,train
E:\FaceForencis++\Face2Face\991_064.mp4,fake,991,FACE2FACE,test
E:\FaceForencis++\Face2Face\178_598.mp4,fake,178,FACE2FACE,train
E:\FaceForencis++\Face2Face\363_343.mp4,fake,363,FACE2FACE,train
E:\FaceForencis++\Face2Face\145_299.mp4,fake,145,FACE2FACE,train
E:\FaceForencis++\Face2Face\475_265.mp4,fake,475,FACE2FACE,train
E:\FaceForencis++\Face2Face\853_863.mp4,fake,853,FACE2FACE,train
E:\FaceForencis++\Face2Face\351_346.mp4,fake,351,FACE2FACE,train
E:\FaceForencis++\Face2Face\379_158.mp4,fake,379,FACE2FACE,test
E:\FaceForencis++\Face2Face\292_294.mp4,fake,292,FACE2FACE,train
E:\FaceForencis++\Face2Face\042_084.mp4,fake,042,FACE2FACE,train
E:\FaceForencis++\Face2Face\423_421.mp4,fake,423,FACE2FACE,train
E:\FaceForencis++\Face2Face\466_428.mp4,fake,466,FACE2FACE,val
E:\FaceForencis++\Face2Face\094_111.mp4,fake,094,FACE2FACE,train
E:\FaceForencis++\Face2Face\714_842.mp4,fake,714,FACE2FACE,train
E:\FaceForencis++\Face2Face\274_412.mp4,fake,274,FACE2FACE,train
E:\FaceForencis++\Face2Face\891_876.mp4,fake,891,FACE2FACE,train
E:\FaceForencis++\Face2Face\918_934.mp4,fake,918,FACE2FACE,train
E:\FaceForencis++\Face2Face\647_622.mp4,fake,647,FACE2FACE,train
E:\FaceForencis++\Face2Face\881_856.mp4,fake,881,FACE2FACE,train
E:\FaceForencis++\Face2Face\837_890.mp4,fake,837,FACE2FACE,train
E:\FaceForencis++\Face2Face\161_141.mp4,fake,161,FACE2FACE,train
E:\FaceForencis++\Face2Face\654_648.mp4,fake,654,FACE2FACE,train
E:\FaceForencis++\Face2Face\852_834.mp4,fake,852,FACE2FACE,val
E:\FaceForencis++\Face2Face\591_605.mp4,fake,591,FACE2FACE,train
E:\FaceForencis++\Face2Face\514_443.mp4,fake,514,FACE2FACE,test
E:\FaceForencis++\Face2Face\118_120.mp4,fake,118,FACE2FACE,val
E:\FaceForencis++\Face2Face\700_813.mp4,fake,700,FACE2FACE,train
E:\FaceForencis++\Face2Face\641_662.mp4,fake,641,FACE2FACE,val
E:\FaceForencis++\Face2Face\892_112.mp4,fake,892,FACE2FACE,val
E:\FaceForencis++\Face2Face\469_481.mp4,fake,469,FACE2FACE,train
E:\FaceForencis++\Face2Face\834_852.mp4,fake,834,FACE2FACE,test
E:\FaceForencis++\Face2Face\377_333.mp4,fake,377,FACE2FACE,val
E:\FaceForencis++\Face2Face\019_018.mp4,fake,019,FACE2FACE,train
E:\FaceForencis++\Face2Face\858_861.mp4,fake,858,FACE2FACE,train
E:\FaceForencis++\Face2Face\406_391.mp4,fake,406,FACE2FACE,val
E:\FaceForencis++\Face2Face\635_642.mp4,fake,635,FACE2FACE,train
E:\FaceForencis++\Face2Face\175_159.mp4,fake,175,FACE2FACE,test
E:\FaceForencis++\Face2Face\486_680.mp4,fake,486,FACE2FACE,train
E:\FaceForencis++\Face2Face\734_699.mp4,fake,734,FACE2FACE,train
E:\FaceForencis++\Face2Face\224_197.mp4,fake,224,FACE2FACE,test
E:\FaceForencis++\Face2Face\113_983.mp4,fake,113,FACE2FACE,test
E:\FaceForencis++\Face2Face\358_380.mp4,fake,358,FACE2FACE,train
E:\FaceForencis++\Face2Face\677_671.mp4,fake,677,FACE2FACE,train
E:\FaceForencis++\Face2Face\502_504.mp4,fake,502,FACE2FACE,train
E:\FaceForencis++\Face2Face\467_462.mp4,fake,467,FACE2FACE,val
E:\FaceForencis++\Face2Face\082_103.mp4,fake,082,FACE2FACE,val
E:\FaceForencis++\Face2Face\234_187.mp4,fake,234,FACE2FACE,train
E:\FaceForencis++\Face2Face\804_738.mp4,fake,804,FACE2FACE,train
E:\FaceForencis++\Face2Face\813_700.mp4,fake,813,FACE2FACE,val
E:\FaceForencis++\Face2Face\944_032.mp4,fake,944,FACE2FACE,train
E:\FaceForencis++\Face2Face\283_313.mp4,fake,283,FACE2FACE,train
E:\FaceForencis++\Face2Face\671_677.mp4,fake,671,FACE2FACE,train
E:\FaceForencis++\Face2Face\771_849.mp4,fake,771,FACE2FACE,train
E:\FaceForencis++\Face2Face\886_877.mp4,fake,886,FACE2FACE,train
E:\FaceForencis++\Face2Face\287_426.mp4,fake,287,FACE2FACE,train
E:\FaceForencis++\Face2Face\624_570.mp4,fake,624,FACE2FACE,val
E:\FaceForencis++\Face2Face\787_782.mp4,fake,787,FACE2FACE,train
E:\FaceForencis++\Face2Face\809_799.mp4,fake,809,FACE2FACE,train
E:\FaceForencis++\Face2Face\549_531.mp4,fake,549,FACE2FACE,train
E:\FaceForencis++\Face2Face\080_061.mp4,fake,080,FACE2FACE,train
E:\FaceForencis++\Face2Face\592_500.mp4,fake,592,FACE2FACE,test
E:\FaceForencis++\Face2Face\639_841.mp4,fake,639,FACE2FACE,train
E:\FaceForencis++\Face2Face\386_154.mp4,fake,386,FACE2FACE,test
E:\FaceForencis++\Face2Face\344_020.mp4,fake,344,FACE2FACE,train
E:\FaceForencis++\Face2Face\875_979.mp4,fake,875,FACE2FACE,train
E:\FaceForencis++\Face2Face\306_278.mp4,fake,306,FACE2FACE,train
E:\FaceForencis++\Face2Face\693_698.mp4,fake,693,FACE2FACE,test
E:\FaceForencis++\Face2Face\120_118.mp4,fake,120,FACE2FACE,train
E:\FaceForencis++\Face2Face\770_791.mp4,fake,770,FACE2FACE,test
E:\FaceForencis++\Face2Face\043_110.mp4,fake,043,FACE2FACE,test
E:\FaceForencis++\Face2Face\799_809.mp4,fake,799,FACE2FACE,train
E:\FaceForencis++\Face2Face\684_717.mp4,fake,684,FACE2FACE,val
E:\FaceForencis++\Face2Face\148_133.mp4,fake,148,FACE2FACE,train
E:\FaceForencis++\Face2Face\865_739.mp4,fake,865,FACE2FACE,train
E:\FaceForencis++\Face2Face\795_907.mp4,fake,795,FACE2FACE,train
E:\FaceForencis++\Face2Face\115_939.mp4,fake,115,FACE2FACE,val
E:\FaceForencis++\Face2Face\733_935.mp4,fake,733,FACE2FACE,train
E:\FaceForencis++\Face2Face\121_093.mp4,fake,121,FACE2FACE,train
E:\FaceForencis++\Face2Face\870_001.mp4,fake,870,FACE2FACE,train
E:\FaceForencis++\Face2Face\372_413.mp4,fake,372,FACE2FACE,test
E:\FaceForencis++\Face2Face\470_468.mp4,fake,470,FACE2FACE,val
E:\FaceForencis++\Face2Face\302_323.mp4,fake,302,FACE2FACE,val
E:\FaceForencis++\Face2Face\117_217.mp4,fake,117,FACE2FACE,val
E:\FaceForencis++\Face2Face\501_326.mp4,fake,501,FACE2FACE,test
E:\FaceForencis++\Face2Face\541_523.mp4,fake,541,FACE2FACE,train
E:\FaceForencis++\Face2Face\039_058.mp4,fake,039,FACE2FACE,train
E:\FaceForencis++\Face2Face\819_786.mp4,fake,819,FACE2FACE,test
E:\FaceForencis++\Face2Face\005_010.mp4,fake,005,FACE2FACE,train
E:\FaceForencis++\Face2Face\930_763.mp4,fake,930,FACE2FACE,train
E:\FaceForencis++\Face2Face\939_115.mp4,fake,939,FACE2FACE,train
E:\FaceForencis++\Face2Face\946_049.mp4,fake,946,FACE2FACE,train
E:\FaceForencis++\Face2Face\333_377.mp4,fake,333,FACE2FACE,train
E:\FaceForencis++\Face2Face\598_178.mp4,fake,598,FACE2FACE,val
E:\FaceForencis++\Face2Face\630_623.mp4,fake,630,FACE2FACE,test
E:\FaceForencis++\Face2Face\526_436.mp4,fake,526,FACE2FACE,train
E:\FaceForencis++\Face2Face\087_081.mp4,fake,087,FACE2FACE,train
E:\FaceForencis++\Face2Face\659_749.mp4,fake,659,FACE2FACE,train
E:\FaceForencis++\Face2Face\949_868.mp4,fake,949,FACE2FACE,val
E:\FaceForencis++\Face2Face\872_873.mp4,fake,872,FACE2FACE,val
E:\FaceForencis++\Face2Face\316_369.mp4,fake,316,FACE2FACE,train
E:\FaceForencis++\Face2Face\888_937.mp4,fake,888,FACE2FACE,val
E:\FaceForencis++\Face2Face\037_072.mp4,fake,037,FACE2FACE,test
E:\FaceForencis++\Face2Face\369_316.mp4,fake,369,FACE2FACE,train
E:\FaceForencis++\Face2Face\517_521.mp4,fake,517,FACE2FACE,train
E:\FaceForencis++\Face2Face\685_613.mp4,fake,685,FACE2FACE,train
E:\FaceForencis++\Face2Face\542_520.mp4,fake,542,FACE2FACE,test
E:\FaceForencis++\Face2Face\744_674.mp4,fake,744,FACE2FACE,train
E:\FaceForencis++\Face2Face\754_758.mp4,fake,754,FACE2FACE,train
E:\FaceForencis++\Face2Face\254_261.mp4,fake,254,FACE2FACE,train
E:\FaceForencis++\Face2Face\468_470.mp4,fake,468,FACE2FACE,train
E:\FaceForencis++\Face2Face\505_600.mp4,fake,505,FACE2FACE,train
E:\FaceForencis++\Face2Face\766_761.mp4,fake,766,FACE2FACE,val
E:\FaceForencis++\Face2Face\236_237.mp4,fake,236,FACE2FACE,train
E:\FaceForencis++\Face2Face\521_517.mp4,fake,521,FACE2FACE,train
E:\FaceForencis++\Face2Face\207_908.mp4,fake,207,FACE2FACE,train
E:\FaceForencis++\Face2Face\356_324.mp4,fake,356,FACE2FACE,test
E:\FaceForencis++\Face2Face\755_759.mp4,fake,755,FACE2FACE,train
E:\FaceForencis++\Face2Face\817_827.mp4,fake,817,FACE2FACE,val
E:\FaceForencis++\Face2Face\044_945.mp4,fake,044,FACE2FACE,test
E:\FaceForencis++\Face2Face\109_107.mp4,fake,109,FACE2FACE,train
E:\FaceForencis++\Face2Face\093_121.mp4,fake,093,FACE2FACE,test
E:\FaceForencis++\Face2Face\531_549.mp4,fake,531,FACE2FACE,test
E:\FaceForencis++\Face2Face\196_310.mp4,fake,196,FACE2FACE,train
E:\FaceForencis++\Face2Face\876_891.mp4,fake,876,FACE2FACE,train
E:\FaceForencis++\Face2Face\098_092.mp4,fake,098,FACE2FACE,train
E:\FaceForencis++\Face2Face\610_692.mp4,fake,610,FACE2FACE,train
E:\FaceForencis++\Face2Face\633_529.mp4,fake,633,FACE2FACE,train
E:\FaceForencis++\Face2Face\371_367.mp4,fake,371,FACE2FACE,train
E:\FaceForencis++\Face2Face\803_017.mp4,fake,803,FACE2FACE,train
E:\FaceForencis++\Face2Face\947_951.mp4,fake,947,FACE2FACE,test
E:\FaceForencis++\Face2Face\246_258.mp4,fake,246,FACE2FACE,train
E:\FaceForencis++\Face2Face\281_474.mp4,fake,281,FACE2FACE,train
E:\FaceForencis++\Face2Face\614_616.mp4,fake,614,FACE2FACE,train
E:\FaceForencis++\Face2Face\084_042.mp4,fake,084,FACE2FACE,test
E:\FaceForencis++\Face2Face\694_767.mp4,fake,694,FACE2FACE,train
E:\FaceForencis++\Face2Face\192_134.mp4,fake,192,FACE2FACE,val
E:\FaceForencis++\Face2Face\184_205.mp4,fake,184,FACE2FACE,val
E:\FaceForencis++\Face2Face\399_488.mp4,fake,399,FACE2FACE,train
E:\FaceForencis++\Face2Face\885_802.mp4,fake,885,FACE2FACE,train
E:\FaceForencis++\Face2Face\927_912.mp4,fake,927,FACE2FACE,train
E:\FaceForencis++\Face2Face\112_892.mp4,fake,112,FACE2FACE,train
E:\FaceForencis++\Face2Face\425_485.mp4,fake,425,FACE2FACE,test
E:\FaceForencis++\Face2Face\792_903.mp4,fake,792,FACE2FACE,train
E:\FaceForencis++\Face2Face\823_584.mp4,fake,823,FACE2FACE,val
E:\FaceForencis++\Face2Face\669_682.mp4,fake,669,FACE2FACE,train
E:\FaceForencis++\Face2Face\791_770.mp4,fake,791,FACE2FACE,val
E:\FaceForencis++\Face2Face\608_675.mp4,fake,608,FACE2FACE,test
E:\FaceForencis++\Face2Face\202_348.mp4,fake,202,FACE2FACE,train
E:\FaceForencis++\Face2Face\341_340.mp4,fake,341,FACE2FACE,train
E:\FaceForencis++\Face2Face\662_641.mp4,fake,662,FACE2FACE,train
E:\FaceForencis++\Face2Face\778_798.mp4,fake,778,FACE2FACE,test
E:\FaceForencis++\Face2Face\666_656.mp4,fake,666,FACE2FACE,test
E:\FaceForencis++\Face2Face\256_146.mp4,fake,256,FACE2FACE,train
E:\FaceForencis++\Face2Face\001_870.mp4,fake,001,FACE2FACE,train
E:\FaceForencis++\Face2Face\443_514.mp4,fake,443,FACE2FACE,test
E:\FaceForencis++\Face2Face\900_926.mp4,fake,900,FACE2FACE,train
E:\FaceForencis++\Face2Face\679_665.mp4,fake,679,FACE2FACE,val
E:\FaceForencis++\Face2Face\815_730.mp4,fake,815,FACE2FACE,train
E:\FaceForencis++\Face2Face\768_793.mp4,fake,768,FACE2FACE,train
E:\FaceForencis++\Face2Face\971_564.mp4,fake,971,FACE2FACE,train
E:\FaceForencis++\Face2Face\910_911.mp4,fake,910,FACE2FACE,train
E:\FaceForencis++\Face2Face\797_844.mp4,fake,797,FACE2FACE,val
E:\FaceForencis++\Face2Face\746_571.mp4,fake,746,FACE2FACE,train
E:\FaceForencis++\Face2Face\187_234.mp4,fake,187,FACE2FACE,val
E:\FaceForencis++\Face2Face\701_579.mp4,fake,701,FACE2FACE,train
E:\FaceForencis++\Face2Face\308_388.mp4,fake,308,FACE2FACE,train
E:\FaceForencis++\Face2Face\999_960.mp4,fake,999,FACE2FACE,train
E:\FaceForencis++\Face2Face\272_396.mp4,fake,272,FACE2FACE,test
E:\FaceForencis++\Face2Face\840_800.mp4,fake,840,FACE2FACE,val
E:\FaceForencis++\Face2Face\954_976.mp4,fake,954,FACE2FACE,val
E:\FaceForencis++\Face2Face\953_974.mp4,fake,953,FACE2FACE,train
E:\FaceForencis++\Face2Face\225_151.mp4,fake,225,FACE2FACE,test
E:\FaceForencis++\Face2Face\620_619.mp4,fake,620,FACE2FACE,train
E:\FaceForencis++\Face2Face\049_946.mp4,fake,049,FACE2FACE,train
E:\FaceForencis++\Face2Face\116_091.mp4,fake,116,FACE2FACE,train
E:\FaceForencis++\Face2Face\020_344.mp4,fake,020,FACE2FACE,train
E:\FaceForencis++\Face2Face\673_728.mp4,fake,673,FACE2FACE,train
E:\FaceForencis++\Face2Face\159_175.mp4,fake,159,FACE2FACE,val
E:\FaceForencis++\Face2Face\097_033.mp4,fake,097,FACE2FACE,train
E:\FaceForencis++\Face2Face\239_218.mp4,fake,239,FACE2FACE,test
E:\FaceForencis++\Face2Face\476_400.mp4,fake,476,FACE2FACE,train
E:\FaceForencis++\Face2Face\839_864.mp4,fake,839,FACE2FACE,train
E:\FaceForencis++\Face2Face\143_140.mp4,fake,143,FACE2FACE,val
E:\FaceForencis++\Face2Face\482_465.mp4,fake,482,FACE2FACE,train
E:\FaceForencis++\Face2Face\595_597.mp4,fake,595,FACE2FACE,train
E:\FaceForencis++\Face2Face\511_472.mp4,fake,511,FACE2FACE,train
E:\FaceForencis++\Face2Face\822_244.mp4,fake,822,FACE2FACE,test
E:\FaceForencis++\Face2Face\477_487.mp4,fake,477,FACE2FACE,val
E:\FaceForencis++\Face2Face\359_317.mp4,fake,359,FACE2FACE,train
E:\FaceForencis++\Face2Face\046_904.mp4,fake,046,FACE2FACE,train
E:\FaceForencis++\Face2Face\435_456.mp4,fake,435,FACE2FACE,train
E:\FaceForencis++\Face2Face\784_769.mp4,fake,784,FACE2FACE,train
E:\FaceForencis++\Face2Face\075_977.mp4,fake,075,FACE2FACE,train
E:\FaceForencis++\Face2Face\367_371.mp4,fake,367,FACE2FACE,train
E:\FaceForencis++\Face2Face\345_259.mp4,fake,345,FACE2FACE,train
E:\FaceForencis++\Face2Face\315_322.mp4,fake,315,FACE2FACE,train
E:\FaceForencis++\Face2Face\871_814.mp4,fake,871,FACE2FACE,train
E:\FaceForencis++\Face2Face\779_794.mp4,fake,779,FACE2FACE,train
E:\FaceForencis++\Face2Face\847_906.mp4,fake,847,FACE2FACE,val
E:\FaceForencis++\Face2Face\901_902.mp4,fake,901,FACE2FACE,train
E:\FaceForencis++\Face2Face\794_779.mp4,fake,794,FACE2FACE,train
E:\FaceForencis++\Face2Face\902_901.mp4,fake,902,FACE2FACE,test
E:\FaceForencis++\Face2Face\280_249.mp4,fake,280,FACE2FACE,test
E:\FaceForencis++\Face2Face\759_755.mp4,fake,759,FACE2FACE,train
E:\FaceForencis++\Face2Face\299_145.mp4,fake,299,FACE2FACE,train
E:\FaceForencis++\Face2Face\481_469.mp4,fake,481,FACE2FACE,train
E:\FaceForencis++\Face2Face\758_754.mp4,fake,758,FACE2FACE,val
E:\FaceForencis++\Face2Face\128_896.mp4,fake,128,FACE2FACE,val
E:\FaceForencis++\Face2Face\352_319.mp4,fake,352,FACE2FACE,test
E:\FaceForencis++\Face2Face\894_848.mp4,fake,894,FACE2FACE,train
E:\FaceForencis++\Face2Face\473_366.mp4,fake,473,FACE2FACE,test
E:\FaceForencis++\Face2Face\911_910.mp4,fake,911,FACE2FACE,train
E:\FaceForencis++\FaceShifter\337_522.mp4,fake,337,FACESHIFTER,train
E:\FaceForencis++\FaceShifter\916_783.mp4,fake,916,FACESHIFTER,train
E:\FaceForencis++\FaceShifter\531_549.mp4,fake,531,FACESHIFTER,test
E:\FaceForencis++\FaceShifter\310_196.mp4,fake,310,FACESHIFTER,train
E:\FaceForencis++\FaceShifter\432_357.mp4,fake,432,FACESHIFTER,test
E:\FaceForencis++\FaceShifter\549_531.mp4,fake,549,FACESHIFTER,train
E:\FaceForencis++\FaceShifter\291_874.mp4,fake,291,FACESHIFTER,train
E:\FaceForencis++\FaceShifter\577_593.mp4,fake,577,FACESHIFTER,train
E:\FaceForencis++\FaceShifter\731_741.mp4,fake,731,FACESHIFTER,test
E:\FaceForencis++\FaceShifter\737_719.mp4,fake,737,FACESHIFTER,test
E:\FaceForencis++\FaceShifter\686_696.mp4,fake,686,FACESHIFTER,train
E:\FaceForencis++\FaceShifter\826_833.mp4,fake,826,FACESHIFTER,test
E:\FaceForencis++\FaceShifter\486_680.mp4,fake,486,FACESHIFTER,train
E:\FaceForencis++\FaceShifter\995_233.mp4,fake,995,FACESHIFTER,val
E:\FaceForencis++\FaceShifter\630_623.mp4,fake,630,FACESHIFTER,test
E:\FaceForencis++\FaceShifter\762_832.mp4,fake,762,FACESHIFTER,test
E:\FaceForencis++\FaceShifter\301_262.mp4,fake,301,FACESHIFTER,train
E:\FaceForencis++\FaceShifter\830_828.mp4,fake,830,FACESHIFTER,val
E:\FaceForencis++\FaceShifter\587_535.mp4,fake,587,FACESHIFTER,train
E:\FaceForencis++\FaceShifter\230_204.mp4,fake,230,FACESHIFTER,train
E:\FaceForencis++\FaceShifter\981_985.mp4,fake,981,FACESHIFTER,train
E:\FaceForencis++\FaceShifter\939_115.mp4,fake,939,FACESHIFTER,train
E:\FaceForencis++\FaceShifter\175_159.mp4,fake,175,FACESHIFTER,test
E:\FaceForencis++\FaceShifter\134_192.mp4,fake,134,FACESHIFTER,train
E:\FaceForencis++\FaceShifter\475_265.mp4,fake,475,FACESHIFTER,train
E:\FaceForencis++\FaceShifter\748_355.mp4,fake,748,FACESHIFTER,train
E:\FaceForencis++\FaceShifter\176_190.mp4,fake,176,FACESHIFTER,train
E:\FaceForencis++\FaceShifter\621_546.mp4,fake,621,FACESHIFTER,train
E:\FaceForencis++\FaceShifter\872_873.mp4,fake,872,FACESHIFTER,val
E:\FaceForencis++\FaceShifter\276_185.mp4,fake,276,FACESHIFTER,val
E:\FaceForencis++\FaceShifter\405_393.mp4,fake,405,FACESHIFTER,val
E:\FaceForencis++\FaceShifter\951_947.mp4,fake,951,FACESHIFTER,train
E:\FaceForencis++\FaceShifter\044_945.mp4,fake,044,FACESHIFTER,test
E:\FaceForencis++\FaceShifter\370_483.mp4,fake,370,FACESHIFTER,train
E:\FaceForencis++\FaceShifter\747_854.mp4,fake,747,FACESHIFTER,train
E:\FaceForencis++\FaceShifter\466_428.mp4,fake,466,FACESHIFTER,val
E:\FaceForencis++\FaceShifter\177_211.mp4,fake,177,FACESHIFTER,train
E:\FaceForencis++\FaceShifter\667_446.mp4,fake,667,FACESHIFTER,train
E:\FaceForencis++\FaceShifter\770_791.mp4,fake,770,FACESHIFTER,test
E:\FaceForencis++\FaceShifter\346_351.mp4,fake,346,FACESHIFTER,val
E:\FaceForencis++\FaceShifter\120_118.mp4,fake,120,FACESHIFTER,train
E:\FaceForencis++\FaceShifter\784_769.mp4,fake,784,FACESHIFTER,train
E:\FaceForencis++\FaceShifter\993_989.mp4,fake,993,FACESHIFTER,train
E:\FaceForencis++\FaceShifter\666_656.mp4,fake,666,FACESHIFTER,test
E:\FaceForencis++\FaceShifter\383_353.mp4,fake,383,FACESHIFTER,train
E:\FaceForencis++\FaceShifter\853_863.mp4,fake,853,FACESHIFTER,train
E:\FaceForencis++\FaceShifter\542_520.mp4,fake,542,FACESHIFTER,test
E:\FaceForencis++\FaceShifter\316_369.mp4,fake,316,FACESHIFTER,train
E:\FaceForencis++\FaceShifter\267_286.mp4,fake,267,FACESHIFTER,train
E:\FaceForencis++\FaceShifter\702_612.mp4,fake,702,FACESHIFTER,train
E:\FaceForencis++\FaceShifter\453_402.mp4,fake,453,FACESHIFTER,train
E:\FaceForencis++\FaceShifter\156_243.mp4,fake,156,FACESHIFTER,train
E:\FaceForencis++\FaceShifter\773_652.mp4,fake,773,FACESHIFTER,train
E:\FaceForencis++\FaceShifter\399_488.mp4,fake,399,FACESHIFTER,train
E:\FaceForencis++\FaceShifter\803_017.mp4,fake,803,FACESHIFTER,train
E:\FaceForencis++\FaceShifter\487_477.mp4,fake,487,FACESHIFTER,train
E:\FaceForencis++\FaceShifter\354_362.mp4,fake,354,FACESHIFTER,train
E:\FaceForencis++\FaceShifter\943_942.mp4,fake,943,FACESHIFTER,train
E:\FaceForencis++\FaceShifter\673_728.mp4,fake,673,FACESHIFTER,train
E:\FaceForencis++\FaceShifter\511_472.mp4,fake,511,FACESHIFTER,train
E:\FaceForencis++\FaceShifter\349_350.mp4,fake,349,FACESHIFTER,val
E:\FaceForencis++\FaceShifter\238_282.mp4,fake,238,FACESHIFTER,train
E:\FaceForencis++\FaceShifter\093_121.mp4,fake,093,FACESHIFTER,test
E:\FaceForencis++\FaceShifter\122_144.mp4,fake,122,FACESHIFTER,test
E:\FaceForencis++\FaceShifter\133_148.mp4,fake,133,FACESHIFTER,train
E:\FaceForencis++\FaceShifter\462_467.mp4,fake,462,FACESHIFTER,test
E:\FaceForencis++\FaceShifter\771_849.mp4,fake,771,FACESHIFTER,train
E:\FaceForencis++\FaceShifter\017_803.mp4,fake,017,FACESHIFTER,val
E:\FaceForencis++\FaceShifter\867_765.mp4,fake,867,FACESHIFTER,train
E:\FaceForencis++\FaceShifter\396_272.mp4,fake,396,FACESHIFTER,train
E:\FaceForencis++\FaceShifter\662_641.mp4,fake,662,FACESHIFTER,train
E:\FaceForencis++\FaceShifter\166_167.mp4,fake,166,FACESHIFTER,val
E:\FaceForencis++\FaceShifter\517_521.mp4,fake,517,FACESHIFTER,train
E:\FaceForencis++\FaceShifter\271_264.mp4,fake,271,FACESHIFTER,test
E:\FaceForencis++\FaceShifter\640_638.mp4,fake,640,FACESHIFTER,train
E:\FaceForencis++\FaceShifter\010_005.mp4,fake,010,FACESHIFTER,test
E:\FaceForencis++\FaceShifter\584_823.mp4,fake,584,FACESHIFTER,test
E:\FaceForencis++\FaceShifter\227_169.mp4,fake,227,FACESHIFTER,train
E:\FaceForencis++\FaceShifter\447_431.mp4,fake,447,FACESHIFTER,train
E:\FaceForencis++\FaceShifter\091_116.mp4,fake,091,FACESHIFTER,test
E:\FaceForencis++\FaceShifter\083_213.mp4,fake,083,FACESHIFTER,test
E:\FaceForencis++\FaceShifter\814_871.mp4,fake,814,FACESHIFTER,train
E:\FaceForencis++\FaceShifter\636_578.mp4,fake,636,FACESHIFTER,train
E:\FaceForencis++\FaceShifter\209_016.mp4,fake,209,FACESHIFTER,train
E:\FaceForencis++\FaceShifter\132_007.mp4,fake,132,FACESHIFTER,test
E:\FaceForencis++\FaceShifter\592_500.mp4,fake,592,FACESHIFTER,test
E:\FaceForencis++\FaceShifter\455_471.mp4,fake,455,FACESHIFTER,train
E:\FaceForencis++\FaceShifter\676_776.mp4,fake,676,FACESHIFTER,val
E:\FaceForencis++\FaceShifter\777_745.mp4,fake,777,FACESHIFTER,train
E:\FaceForencis++\FaceShifter\809_799.mp4,fake,809,FACESHIFTER,train
E:\FaceForencis++\FaceShifter\791_770.mp4,fake,791,FACESHIFTER,val
E:\FaceForencis++\FaceShifter\952_882.mp4,fake,952,FACESHIFTER,test
E:\FaceForencis++\FaceShifter\701_579.mp4,fake,701,FACESHIFTER,train
E:\FaceForencis++\FaceShifter\472_511.mp4,fake,472,FACESHIFTER,train
E:\FaceForencis++\FaceShifter\255_214.mp4,fake,255,FACESHIFTER,val
E:\FaceForencis++\FaceShifter\469_481.mp4,fake,469,FACESHIFTER,train
E:\FaceForencis++\FaceShifter\471_455.mp4,fake,471,FACESHIFTER,test
E:\FaceForencis++\FaceShifter\944_032.mp4,fake,944,FACESHIFTER,train
E:\FaceForencis++\FaceShifter\495_512.mp4,fake,495,FACESHIFTER,val
E:\FaceForencis++\FaceShifter\564_971.mp4,fake,564,FACESHIFTER,train
E:\FaceForencis++\FaceShifter\890_837.mp4,fake,890,FACESHIFTER,test
E:\FaceForencis++\FaceShifter\278_306.mp4,fake,278,FACESHIFTER,test
E:\FaceForencis++\FaceShifter\706_479.mp4,fake,706,FACESHIFTER,train
E:\FaceForencis++\FaceShifter\231_663.mp4,fake,231,FACESHIFTER,train
E:\FaceForencis++\FaceShifter\315_322.mp4,fake,315,FACESHIFTER,train
E:\FaceForencis++\FaceShifter\519_515.mp4,fake,519,FACESHIFTER,train
E:\FaceForencis++\FaceShifter\368_378.mp4,fake,368,FACESHIFTER,test
E:\FaceForencis++\FaceShifter\005_010.mp4,fake,005,FACESHIFTER,train
E:\FaceForencis++\FaceShifter\458_722.mp4,fake,458,FACESHIFTER,train
E:\FaceForencis++\FaceShifter\942_943.mp4,fake,942,FACESHIFTER,train
E:\FaceForencis++\FaceShifter\848_894.mp4,fake,848,FACESHIFTER,test
E:\FaceForencis++\FaceShifter\917_924.mp4,fake,917,FACESHIFTER,val
E:\FaceForencis++\FaceShifter\400_476.mp4,fake,400,FACESHIFTER,train
E:\FaceForencis++\FaceShifter\159_175.mp4,fake,159,FACESHIFTER,val
E:\FaceForencis++\FaceShifter\751_752.mp4,fake,751,FACESHIFTER,val
E:\FaceForencis++\FaceShifter\682_669.mp4,fake,682,FACESHIFTER,train
E:\FaceForencis++\FaceShifter\389_480.mp4,fake,389,FACESHIFTER,val
E:\FaceForencis++\FaceShifter\450_533.mp4,fake,450,FACESHIFTER,train
E:\FaceForencis++\FaceShifter\919_015.mp4,fake,919,FACESHIFTER,test
E:\FaceForencis++\FaceShifter\359_317.mp4,fake,359,FACESHIFTER,train
E:\FaceForencis++\FaceShifter\635_642.mp4,fake,635,FACESHIFTER,train
E:\FaceForencis++\FaceShifter\244_822.mp4,fake,244,FACESHIFTER,train
E:\FaceForencis++\FaceShifter\188_191.mp4,fake,188,FACESHIFTER,train
E:\FaceForencis++\FaceShifter\494_445.mp4,fake,494,FACESHIFTER,train
E:\FaceForencis++\FaceShifter\004_982.mp4,fake,004,FACESHIFTER,train
E:\FaceForencis++\FaceShifter\459_430.mp4,fake,459,FACESHIFTER,train
E:\FaceForencis++\FaceShifter\842_714.mp4,fake,842,FACESHIFTER,val
E:\FaceForencis++\FaceShifter\323_302.mp4,fake,323,FACESHIFTER,train
E:\FaceForencis++\FaceShifter\569_921.mp4,fake,569,FACESHIFTER,val
E:\FaceForencis++\FaceShifter\544_532.mp4,fake,544,FACESHIFTER,test
E:\FaceForencis++\FaceShifter\483_370.mp4,fake,483,FACESHIFTER,train
E:\FaceForencis++\FaceShifter\021_312.mp4,fake,021,FACESHIFTER,train
E:\FaceForencis++\FaceShifter\847_906.mp4,fake,847,FACESHIFTER,val
E:\FaceForencis++\FaceShifter\235_194.mp4,fake,235,FACESHIFTER,train
E:\FaceForencis++\FaceShifter\774_735.mp4,fake,774,FACESHIFTER,train
E:\FaceForencis++\FaceShifter\286_267.mp4,fake,286,FACESHIFTER,train
E:\FaceForencis++\FaceShifter\473_366.mp4,fake,473,FACESHIFTER,test
E:\FaceForencis++\FaceShifter\938_987.mp4,fake,938,FACESHIFTER,val
E:\FaceForencis++\FaceShifter\697_581.mp4,fake,697,FACESHIFTER,test
E:\FaceForencis++\FaceShifter\690_689.mp4,fake,690,FACESHIFTER,train
E:\FaceForencis++\FaceShifter\837_890.mp4,fake,837,FACESHIFTER,train
E:\FaceForencis++\FaceShifter\996_056.mp4,fake,996,FACESHIFTER,train
E:\FaceForencis++\FaceShifter\111_094.mp4,fake,111,FACESHIFTER,train
E:\FaceForencis++\FaceShifter\018_019.mp4,fake,018,FACESHIFTER,train
E:\FaceForencis++\FaceShifter\891_876.mp4,fake,891,FACESHIFTER,train
E:\FaceForencis++\FaceShifter\195_442.mp4,fake,195,FACESHIFTER,train
E:\FaceForencis++\FaceShifter\638_640.mp4,fake,638,FACESHIFTER,train
E:\FaceForencis++\FaceShifter\896_128.mp4,fake,896,FACESHIFTER,train
E:\FaceForencis++\FaceShifter\679_665.mp4,fake,679,FACESHIFTER,val
E:\FaceForencis++\FaceShifter\446_667.mp4,fake,446,FACESHIFTER,train
E:\FaceForencis++\FaceShifter\500_592.mp4,fake,500,FACESHIFTER,train
E:\FaceForencis++\FaceShifter\947_951.mp4,fake,947,FACESHIFTER,test
E:\FaceForencis++\FaceShifter\362_354.mp4,fake,362,FACESHIFTER,test
E:\FaceForencis++\FaceShifter\874_291.mp4,fake,874,FACESHIFTER,test
E:\FaceForencis++\FaceShifter\229_247.mp4,fake,229,FACESHIFTER,val
E:\FaceForencis++\FaceShifter\713_726.mp4,fake,713,FACESHIFTER,test
E:\FaceForencis++\FaceShifter\464_463.mp4,fake,464,FACESHIFTER,train
E:\FaceForencis++\FaceShifter\824_419.mp4,fake,824,FACESHIFTER,train
E:\FaceForencis++\FaceShifter\185_276.mp4,fake,185,FACESHIFTER,val
E:\FaceForencis++\FaceShifter\160_928.mp4,fake,160,FACESHIFTER,train
E:\FaceForencis++\FaceShifter\885_802.mp4,fake,885,FACESHIFTER,train
E:\FaceForencis++\FaceShifter\831_508.mp4,fake,831,FACESHIFTER,train
E:\FaceForencis++\FaceShifter\456_435.mp4,fake,456,FACESHIFTER,train
E:\FaceForencis++\FaceShifter\606_567.mp4,fake,606,FACESHIFTER,train
E:\FaceForencis++\FaceShifter\357_432.mp4,fake,357,FACESHIFTER,train
E:\FaceForencis++\FaceShifter\851_552.mp4,fake,851,FACESHIFTER,train
E:\FaceForencis++\FaceShifter\999_960.mp4,fake,999,FACESHIFTER,train
E:\FaceForencis++\FaceShifter\496_417.mp4,fake,496,FACESHIFTER,train
E:\FaceForencis++\FaceShifter\154_386.mp4,fake,154,FACESHIFTER,train
E:\FaceForencis++\FaceShifter\868_949.mp4,fake,868,FACESHIFTER,train
E:\FaceForencis++\FaceShifter\063_041.mp4,fake,063,FACESHIFTER,test
E:\FaceForencis++\FaceShifter\591_605.mp4,fake,591,FACESHIFTER,train
E:\FaceForencis++\FaceShifter\782_787.mp4,fake,782,FACESHIFTER,train
E:\FaceForencis++\FaceShifter\007_132.mp4,fake,007,FACESHIFTER,train
E:\FaceForencis++\FaceShifter\304_300.mp4,fake,304,FACESHIFTER,test
E:\FaceForencis++\FaceShifter\788_710.mp4,fake,788,FACESHIFTER,val
E:\FaceForencis++\FaceShifter\043_110.mp4,fake,043,FACESHIFTER,test
E:\FaceForencis++\FaceShifter\741_731.mp4,fake,741,FACESHIFTER,test
E:\FaceForencis++\FaceShifter\283_313.mp4,fake,283,FACESHIFTER,train
E:\FaceForencis++\FaceShifter\664_668.mp4,fake,664,FACESHIFTER,train
E:\FaceForencis++\FaceShifter\611_760.mp4,fake,611,FACESHIFTER,test
E:\FaceForencis++\FaceShifter\508_831.mp4,fake,508,FACESHIFTER,test
E:\FaceForencis++\FaceShifter\424_408.mp4,fake,424,FACESHIFTER,train
E:\FaceForencis++\FaceShifter\056_996.mp4,fake,056,FACESHIFTER,train
E:\FaceForencis++\FaceShifter\840_800.mp4,fake,840,FACESHIFTER,val
E:\FaceForencis++\FaceShifter\617_566.mp4,fake,617,FACESHIFTER,train
E:\FaceForencis++\FaceShifter\057_070.mp4,fake,057,FACESHIFTER,train
E:\FaceForencis++\FaceShifter\419_824.mp4,fake,419,FACESHIFTER,test
E:\FaceForencis++\FaceShifter\574_547.mp4,fake,574,FACESHIFTER,val
E:\FaceForencis++\FaceShifter\551_631.mp4,fake,551,FACESHIFTER,train
E:\FaceForencis++\FaceShifter\006_002.mp4,fake,006,FACESHIFTER,train
E:\FaceForencis++\FaceShifter\618_629.mp4,fake,618,FACESHIFTER,train
E:\FaceForencis++\FaceShifter\115_939.mp4,fake,115,FACESHIFTER,val
E:\FaceForencis++\FaceShifter\104_126.mp4,fake,104,FACESHIFTER,train
E:\FaceForencis++\FaceShifter\158_379.mp4,fake,158,FACESHIFTER,val
E:\FaceForencis++\FaceShifter\935_733.mp4,fake,935,FACESHIFTER,val
E:\FaceForencis++\FaceShifter\224_197.mp4,fake,224,FACESHIFTER,test
E:\FaceForencis++\FaceShifter\439_441.mp4,fake,439,FACESHIFTER,test
E:\FaceForencis++\FaceShifter\735_774.mp4,fake,735,FACESHIFTER,test
E:\FaceForencis++\FaceShifter\646_643.mp4,fake,646,FACESHIFTER,train
E:\FaceForencis++\FaceShifter\555_516.mp4,fake,555,FACESHIFTER,val
E:\FaceForencis++\FaceShifter\321_288.mp4,fake,321,FACESHIFTER,train
E:\FaceForencis++\FaceShifter\504_502.mp4,fake,504,FACESHIFTER,train
E:\FaceForencis++\FaceShifter\245_157.mp4,fake,245,FACESHIFTER,test
E:\FaceForencis++\FaceShifter\819_786.mp4,fake,819,FACESHIFTER,test
E:\FaceForencis++\FaceShifter\028_068.mp4,fake,028,FACESHIFTER,val
E:\FaceForencis++\FaceShifter\228_289.mp4,fake,228,FACESHIFTER,test
E:\FaceForencis++\FaceShifter\020_344.mp4,fake,020,FACESHIFTER,train
E:\FaceForencis++\FaceShifter\379_158.mp4,fake,379,FACESHIFTER,test
E:\FaceForencis++\FaceShifter\129_127.mp4,fake,129,FACESHIFTER,train
E:\FaceForencis++\FaceShifter\259_345.mp4,fake,259,FACESHIFTER,train
E:\FaceForencis++\FaceShifter\257_420.mp4,fake,257,FACESHIFTER,train
E:\FaceForencis++\FaceShifter\427_637.mp4,fake,427,FACESHIFTER,train
E:\FaceForencis++\FaceShifter\248_232.mp4,fake,248,FACESHIFTER,train
E:\FaceForencis++\FaceShifter\619_620.mp4,fake,619,FACESHIFTER,test
E:\FaceForencis++\FaceShifter\270_297.mp4,fake,270,FACESHIFTER,val
E:\FaceForencis++\FaceShifter\997_040.mp4,fake,997,FACESHIFTER,val
E:\FaceForencis++\FaceShifter\675_608.mp4,fake,675,FACESHIFTER,train
E:\FaceForencis++\FaceShifter\909_857.mp4,fake,909,FACESHIFTER,val
E:\FaceForencis++\FaceShifter\522_337.mp4,fake,522,FACESHIFTER,train
E:\FaceForencis++\FaceShifter\904_046.mp4,fake,904,FACESHIFTER,test
E:\FaceForencis++\FaceShifter\149_152.mp4,fake,149,FACESHIFTER,train
E:\FaceForencis++\FaceShifter\272_396.mp4,fake,272,FACESHIFTER,test
E:\FaceForencis++\FaceShifter\035_036.mp4,fake,035,FACESHIFTER,train
E:\FaceForencis++\FaceShifter\623_630.mp4,fake,623,FACESHIFTER,test
E:\FaceForencis++\FaceShifter\412_274.mp4,fake,412,FACESHIFTER,train
E:\FaceForencis++\FaceShifter\888_937.mp4,fake,888,FACESHIFTER,val
E:\FaceForencis++\FaceShifter\576_155.mp4,fake,576,FACESHIFTER,val
E:\FaceForencis++\FaceShifter\535_587.mp4,fake,535,FACESHIFTER,train
E:\FaceForencis++\FaceShifter\430_459.mp4,fake,430,FACESHIFTER,val
E:\FaceForencis++\FaceShifter\583_558.mp4,fake,583,FACESHIFTER,train
E:\FaceForencis++\FaceShifter\192_134.mp4,fake,192,FACESHIFTER,val
E:\FaceForencis++\FaceShifter\801_855.mp4,fake,801,FACESHIFTER,test
E:\FaceForencis++\FaceShifter\489_022.mp4,fake,489,FACESHIFTER,train
E:\FaceForencis++\FaceShifter\881_856.mp4,fake,881,FACESHIFTER,train
E:\FaceForencis++\FaceShifter\215_208.mp4,fake,215,FACESHIFTER,train
E:\FaceForencis++\FaceShifter\566_617.mp4,fake,566,FACESHIFTER,val
E:\FaceForencis++\FaceShifter\476_400.mp4,fake,476,FACESHIFTER,train
E:\FaceForencis++\FaceShifter\348_202.mp4,fake,348,FACESHIFTER,train
E:\FaceForencis++\FaceShifter\397_602.mp4,fake,397,FACESHIFTER,train
E:\FaceForencis++\FaceShifter\333_377.mp4,fake,333,FACESHIFTER,train
E:\FaceForencis++\FaceShifter\769_784.mp4,fake,769,FACESHIFTER,test
E:\FaceForencis++\FaceShifter\036_035.mp4,fake,036,FACESHIFTER,train
E:\FaceForencis++\FaceShifter\394_373.mp4,fake,394,FACESHIFTER,test
E:\FaceForencis++\FaceShifter\991_064.mp4,fake,991,FACESHIFTER,test
E:\FaceForencis++\FaceShifter\913_893.mp4,fake,913,FACESHIFTER,train
E:\FaceForencis++\FaceShifter\082_103.mp4,fake,082,FACESHIFTER,val
E:\FaceForencis++\FaceShifter\759_755.mp4,fake,759,FACESHIFTER,train
E:\FaceForencis++\FaceShifter\815_730.mp4,fake,815,FACESHIFTER,train
E:\FaceForencis++\FaceShifter\113_983.mp4,fake,113,FACESHIFTER,test
E:\FaceForencis++\FaceShifter\285_136.mp4,fake,285,FACESHIFTER,train
E:\FaceForencis++\FaceShifter\545_553.mp4,fake,545,FACESHIFTER,train
E:\FaceForencis++\FaceShifter\980_992.mp4,fake,980,FACESHIFTER,train
E:\FaceForencis++\FaceShifter\595_597.mp4,fake,595,FACESHIFTER,train
E:\FaceForencis++\FaceShifter\721_715.mp4,fake,721,FACESHIFTER,test
E:\FaceForencis++\FaceShifter\749_659.mp4,fake,749,FACESHIFTER,train
E:\FaceForencis++\FaceShifter\994_986.mp4,fake,994,FACESHIFTER,val
E:\FaceForencis++\FaceShifter\313_283.mp4,fake,313,FACESHIFTER,val
E:\FaceForencis++\FaceShifter\062_066.mp4,fake,062,FACESHIFTER,train
E:\FaceForencis++\FaceShifter\637_427.mp4,fake,637,FACESHIFTER,train
E:\FaceForencis++\FaceShifter\060_088.mp4,fake,060,FACESHIFTER,train
E:\FaceForencis++\FaceShifter\674_744.mp4,fake,674,FACESHIFTER,train
E:\FaceForencis++\FaceShifter\268_269.mp4,fake,268,FACESHIFTER,train
E:\FaceForencis++\FaceShifter\197_224.mp4,fake,197,FACESHIFTER,train
E:\FaceForencis++\FaceShifter\481_469.mp4,fake,481,FACESHIFTER,train
E:\FaceForencis++\FaceShifter\009_027.mp4,fake,009,FACESHIFTER,train
E:\FaceForencis++\FaceShifter\639_841.mp4,fake,639,FACESHIFTER,train
E:\FaceForencis++\FaceShifter\707_705.mp4,fake,707,FACESHIFTER,train
E:\FaceForencis++\FaceShifter\140_143.mp4,fake,140,FACESHIFTER,test
E:\FaceForencis++\FaceShifter\478_506.mp4,fake,478,FACESHIFTER,train
E:\FaceForencis++\FaceShifter\757_573.mp4,fake,757,FACESHIFTER,train
E:\FaceForencis++\FaceShifter\854_747.mp4,fake,854,FACESHIFTER,test
E:\FaceForencis++\FaceShifter\681_711.mp4,fake,681,FACESHIFTER,val
E:\FaceForencis++\FaceShifter\926_900.mp4,fake,926,FACESHIFTER,test
E:\FaceForencis++\FaceShifter\194_235.mp4,fake,194,FACESHIFTER,test
E:\FaceForencis++\FaceShifter\488_399.mp4,fake,488,FACESHIFTER,train
E:\FaceForencis++\FaceShifter\361_448.mp4,fake,361,FACESHIFTER,train
E:\FaceForencis++\FaceShifter\949_868.mp4,fake,949,FACESHIFTER,val
E:\FaceForencis++\FaceShifter\254_261.mp4,fake,254,FACESHIFTER,train
E:\FaceForencis++\FaceShifter\011_805.mp4,fake,011,FACESHIFTER,train
E:\FaceForencis++\FaceShifter\967_984.mp4,fake,967,FACESHIFTER,train
E:\FaceForencis++\FaceShifter\479_706.mp4,fake,479,FACESHIFTER,train
E:\FaceForencis++\FaceShifter\045_889.mp4,fake,045,FACESHIFTER,train
E:\FaceForencis++\FaceShifter\236_237.mp4,fake,236,FACESHIFTER,train
E:\FaceForencis++\FaceShifter\643_646.mp4,fake,643,FACESHIFTER,train
E:\FaceForencis++\FaceShifter\263_284.mp4,fake,263,FACESHIFTER,train
E:\FaceForencis++\FaceShifter\302_323.mp4,fake,302,FACESHIFTER,val
E:\FaceForencis++\FaceShifter\607_683.mp4,fake,607,FACESHIFTER,train
E:\FaceForencis++\FaceShifter\042_084.mp4,fake,042,FACESHIFTER,train
E:\FaceForencis++\FaceShifter\962_929.mp4,fake,962,FACESHIFTER,val
E:\FaceForencis++\FaceShifter\367_371.mp4,fake,367,FACESHIFTER,train
E:\FaceForencis++\FaceShifter\181_199.mp4,fake,181,FACESHIFTER,train
E:\FaceForencis++\FaceShifter\049_946.mp4,fake,049,FACESHIFTER,train
E:\FaceForencis++\FaceShifter\860_905.mp4,fake,860,FACESHIFTER,train
E:\FaceForencis++\FaceShifter\039_058.mp4,fake,039,FACESHIFTER,train
E:\FaceForencis++\FaceShifter\279_298.mp4,fake,279,FACESHIFTER,test
E:\FaceForencis++\FaceShifter\920_811.mp4,fake,920,FACESHIFTER,test
E:\FaceForencis++\FaceShifter\240_290.mp4,fake,240,FACESHIFTER,test
E:\FaceForencis++\FaceShifter\289_228.mp4,fake,289,FACESHIFTER,train
E:\FaceForencis++\FaceShifter\151_225.mp4,fake,151,FACESHIFTER,train
E:\FaceForencis++\FaceShifter\075_977.mp4,fake,075,FACESHIFTER,train
E:\FaceForencis++\FaceShifter\740_796.mp4,fake,740,FACESHIFTER,train
E:\FaceForencis++\FaceShifter\350_349.mp4,fake,350,FACESHIFTER,train
E:\FaceForencis++\FaceShifter\972_718.mp4,fake,972,FACESHIFTER,train
E:\FaceForencis++\FaceShifter\585_599.mp4,fake,585,FACESHIFTER,train
E:\FaceForencis++\FaceShifter\828_830.mp4,fake,828,FACESHIFTER,val
E:\FaceForencis++\FaceShifter\852_834.mp4,fake,852,FACESHIFTER,val
E:\FaceForencis++\FaceShifter\371_367.mp4,fake,371,FACESHIFTER,train
E:\FaceForencis++\FaceShifter\417_496.mp4,fake,417,FACESHIFTER,train
E:\FaceForencis++\FaceShifter\568_628.mp4,fake,568,FACESHIFTER,train
E:\FaceForencis++\FaceShifter\708_772.mp4,fake,708,FACESHIFTER,train
E:\FaceForencis++\FaceShifter\391_406.mp4,fake,391,FACESHIFTER,train
E:\FaceForencis++\FaceShifter\441_439.mp4,fake,441,FACESHIFTER,test
E:\FaceForencis++\FaceShifter\553_545.mp4,fake,553,FACESHIFTER,val
E:\FaceForencis++\FaceShifter\108_052.mp4,fake,108,FACESHIFTER,train
E:\FaceForencis++\FaceShifter\886_877.mp4,fake,886,FACESHIFTER,train
E:\FaceForencis++\FaceShifter\827_817.mp4,fake,827,FACESHIFTER,train
E:\FaceForencis++\FaceShifter\804_738.mp4,fake,804,FACESHIFTER,train
E:\FaceForencis++\FaceShifter\712_716.mp4,fake,712,FACESHIFTER,train
E:\FaceForencis++\FaceShifter\100_077.mp4,fake,100,FACESHIFTER,train
E:\FaceForencis++\FaceShifter\214_255.mp4,fake,214,FACESHIFTER,train
E:\FaceForencis++\FaceShifter\579_701.mp4,fake,579,FACESHIFTER,train
E:\FaceForencis++\FaceShifter\429_404.mp4,fake,429,FACESHIFTER,train
E:\FaceForencis++\FaceShifter\041_063.mp4,fake,041,FACESHIFTER,train
E:\FaceForencis++\FaceShifter\243_156.mp4,fake,243,FACESHIFTER,train
E:\FaceForencis++\FaceShifter\336_338.mp4,fake,336,FACESHIFTER,train
E:\FaceForencis++\FaceShifter\593_577.mp4,fake,593,FACESHIFTER,train
E:\FaceForencis++\FaceShifter\428_466.mp4,fake,428,FACESHIFTER,train
E:\FaceForencis++\FaceShifter\516_555.mp4,fake,516,FACESHIFTER,train
E:\FaceForencis++\FaceShifter\303_309.mp4,fake,303,FACESHIFTER,train
E:\FaceForencis++\FaceShifter\691_732.mp4,fake,691,FACESHIFTER,train
E:\FaceForencis++\FaceShifter\684_717.mp4,fake,684,FACESHIFTER,val
E:\FaceForencis++\FaceShifter\103_082.mp4,fake,103,FACESHIFTER,train
E:\FaceForencis++\FaceShifter\148_133.mp4,fake,148,FACESHIFTER,train
E:\FaceForencis++\FaceShifter\825_074.mp4,fake,825,FACESHIFTER,train
E:\FaceForencis++\FaceShifter\705_707.mp4,fake,705,FACESHIFTER,train
E:\FaceForencis++\FaceShifter\345_259.mp4,fake,345,FACESHIFTER,train
E:\FaceForencis++\FaceShifter\634_660.mp4,fake,634,FACESHIFTER,train
E:\FaceForencis++\FaceShifter\528_510.mp4,fake,528,FACESHIFTER,train
E:\FaceForencis++\FaceShifter\912_927.mp4,fake,912,FACESHIFTER,val
E:\FaceForencis++\FaceShifter\728_673.mp4,fake,728,FACESHIFTER,train
E:\FaceForencis++\FaceShifter\800_840.mp4,fake,800,FACESHIFTER,train
E:\FaceForencis++\FaceShifter\778_798.mp4,fake,778,FACESHIFTER,test
E:\FaceForencis++\FaceShifter\287_426.mp4,fake,287,FACESHIFTER,train
E:\FaceForencis++\FaceShifter\620_619.mp4,fake,620,FACESHIFTER,train
E:\FaceForencis++\FaceShifter\173_171.mp4,fake,173,FACESHIFTER,train
E:\FaceForencis++\FaceShifter\987_938.mp4,fake,987,FACESHIFTER,train
E:\FaceForencis++\FaceShifter\341_340.mp4,fake,341,FACESHIFTER,train
E:\FaceForencis++\FaceShifter\162_330.mp4,fake,162,FACESHIFTER,train
E:\FaceForencis++\FaceShifter\222_168.mp4,fake,222,FACESHIFTER,train
E:\FaceForencis++\FaceSwap\621_546.mp4,fake,621,FACESWAP,train
E:\FaceForencis++\FaceSwap\351_346.mp4,fake,351,FACESWAP,train
E:\FaceForencis++\FaceSwap\633_529.mp4,fake,633,FACESWAP,train
E:\FaceForencis++\FaceSwap\839_864.mp4,fake,839,FACESWAP,train
E:\FaceForencis++\FaceSwap\242_182.mp4,fake,242,FACESWAP,train
E:\FaceForencis++\FaceSwap\596_609.mp4,fake,596,FACESWAP,train
E:\FaceForencis++\FaceSwap\324_356.mp4,fake,324,FACESWAP,train
E:\FaceForencis++\FaceSwap\634_660.mp4,fake,634,FACESWAP,train
E:\FaceForencis++\FaceSwap\731_741.mp4,fake,731,FACESWAP,test
E:\FaceForencis++\FaceSwap\210_241.mp4,fake,210,FACESWAP,train
E:\FaceForencis++\FaceSwap\710_788.mp4,fake,710,FACESWAP,train
E:\FaceForencis++\FaceSwap\889_045.mp4,fake,889,FACESWAP,test
E:\FaceForencis++\FaceSwap\495_512.mp4,fake,495,FACESWAP,val
E:\FaceForencis++\FaceSwap\128_896.mp4,fake,128,FACESWAP,val
E:\FaceForencis++\FaceSwap\742_775.mp4,fake,742,FACESWAP,val
E:\FaceForencis++\FaceSwap\493_538.mp4,fake,493,FACESWAP,train
E:\FaceForencis++\FaceSwap\846_845.mp4,fake,846,FACESWAP,train
E:\FaceForencis++\FaceSwap\121_093.mp4,fake,121,FACESWAP,train
E:\FaceForencis++\FaceSwap\733_935.mp4,fake,733,FACESWAP,train
E:\FaceForencis++\FaceSwap\385_414.mp4,fake,385,FACESWAP,train
E:\FaceForencis++\FaceSwap\222_168.mp4,fake,222,FACESWAP,train
E:\FaceForencis++\FaceSwap\808_829.mp4,fake,808,FACESWAP,val
E:\FaceForencis++\FaceSwap\434_438.mp4,fake,434,FACESWAP,train
E:\FaceForencis++\FaceSwap\925_933.mp4,fake,925,FACESWAP,val
E:\FaceForencis++\FaceSwap\526_436.mp4,fake,526,FACESWAP,train
E:\FaceForencis++\FaceSwap\987_938.mp4,fake,987,FACESWAP,train
E:\FaceForencis++\FaceSwap\410_411.mp4,fake,410,FACESWAP,val
E:\FaceForencis++\FaceSwap\082_103.mp4,fake,082,FACESWAP,val
E:\FaceForencis++\FaceSwap\898_922.mp4,fake,898,FACESWAP,train
E:\FaceForencis++\FaceSwap\277_335.mp4,fake,277,FACESWAP,test
E:\FaceForencis++\FaceSwap\805_011.mp4,fake,805,FACESWAP,val
E:\FaceForencis++\FaceSwap\892_112.mp4,fake,892,FACESWAP,val
E:\FaceForencis++\FaceSwap\582_172.mp4,fake,582,FACESWAP,train
E:\FaceForencis++\FaceSwap\502_504.mp4,fake,502,FACESWAP,train
E:\FaceForencis++\FaceSwap\540_536.mp4,fake,540,FACESWAP,train
E:\FaceForencis++\FaceSwap\878_866.mp4,fake,878,FACESWAP,test
E:\FaceForencis++\FaceSwap\061_080.mp4,fake,061,FACESWAP,train
E:\FaceForencis++\FaceSwap\371_367.mp4,fake,371,FACESWAP,train
E:\FaceForencis++\FaceSwap\398_457.mp4,fake,398,FACESWAP,train
E:\FaceForencis++\FaceSwap\865_739.mp4,fake,865,FACESWAP,train
E:\FaceForencis++\FaceSwap\229_247.mp4,fake,229,FACESWAP,val
E:\FaceForencis++\FaceSwap\845_846.mp4,fake,845,FACESWAP,train
E:\FaceForencis++\FaceSwap\511_472.mp4,fake,511,FACESWAP,train
E:\FaceForencis++\FaceSwap\602_397.mp4,fake,602,FACESWAP,train
E:\FaceForencis++\FaceSwap\562_626.mp4,fake,562,FACESWAP,train
E:\FaceForencis++\FaceSwap\706_479.mp4,fake,706,FACESWAP,train
E:\FaceForencis++\FaceSwap\022_489.mp4,fake,022,FACESWAP,val
E:\FaceForencis++\FaceSwap\235_194.mp4,fake,235,FACESWAP,train
E:\FaceForencis++\FaceSwap\922_898.mp4,fake,922,FACESWAP,train
E:\FaceForencis++\FaceSwap\719_737.mp4,fake,719,FACESWAP,train
E:\FaceForencis++\FaceSwap\770_791.mp4,fake,770,FACESWAP,test
E:\FaceForencis++\FaceSwap\091_116.mp4,fake,091,FACESWAP,test
E:\FaceForencis++\FaceSwap\542_520.mp4,fake,542,FACESWAP,test
E:\FaceForencis++\FaceSwap\608_675.mp4,fake,608,FACESWAP,test
E:\FaceForencis++\FaceSwap\651_835.mp4,fake,651,FACESWAP,train
E:\FaceForencis++\FaceSwap\448_361.mp4,fake,448,FACESWAP,test
E:\FaceForencis++\FaceSwap\327_329.mp4,fake,327,FACESWAP,test
E:\FaceForencis++\FaceSwap\153_150.mp4,fake,153,FACESWAP,train
E:\FaceForencis++\FaceSwap\514_443.mp4,fake,514,FACESWAP,test
E:\FaceForencis++\FaceSwap\162_330.mp4,fake,162,FACESWAP,train
E:\FaceForencis++\FaceSwap\203_201.mp4,fake,203,FACESWAP,train
E:\FaceForencis++\FaceSwap\803_017.mp4,fake,803,FACESWAP,train
E:\FaceForencis++\FaceSwap\578_636.mp4,fake,578,FACESWAP,train
E:\FaceForencis++\FaceSwap\341_340.mp4,fake,341,FACESWAP,train
E:\FaceForencis++\FaceSwap\072_037.mp4,fake,072,FACESWAP,train
E:\FaceForencis++\FaceSwap\202_348.mp4,fake,202,FACESWAP,train
E:\FaceForencis++\FaceSwap\190_176.mp4,fake,190,FACESWAP,val
E:\FaceForencis++\FaceSwap\976_954.mp4,fake,976,FACESWAP,test
E:\FaceForencis++\FaceSwap\432_357.mp4,fake,432,FACESWAP,test
E:\FaceForencis++\FaceSwap\750_743.mp4,fake,750,FACESWAP,train
E:\FaceForencis++\FaceSwap\457_398.mp4,fake,457,FACESWAP,train
E:\FaceForencis++\FaceSwap\703_604.mp4,fake,703,FACESWAP,train
E:\FaceForencis++\FaceSwap\438_434.mp4,fake,438,FACESWAP,train
E:\FaceForencis++\FaceSwap\243_156.mp4,fake,243,FACESWAP,train
E:\FaceForencis++\FaceSwap\920_811.mp4,fake,920,FACESWAP,test
E:\FaceForencis++\FaceSwap\579_701.mp4,fake,579,FACESWAP,train
E:\FaceForencis++\FaceSwap\195_442.mp4,fake,195,FACESWAP,train
E:\FaceForencis++\FaceSwap\247_229.mp4,fake,247,FACESWAP,train
E:\FaceForencis++\FaceSwap\423_421.mp4,fake,423,FACESWAP,train
E:\FaceForencis++\FaceSwap\444_655.mp4,fake,444,FACESWAP,train
E:\FaceForencis++\FaceSwap\360_437.mp4,fake,360,FACESWAP,train
E:\FaceForencis++\FaceSwap\527_454.mp4,fake,527,FACESWAP,test
E:\FaceForencis++\FaceSwap\237_236.mp4,fake,237,FACESWAP,val
E:\FaceForencis++\FaceSwap\123_119.mp4,fake,123,FACESWAP,train
E:\FaceForencis++\FaceSwap\010_005.mp4,fake,010,FACESWAP,test
E:\FaceForencis++\FaceSwap\901_902.mp4,fake,901,FACESWAP,train
E:\FaceForencis++\FaceSwap\349_350.mp4,fake,349,FACESWAP,val
E:\FaceForencis++\FaceSwap\267_286.mp4,fake,267,FACESWAP,train
E:\FaceForencis++\FaceSwap\186_170.mp4,fake,186,FACESWAP,train
E:\FaceForencis++\FaceSwap\506_478.mp4,fake,506,FACESWAP,train
E:\FaceForencis++\FaceSwap\500_592.mp4,fake,500,FACESWAP,train
E:\FaceForencis++\FaceSwap\285_136.mp4,fake,285,FACESWAP,train
E:\FaceForencis++\FaceSwap\816_649.mp4,fake,816,FACESWAP,train
E:\FaceForencis++\FaceSwap\971_564.mp4,fake,971,FACESWAP,train
E:\FaceForencis++\FaceSwap\581_697.mp4,fake,581,FACESWAP,train
E:\FaceForencis++\FaceSwap\452_550.mp4,fake,452,FACESWAP,val
E:\FaceForencis++\FaceSwap\204_230.mp4,fake,204,FACESWAP,test
E:\FaceForencis++\FaceSwap\057_070.mp4,fake,057,FACESWAP,train
E:\FaceForencis++\FaceSwap\507_418.mp4,fake,507,FACESWAP,train
E:\FaceForencis++\FaceSwap\618_629.mp4,fake,618,FACESWAP,train
E:\FaceForencis++\FaceSwap\096_101.mp4,fake,096,FACESWAP,test
E:\FaceForencis++\FaceSwap\139_130.mp4,fake,139,FACESWAP,train
E:\FaceForencis++\FaceSwap\902_901.mp4,fake,902,FACESWAP,test
E:\FaceForencis++\FaceSwap\614_616.mp4,fake,614,FACESWAP,train
E:\FaceForencis++\FaceSwap\221_206.mp4,fake,221,FACESWAP,val
E:\FaceForencis++\FaceSwap\293_296.mp4,fake,293,FACESWAP,train
E:\FaceForencis++\FaceSwap\545_553.mp4,fake,545,FACESWAP,train
E:\FaceForencis++\FaceSwap\529_633.mp4,fake,529,FACESWAP,train
E:\FaceForencis++\FaceSwap\973_970.mp4,fake,973,FACESWAP,train
E:\FaceForencis++\FaceSwap\155_576.mp4,fake,155,FACESWAP,val
E:\FaceForencis++\FaceSwap\871_814.mp4,fake,871,FACESWAP,train
E:\FaceForencis++\FaceSwap\659_749.mp4,fake,659,FACESWAP,train
E:\FaceForencis++\FaceSwap\623_630.mp4,fake,623,FACESWAP,test
E:\FaceForencis++\FaceSwap\086_090.mp4,fake,086,FACESWAP,train
E:\FaceForencis++\FaceSwap\764_850.mp4,fake,764,FACESWAP,train
E:\FaceForencis++\FaceSwap\342_416.mp4,fake,342,FACESWAP,train
E:\FaceForencis++\FaceSwap\216_164.mp4,fake,216,FACESWAP,train
E:\FaceForencis++\FaceSwap\409_382.mp4,fake,409,FACESWAP,train
E:\FaceForencis++\FaceSwap\926_900.mp4,fake,926,FACESWAP,test
E:\FaceForencis++\FaceSwap\505_600.mp4,fake,505,FACESWAP,train
E:\FaceForencis++\FaceSwap\137_165.mp4,fake,137,FACESWAP,train
E:\FaceForencis++\FaceSwap\019_018.mp4,fake,019,FACESWAP,train
E:\FaceForencis++\FaceSwap\272_396.mp4,fake,272,FACESWAP,test
E:\FaceForencis++\FaceSwap\948_965.mp4,fake,948,FACESWAP,train
E:\FaceForencis++\FaceSwap\854_747.mp4,fake,854,FACESWAP,test
E:\FaceForencis++\FaceSwap\261_254.mp4,fake,261,FACESWAP,train
E:\FaceForencis++\FaceSwap\170_186.mp4,fake,170,FACESWAP,train
E:\FaceForencis++\FaceSwap\763_930.mp4,fake,763,FACESWAP,train
E:\FaceForencis++\FaceSwap\985_981.mp4,fake,985,FACESWAP,test
E:\FaceForencis++\FaceSwap\173_171.mp4,fake,173,FACESWAP,train
E:\FaceForencis++\FaceSwap\051_332.mp4,fake,051,FACESWAP,val
E:\FaceForencis++\FaceSwap\768_793.mp4,fake,768,FACESWAP,train
E:\FaceForencis++\FaceSwap\167_166.mp4,fake,167,FACESWAP,train
E:\FaceForencis++\FaceSwap\056_996.mp4,fake,056,FACESWAP,train
E:\FaceForencis++\FaceSwap\681_711.mp4,fake,681,FACESWAP,val
E:\FaceForencis++\FaceSwap\258_246.mp4,fake,258,FACESWAP,train
E:\FaceForencis++\FaceSwap\141_161.mp4,fake,141,FACESWAP,train
E:\FaceForencis++\FaceSwap\868_949.mp4,fake,868,FACESWAP,train
E:\FaceForencis++\FaceSwap\270_297.mp4,fake,270,FACESWAP,val
E:\FaceForencis++\FaceSwap\856_881.mp4,fake,856,FACESWAP,train
E:\FaceForencis++\FaceSwap\904_046.mp4,fake,904,FACESWAP,test
E:\FaceForencis++\FaceSwap\695_422.mp4,fake,695,FACESWAP,val
E:\FaceForencis++\FaceSwap\016_209.mp4,fake,016,FACESWAP,test
E:\FaceForencis++\FaceSwap\365_307.mp4,fake,365,FACESWAP,train
E:\FaceForencis++\FaceSwap\354_362.mp4,fake,354,FACESWAP,train
E:\FaceForencis++\FaceSwap\842_714.mp4,fake,842,FACESWAP,val
E:\FaceForencis++\FaceSwap\841_639.mp4,fake,841,FACESWAP,train
E:\FaceForencis++\FaceSwap\738_804.mp4,fake,738,FACESWAP,val
E:\FaceForencis++\FaceSwap\667_446.mp4,fake,667,FACESWAP,train
E:\FaceForencis++\FaceSwap\577_593.mp4,fake,577,FACESWAP,train
E:\FaceForencis++\FaceSwap\957_959.mp4,fake,957,FACESWAP,train
E:\FaceForencis++\FaceSwap\546_621.mp4,fake,546,FACESWAP,train
E:\FaceForencis++\FaceSwap\499_539.mp4,fake,499,FACESWAP,train
E:\FaceForencis++\FaceSwap\163_031.mp4,fake,163,FACESWAP,test
E:\FaceForencis++\FaceSwap\726_713.mp4,fake,726,FACESWAP,train
E:\FaceForencis++\FaceSwap\725_724.mp4,fake,725,FACESWAP,train
E:\FaceForencis++\FaceSwap\531_549.mp4,fake,531,FACESWAP,test
E:\FaceForencis++\FaceSwap\840_800.mp4,fake,840,FACESWAP,val
E:\FaceForencis++\FaceSwap\905_860.mp4,fake,905,FACESWAP,train
E:\FaceForencis++\FaceSwap\715_721.mp4,fake,715,FACESWAP,train
E:\FaceForencis++\FaceSwap\650_625.mp4,fake,650,FACESWAP,train
E:\FaceForencis++\FaceSwap\117_217.mp4,fake,117,FACESWAP,val
E:\FaceForencis++\FaceSwap\395_401.mp4,fake,395,FACESWAP,train
E:\FaceForencis++\FaceSwap\587_535.mp4,fake,587,FACESWAP,train
E:\FaceForencis++\FaceSwap\133_148.mp4,fake,133,FACESWAP,train
E:\FaceForencis++\FaceSwap\402_453.mp4,fake,402,FACESWAP,train
E:\FaceForencis++\FaceSwap\183_253.mp4,fake,183,FACESWAP,train
E:\FaceForencis++\FaceSwap\773_652.mp4,fake,773,FACESWAP,train
E:\FaceForencis++\FaceSwap\468_470.mp4,fake,468,FACESWAP,train
E:\FaceForencis++\FaceSwap\224_197.mp4,fake,224,FACESWAP,test
E:\FaceForencis++\FaceSwap\177_211.mp4,fake,177,FACESWAP,train
E:\FaceForencis++\FaceSwap\913_893.mp4,fake,913,FACESWAP,train
E:\FaceForencis++\FaceSwap\746_571.mp4,fake,746,FACESWAP,train
E:\FaceForencis++\FaceSwap\207_908.mp4,fake,207,FACESWAP,train
E:\FaceForencis++\FaceSwap\929_962.mp4,fake,929,FACESWAP,train
E:\FaceForencis++\FaceSwap\954_976.mp4,fake,954,FACESWAP,val
E:\FaceForencis++\FaceSwap\713_726.mp4,fake,713,FACESWAP,test
E:\FaceForencis++\FaceSwap\206_221.mp4,fake,206,FACESWAP,train
E:\FaceForencis++\FaceSwap\810_838.mp4,fake,810,FACESWAP,train
E:\FaceForencis++\FaceSwap\916_783.mp4,fake,916,FACESWAP,train
E:\FaceForencis++\FaceSwap\730_815.mp4,fake,730,FACESWAP,train
E:\FaceForencis++\FaceSwap\560_557.mp4,fake,560,FACESWAP,train
E:\FaceForencis++\FaceSwap\969_897.mp4,fake,969,FACESWAP,train
E:\FaceForencis++\FaceSwap\649_816.mp4,fake,649,FACESWAP,train
E:\FaceForencis++\FaceSwap\978_975.mp4,fake,978,FACESWAP,train
E:\FaceForencis++\FaceSwap\780_869.mp4,fake,780,FACESWAP,train
E:\FaceForencis++\FaceSwap\694_767.mp4,fake,694,FACESWAP,train
E:\FaceForencis++\FaceSwap\864_839.mp4,fake,864,FACESWAP,train
E:\FaceForencis++\FaceSwap\632_548.mp4,fake,632,FACESWAP,val
E:\FaceForencis++\FaceSwap\712_716.mp4,fake,712,FACESWAP,train
E:\FaceForencis++\FaceSwap\018_019.mp4,fake,018,FACESWAP,train
E:\FaceForencis++\FaceSwap\460_678.mp4,fake,460,FACESWAP,train
E:\FaceForencis++\FaceSwap\668_664.mp4,fake,668,FACESWAP,val
E:\FaceForencis++\FaceSwap\292_294.mp4,fake,292,FACESWAP,train
E:\FaceForencis++\FaceSwap\065_089.mp4,fake,065,FACESWAP,train
E:\FaceForencis++\FaceSwap\055_147.mp4,fake,055,FACESWAP,train
E:\FaceForencis++\FaceSwap\317_359.mp4,fake,317,FACESWAP,train
E:\FaceForencis++\FaceSwap\953_974.mp4,fake,953,FACESWAP,train
E:\FaceForencis++\FaceSwap\157_245.mp4,fake,157,FACESWAP,train
E:\FaceForencis++\FaceSwap\837_890.mp4,fake,837,FACESWAP,train
E:\FaceForencis++\FaceSwap\734_699.mp4,fake,734,FACESWAP,train
E:\FaceForencis++\FaceSwap\390_709.mp4,fake,390,FACESWAP,train
E:\FaceForencis++\FaceSwap\515_519.mp4,fake,515,FACESWAP,test
E:\FaceForencis++\FaceSwap\641_662.mp4,fake,641,FACESWAP,val
E:\FaceForencis++\FaceSwap\152_149.mp4,fake,152,FACESWAP,train
E:\FaceForencis++\FaceSwap\045_889.mp4,fake,045,FACESWAP,train
E:\FaceForencis++\FaceSwap\126_104.mp4,fake,126,FACESWAP,train
E:\FaceForencis++\FaceSwap\347_314.mp4,fake,347,FACESWAP,train
E:\FaceForencis++\FaceSwap\921_569.mp4,fake,921,FACESWAP,train
E:\FaceForencis++\FaceSwap\114_102.mp4,fake,114,FACESWAP,train
E:\FaceForencis++\FaceSwap\880_135.mp4,fake,880,FACESWAP,train
E:\FaceForencis++\FaceSwap\269_268.mp4,fake,269,FACESWAP,train
E:\FaceForencis++\FaceSwap\847_906.mp4,fake,847,FACESWAP,val
E:\FaceForencis++\FaceSwap\494_445.mp4,fake,494,FACESWAP,train
E:\FaceForencis++\FaceSwap\392_339.mp4,fake,392,FACESWAP,test
E:\FaceForencis++\FaceSwap\474_281.mp4,fake,474,FACESWAP,train
E:\FaceForencis++\FaceSwap\209_016.mp4,fake,209,FACESWAP,train
E:\FaceForencis++\FaceSwap\829_808.mp4,fake,829,FACESWAP,train
E:\FaceForencis++\FaceSwap\382_409.mp4,fake,382,FACESWAP,val
E:\FaceForencis++\FaceSwap\085_124.mp4,fake,085,FACESWAP,train
E:\FaceForencis++\FaceSwap\908_207.mp4,fake,908,FACESWAP,train
E:\FaceForencis++\FaceSwap\699_734.mp4,fake,699,FACESWAP,train
E:\FaceForencis++\FaceSwap\859_843.mp4,fake,859,FACESWAP,test
E:\FaceForencis++\FaceSwap\590_034.mp4,fake,590,FACESWAP,train
E:\FaceForencis++\FaceSwap\672_720.mp4,fake,672,FACESWAP,train
E:\FaceForencis++\FaceSwap\525_509.mp4,fake,525,FACESWAP,train
E:\FaceForencis++\FaceSwap\478_506.mp4,fake,478,FACESWAP,train
E:\FaceForencis++\FaceSwap\253_183.mp4,fake,253,FACESWAP,train
E:\FaceForencis++\FaceSwap\930_763.mp4,fake,930,FACESWAP,train
E:\FaceForencis++\FaceSwap\080_061.mp4,fake,080,FACESWAP,train
E:\FaceForencis++\FaceSwap\449_451.mp4,fake,449,FACESWAP,train
E:\FaceForencis++\FaceSwap\464_463.mp4,fake,464,FACESWAP,train
E:\FaceForencis++\FaceSwap\357_432.mp4,fake,357,FACESWAP,train
E:\FaceForencis++\FaceSwap\078_955.mp4,fake,078,FACESWAP,val
E:\FaceForencis++\FaceSwap\530_594.mp4,fake,530,FACESWAP,test
E:\FaceForencis++\FaceSwap\376_381.mp4,fake,376,FACESWAP,train
E:\FaceForencis++\FaceSwap\595_597.mp4,fake,595,FACESWAP,train
E:\FaceForencis++\FaceSwap\300_304.mp4,fake,300,FACESWAP,test
E:\FaceForencis++\FaceSwap\604_703.mp4,fake,604,FACESWAP,val
E:\FaceForencis++\FaceSwap\707_705.mp4,fake,707,FACESWAP,train
E:\FaceForencis++\FaceSwap\427_637.mp4,fake,427,FACESWAP,train
E:\FaceForencis++\FaceSwap\205_184.mp4,fake,205,FACESWAP,train
E:\FaceForencis++\FaceSwap\693_698.mp4,fake,693,FACESWAP,test
E:\FaceForencis++\FaceSwap\559_543.mp4,fake,559,FACESWAP,test
E:\FaceForencis++\FaceSwap\600_505.mp4,fake,600,FACESWAP,train
E:\FaceForencis++\FaceSwap\040_997.mp4,fake,040,FACESWAP,val
E:\FaceForencis++\FaceSwap\109_107.mp4,fake,109,FACESWAP,train
E:\FaceForencis++\FaceSwap\150_153.mp4,fake,150,FACESWAP,train
E:\FaceForencis++\FaceSwap\075_977.mp4,fake,075,FACESWAP,train
E:\FaceForencis++\FaceSwap\765_867.mp4,fake,765,FACESWAP,train
E:\FaceForencis++\FaceSwap\451_449.mp4,fake,451,FACESWAP,train
E:\FaceForencis++\FaceSwap\135_880.mp4,fake,135,FACESWAP,train
E:\FaceForencis++\FaceSwap\963_879.mp4,fake,963,FACESWAP,train
E:\FaceForencis++\FaceSwap\870_001.mp4,fake,870,FACESWAP,train
E:\FaceForencis++\FaceSwap\260_331.mp4,fake,260,FACESWAP,train
E:\FaceForencis++\FaceSwap\240_290.mp4,fake,240,FACESWAP,test
E:\FaceForencis++\FaceSwap\897_969.mp4,fake,897,FACESWAP,train
E:\FaceForencis++\FaceSwap\882_952.mp4,fake,882,FACESWAP,test
E:\FaceForencis++\FaceSwap\422_695.mp4,fake,422,FACESWAP,val
E:\FaceForencis++\FaceSwap\187_234.mp4,fake,187,FACESWAP,val
E:\FaceForencis++\FaceSwap\966_988.mp4,fake,966,FACESWAP,train
E:\FaceForencis++\FaceSwap\127_129.mp4,fake,127,FACESWAP,train
E:\FaceForencis++\FaceSwap\271_264.mp4,fake,271,FACESWAP,test
E:\FaceForencis++\FaceSwap\702_612.mp4,fake,702,FACESWAP,train
E:\FaceForencis++\FaceSwap\551_631.mp4,fake,551,FACESWAP,train
E:\FaceForencis++\FaceSwap\472_511.mp4,fake,472,FACESWAP,train
E:\FaceForencis++\FaceSwap\093_121.mp4,fake,093,FACESWAP,test
E:\FaceForencis++\FaceSwap\496_417.mp4,fake,496,FACESWAP,train
E:\FaceForencis++\FaceSwap\311_387.mp4,fake,311,FACESWAP,train
E:\FaceForencis++\FaceSwap\591_605.mp4,fake,591,FACESWAP,train
E:\FaceForencis++\FaceSwap\336_338.mp4,fake,336,FACESWAP,train
E:\FaceForencis++\FaceSwap\824_419.mp4,fake,824,FACESWAP,train
E:\FaceForencis++\FaceSwap\425_485.mp4,fake,425,FACESWAP,test
E:\FaceForencis++\FaceSwap\850_764.mp4,fake,850,FACESWAP,train
E:\FaceForencis++\FaceSwap\479_706.mp4,fake,479,FACESWAP,train
E:\FaceForencis++\FaceSwap\711_681.mp4,fake,711,FACESWAP,train
E:\FaceForencis++\FaceSwap\201_203.mp4,fake,201,FACESWAP,val
E:\FaceForencis++\FaceSwap\404_429.mp4,fake,404,FACESWAP,train
E:\FaceForencis++\FaceSwap\083_213.mp4,fake,083,FACESWAP,test
E:\FaceForencis++\FaceSwap\541_523.mp4,fake,541,FACESWAP,train
E:\FaceForencis++\FaceSwap\791_770.mp4,fake,791,FACESWAP,val
E:\FaceForencis++\FaceSwap\943_942.mp4,fake,943,FACESWAP,train
E:\FaceForencis++\FaceSwap\140_143.mp4,fake,140,FACESWAP,test
E:\FaceForencis++\FaceSwap\825_074.mp4,fake,825,FACESWAP,train
E:\FaceForencis++\FaceSwap\048_029.mp4,fake,048,FACESWAP,train
E:\FaceForencis++\FaceSwap\718_972.mp4,fake,718,FACESWAP,train
E:\FaceForencis++\FaceSwap\071_054.mp4,fake,071,FACESWAP,train
E:\FaceForencis++\FaceSwap\745_777.mp4,fake,745,FACESWAP,val
E:\FaceForencis++\FaceSwap\107_109.mp4,fake,107,FACESWAP,test
E:\FaceForencis++\FaceSwap\403_497.mp4,fake,403,FACESWAP,train
E:\FaceForencis++\FaceSwap\344_020.mp4,fake,344,FACESWAP,train
E:\FaceForencis++\FaceSwap\458_722.mp4,fake,458,FACESWAP,train
E:\FaceForencis++\FaceSwap\175_159.mp4,fake,175,FACESWAP,test
E:\FaceForencis++\FaceSwap\211_177.mp4,fake,211,FACESWAP,test
E:\FaceForencis++\FaceSwap\441_439.mp4,fake,441,FACESWAP,test
E:\FaceForencis++\FaceSwap\103_082.mp4,fake,103,FACESWAP,train
E:\FaceForencis++\FaceSwap\389_480.mp4,fake,389,FACESWAP,val
E:\FaceForencis++\FaceSwap\251_375.mp4,fake,251,FACESWAP,train
E:\FaceForencis++\FaceSwap\997_040.mp4,fake,997,FACESWAP,val
E:\FaceForencis++\FaceSwap\328_320.mp4,fake,328,FACESWAP,test
E:\FaceForencis++\FaceSwap\807_273.mp4,fake,807,FACESWAP,train
E:\FaceForencis++\FaceSwap\704_723.mp4,fake,704,FACESWAP,train
E:\FaceForencis++\FaceSwap\435_456.mp4,fake,435,FACESWAP,train
E:\FaceForencis++\FaceSwap\312_021.mp4,fake,312,FACESWAP,train
E:\FaceForencis++\FaceSwap\991_064.mp4,fake,991,FACESWAP,test
E:\FaceForencis++\FaceSwap\194_235.mp4,fake,194,FACESWAP,test
E:\FaceForencis++\FaceSwap\257_420.mp4,fake,257,FACESWAP,train
E:\FaceForencis++\FaceSwap\644_657.mp4,fake,644,FACESWAP,val
E:\FaceForencis++\FaceSwap\958_956.mp4,fake,958,FACESWAP,train
E:\FaceForencis++\FaceSwap\999_960.mp4,fake,999,FACESWAP,train
E:\FaceForencis++\FaceSwap\132_007.mp4,fake,132,FACESWAP,test
E:\FaceForencis++\FaceSwap\456_435.mp4,fake,456,FACESWAP,train
E:\FaceForencis++\FaceSwap\106_198.mp4,fake,106,FACESWAP,train
E:\FaceForencis++\FaceSwap\379_158.mp4,fake,379,FACESWAP,test
E:\FaceForencis++\FaceSwap\503_756.mp4,fake,503,FACESWAP,train
E:\FaceForencis++\FaceSwap\972_718.mp4,fake,972,FACESWAP,train
E:\FaceForencis++\FaceSwap\945_044.mp4,fake,945,FACESWAP,train
E:\FaceForencis++\FaceSwap\625_650.mp4,fake,625,FACESWAP,train
E:\FaceForencis++\FaceSwap\291_874.mp4,fake,291,FACESWAP,train
E:\FaceForencis++\FaceSwap\361_448.mp4,fake,361,FACESWAP,train
E:\FaceForencis++\FaceSwap\848_894.mp4,fake,848,FACESWAP,test
E:\FaceForencis++\FaceSwap\776_676.mp4,fake,776,FACESWAP,train
E:\FaceForencis++\FaceSwap\918_934.mp4,fake,918,FACESWAP,train
E:\FaceForencis++\FaceSwap\700_813.mp4,fake,700,FACESWAP,train
E:\FaceForencis++\FaceSwap\558_583.mp4,fake,558,FACESWAP,train
E:\FaceForencis++\FaceSwap\489_022.mp4,fake,489,FACESWAP,train
E:\FaceForencis++\FaceSwap\098_092.mp4,fake,098,FACESWAP,train
E:\FaceForencis++\FaceSwap\887_275.mp4,fake,887,FACESWAP,train
E:\FaceForencis++\FaceSwap\310_196.mp4,fake,310,FACESWAP,train
E:\FaceForencis++\FaceSwap\353_383.mp4,fake,353,FACESWAP,val
E:\FaceForencis++\FaceSwap\552_851.mp4,fake,552,FACESWAP,train
E:\FaceForencis++\FaceSwap\332_051.mp4,fake,332,FACESWAP,train
E:\FaceForencis++\FaceSwap\950_836.mp4,fake,950,FACESWAP,train
E:\FaceForencis++\FaceSwap\254_261.mp4,fake,254,FACESWAP,train
E:\FaceForencis++\FaceSwap\112_892.mp4,fake,112,FACESWAP,train
E:\FaceForencis++\FaceSwap\212_179.mp4,fake,212,FACESWAP,train
E:\FaceForencis++\FaceSwap\912_927.mp4,fake,912,FACESWAP,val
E:\FaceForencis++\FaceSwap\262_301.mp4,fake,262,FACESWAP,train
E:\FaceForencis++\FaceSwap\890_837.mp4,fake,890,FACESWAP,test
E:\FaceForencis++\FaceSwap\433_498.mp4,fake,433,FACESWAP,test
E:\FaceForencis++\FaceSwap\264_271.mp4,fake,264,FACESWAP,train
E:\FaceForencis++\FaceSwap\867_765.mp4,fake,867,FACESWAP,train
E:\FaceForencis++\FaceSwap\193_030.mp4,fake,193,FACESWAP,train
E:\FaceForencis++\FaceSwap\645_688.mp4,fake,645,FACESWAP,train
E:\FaceForencis++\FaceSwap\036_035.mp4,fake,036,FACESWAP,train
E:\FaceForencis++\FaceSwap\520_542.mp4,fake,520,FACESWAP,train
E:\FaceForencis++\FaceSwap\722_458.mp4,fake,722,FACESWAP,train
E:\FaceForencis++\FaceSwap\182_242.mp4,fake,182,FACESWAP,train
E:\FaceForencis++\FaceSwap\276_185.mp4,fake,276,FACESWAP,val
E:\FaceForencis++\FaceSwap\063_041.mp4,fake,063,FACESWAP,test
E:\FaceForencis++\NeuralTextures\511_472.mp4,fake,511,NEURALTEXTURES,train
E:\FaceForencis++\NeuralTextures\395_401.mp4,fake,395,NEURALTEXTURES,train
E:\FaceForencis++\NeuralTextures\284_263.mp4,fake,284,NEURALTEXTURES,train
E:\FaceForencis++\NeuralTextures\615_687.mp4,fake,615,NEURALTEXTURES,train
E:\FaceForencis++\NeuralTextures\760_611.mp4,fake,760,NEURALTEXTURES,train
E:\FaceForencis++\NeuralTextures\634_660.mp4,fake,634,NEURALTEXTURES,train
E:\FaceForencis++\NeuralTextures\389_480.mp4,fake,389,NEURALTEXTURES,val
E:\FaceForencis++\NeuralTextures\452_550.mp4,fake,452,NEURALTEXTURES,val
E:\FaceForencis++\NeuralTextures\686_696.mp4,fake,686,NEURALTEXTURES,train
E:\FaceForencis++\NeuralTextures\265_475.mp4,fake,265,NEURALTEXTURES,test
E:\FaceForencis++\NeuralTextures\359_317.mp4,fake,359,NEURALTEXTURES,train
E:\FaceForencis++\NeuralTextures\470_468.mp4,fake,470,NEURALTEXTURES,val
E:\FaceForencis++\NeuralTextures\135_880.mp4,fake,135,NEURALTEXTURES,train
E:\FaceForencis++\NeuralTextures\462_467.mp4,fake,462,NEURALTEXTURES,test
E:\FaceForencis++\NeuralTextures\959_957.mp4,fake,959,NEURALTEXTURES,train
E:\FaceForencis++\NeuralTextures\027_009.mp4,fake,027,NEURALTEXTURES,train
E:\FaceForencis++\NeuralTextures\280_249.mp4,fake,280,NEURALTEXTURES,test
E:\FaceForencis++\NeuralTextures\903_792.mp4,fake,903,NEURALTEXTURES,train
E:\FaceForencis++\NeuralTextures\696_686.mp4,fake,696,NEURALTEXTURES,train
E:\FaceForencis++\NeuralTextures\589_565.mp4,fake,589,NEURALTEXTURES,train
E:\FaceForencis++\NeuralTextures\769_784.mp4,fake,769,NEURALTEXTURES,test
E:\FaceForencis++\NeuralTextures\673_728.mp4,fake,673,NEURALTEXTURES,train
E:\FaceForencis++\NeuralTextures\065_089.mp4,fake,065,NEURALTEXTURES,train
E:\FaceForencis++\NeuralTextures\362_354.mp4,fake,362,NEURALTEXTURES,test
E:\FaceForencis++\NeuralTextures\520_542.mp4,fake,520,NEURALTEXTURES,train
E:\FaceForencis++\NeuralTextures\824_419.mp4,fake,824,NEURALTEXTURES,train
E:\FaceForencis++\NeuralTextures\643_646.mp4,fake,643,NEURALTEXTURES,train
E:\FaceForencis++\NeuralTextures\560_557.mp4,fake,560,NEURALTEXTURES,train
E:\FaceForencis++\NeuralTextures\563_537.mp4,fake,563,NEURALTEXTURES,train
E:\FaceForencis++\NeuralTextures\215_208.mp4,fake,215,NEURALTEXTURES,train
E:\FaceForencis++\NeuralTextures\940_941.mp4,fake,940,NEURALTEXTURES,val
E:\FaceForencis++\NeuralTextures\173_171.mp4,fake,173,NEURALTEXTURES,train
E:\FaceForencis++\NeuralTextures\948_965.mp4,fake,948,NEURALTEXTURES,train
E:\FaceForencis++\NeuralTextures\776_676.mp4,fake,776,NEURALTEXTURES,train
E:\FaceForencis++\NeuralTextures\057_070.mp4,fake,057,NEURALTEXTURES,train
E:\FaceForencis++\NeuralTextures\688_645.mp4,fake,688,NEURALTEXTURES,train
E:\FaceForencis++\NeuralTextures\034_590.mp4,fake,034,NEURALTEXTURES,train
E:\FaceForencis++\NeuralTextures\354_362.mp4,fake,354,NEURALTEXTURES,train
E:\FaceForencis++\NeuralTextures\904_046.mp4,fake,904,NEURALTEXTURES,test
E:\FaceForencis++\NeuralTextures\428_466.mp4,fake,428,NEURALTEXTURES,train
E:\FaceForencis++\NeuralTextures\150_153.mp4,fake,150,NEURALTEXTURES,train
E:\FaceForencis++\NeuralTextures\648_654.mp4,fake,648,NEURALTEXTURES,test
E:\FaceForencis++\NeuralTextures\460_678.mp4,fake,460,NEURALTEXTURES,train
E:\FaceForencis++\NeuralTextures\405_393.mp4,fake,405,NEURALTEXTURES,val
E:\FaceForencis++\NeuralTextures\555_516.mp4,fake,555,NEURALTEXTURES,val
E:\FaceForencis++\NeuralTextures\790_014.mp4,fake,790,NEURALTEXTURES,train
E:\FaceForencis++\NeuralTextures\815_730.mp4,fake,815,NEURALTEXTURES,train
E:\FaceForencis++\NeuralTextures\347_314.mp4,fake,347,NEURALTEXTURES,train
E:\FaceForencis++\NeuralTextures\083_213.mp4,fake,083,NEURALTEXTURES,test
E:\FaceForencis++\NeuralTextures\103_082.mp4,fake,103,NEURALTEXTURES,train
E:\FaceForencis++\NeuralTextures\422_695.mp4,fake,422,NEURALTEXTURES,val
E:\FaceForencis++\NeuralTextures\056_996.mp4,fake,056,NEURALTEXTURES,train
E:\FaceForencis++\NeuralTextures\220_219.mp4,fake,220,NEURALTEXTURES,train
E:\FaceForencis++\NeuralTextures\351_346.mp4,fake,351,NEURALTEXTURES,train
E:\FaceForencis++\NeuralTextures\780_869.mp4,fake,780,NEURALTEXTURES,train
E:\FaceForencis++\NeuralTextures\631_551.mp4,fake,631,NEURALTEXTURES,train
E:\FaceForencis++\NeuralTextures\233_995.mp4,fake,233,NEURALTEXTURES,train
E:\FaceForencis++\NeuralTextures\702_612.mp4,fake,702,NEURALTEXTURES,train
E:\FaceForencis++\NeuralTextures\321_288.mp4,fake,321,NEURALTEXTURES,train
E:\FaceForencis++\NeuralTextures\667_446.mp4,fake,667,NEURALTEXTURES,train
E:\FaceForencis++\NeuralTextures\590_034.mp4,fake,590,NEURALTEXTURES,train
E:\FaceForencis++\NeuralTextures\927_912.mp4,fake,927,NEURALTEXTURES,train
E:\FaceForencis++\NeuralTextures\482_465.mp4,fake,482,NEURALTEXTURES,train
E:\FaceForencis++\NeuralTextures\319_352.mp4,fake,319,NEURALTEXTURES,train
E:\FaceForencis++\NeuralTextures\844_797.mp4,fake,844,NEURALTEXTURES,train
E:\FaceForencis++\NeuralTextures\101_096.mp4,fake,101,NEURALTEXTURES,val
E:\FaceForencis++\NeuralTextures\124_085.mp4,fake,124,NEURALTEXTURES,test
E:\FaceForencis++\NeuralTextures\380_358.mp4,fake,380,NEURALTEXTURES,train
E:\FaceForencis++\NeuralTextures\471_455.mp4,fake,471,NEURALTEXTURES,test
E:\FaceForencis++\NeuralTextures\175_159.mp4,fake,175,NEURALTEXTURES,test
E:\FaceForencis++\NeuralTextures\187_234.mp4,fake,187,NEURALTEXTURES,val
E:\FaceForencis++\NeuralTextures\230_204.mp4,fake,230,NEURALTEXTURES,train
E:\FaceForencis++\NeuralTextures\108_052.mp4,fake,108,NEURALTEXTURES,train
E:\FaceForencis++\NeuralTextures\322_315.mp4,fake,322,NEURALTEXTURES,train
E:\FaceForencis++\NeuralTextures\046_904.mp4,fake,046,NEURALTEXTURES,train
E:\FaceForencis++\NeuralTextures\914_899.mp4,fake,914,NEURALTEXTURES,train
E:\FaceForencis++\NeuralTextures\181_199.mp4,fake,181,NEURALTEXTURES,train
E:\FaceForencis++\NeuralTextures\192_134.mp4,fake,192,NEURALTEXTURES,val
E:\FaceForencis++\NeuralTextures\978_975.mp4,fake,978,NEURALTEXTURES,train
E:\FaceForencis++\NeuralTextures\257_420.mp4,fake,257,NEURALTEXTURES,train
E:\FaceForencis++\NeuralTextures\965_948.mp4,fake,965,NEURALTEXTURES,val
E:\FaceForencis++\NeuralTextures\337_522.mp4,fake,337,NEURALTEXTURES,train
E:\FaceForencis++\NeuralTextures\758_754.mp4,fake,758,NEURALTEXTURES,val
E:\FaceForencis++\NeuralTextures\019_018.mp4,fake,019,NEURALTEXTURES,train
E:\FaceForencis++\NeuralTextures\905_860.mp4,fake,905,NEURALTEXTURES,train
E:\FaceForencis++\NeuralTextures\391_406.mp4,fake,391,NEURALTEXTURES,train
E:\FaceForencis++\NeuralTextures\630_623.mp4,fake,630,NEURALTEXTURES,test
E:\FaceForencis++\NeuralTextures\744_674.mp4,fake,744,NEURALTEXTURES,train
E:\FaceForencis++\NeuralTextures\874_291.mp4,fake,874,NEURALTEXTURES,test
E:\FaceForencis++\NeuralTextures\293_296.mp4,fake,293,NEURALTEXTURES,train
E:\FaceForencis++\NeuralTextures\139_130.mp4,fake,139,NEURALTEXTURES,train
E:\FaceForencis++\NeuralTextures\526_436.mp4,fake,526,NEURALTEXTURES,train
E:\FaceForencis++\NeuralTextures\073_024.mp4,fake,073,NEURALTEXTURES,train
E:\FaceForencis++\NeuralTextures\869_780.mp4,fake,869,NEURALTEXTURES,val
E:\FaceForencis++\NeuralTextures\537_563.mp4,fake,537,NEURALTEXTURES,val
E:\FaceForencis++\NeuralTextures\030_193.mp4,fake,030,NEURALTEXTURES,train
E:\FaceForencis++\NeuralTextures\314_347.mp4,fake,314,NEURALTEXTURES,train
E:\FaceForencis++\NeuralTextures\789_753.mp4,fake,789,NEURALTEXTURES,train
E:\FaceForencis++\NeuralTextures\276_185.mp4,fake,276,NEURALTEXTURES,val
E:\FaceForencis++\NeuralTextures\721_715.mp4,fake,721,NEURALTEXTURES,test
E:\FaceForencis++\NeuralTextures\172_582.mp4,fake,172,NEURALTEXTURES,test
E:\FaceForencis++\NeuralTextures\407_374.mp4,fake,407,NEURALTEXTURES,train
E:\FaceForencis++\NeuralTextures\127_129.mp4,fake,127,NEURALTEXTURES,train
E:\FaceForencis++\NeuralTextures\164_216.mp4,fake,164,NEURALTEXTURES,train
E:\FaceForencis++\NeuralTextures\456_435.mp4,fake,456,NEURALTEXTURES,train
E:\FaceForencis++\NeuralTextures\079_076.mp4,fake,079,NEURALTEXTURES,train
E:\FaceForencis++\NeuralTextures\348_202.mp4,fake,348,NEURALTEXTURES,train
E:\FaceForencis++\NeuralTextures\994_986.mp4,fake,994,NEURALTEXTURES,val
E:\FaceForencis++\NeuralTextures\752_751.mp4,fake,752,NEURALTEXTURES,train
E:\FaceForencis++\NeuralTextures\960_999.mp4,fake,960,NEURALTEXTURES,val
E:\FaceForencis++\NeuralTextures\888_937.mp4,fake,888,NEURALTEXTURES,val
E:\FaceForencis++\NeuralTextures\279_298.mp4,fake,279,NEURALTEXTURES,test
E:\FaceForencis++\NeuralTextures\939_115.mp4,fake,939,NEURALTEXTURES,train
E:\FaceForencis++\NeuralTextures\241_210.mp4,fake,241,NEURALTEXTURES,train
E:\FaceForencis++\NeuralTextures\956_958.mp4,fake,956,NEURALTEXTURES,train
E:\FaceForencis++\NeuralTextures\680_486.mp4,fake,680,NEURALTEXTURES,train
E:\FaceForencis++\NeuralTextures\411_410.mp4,fake,411,NEURALTEXTURES,train
E:\FaceForencis++\NeuralTextures\239_218.mp4,fake,239,NEURALTEXTURES,test
E:\FaceForencis++\NeuralTextures\575_603.mp4,fake,575,NEURALTEXTURES,train
E:\FaceForencis++\NeuralTextures\625_650.mp4,fake,625,NEURALTEXTURES,train
E:\FaceForencis++\NeuralTextures\598_178.mp4,fake,598,NEURALTEXTURES,val
E:\FaceForencis++\NeuralTextures\171_173.mp4,fake,171,NEURALTEXTURES,train
E:\FaceForencis++\NeuralTextures\113_983.mp4,fake,113,NEURALTEXTURES,test
E:\FaceForencis++\NeuralTextures\029_048.mp4,fake,029,NEURALTEXTURES,train
E:\FaceForencis++\NeuralTextures\542_520.mp4,fake,542,NEURALTEXTURES,test
E:\FaceForencis++\NeuralTextures\026_012.mp4,fake,026,NEURALTEXTURES,train
E:\FaceForencis++\NeuralTextures\488_399.mp4,fake,488,NEURALTEXTURES,train
E:\FaceForencis++\NeuralTextures\595_597.mp4,fake,595,NEURALTEXTURES,train
E:\FaceForencis++\NeuralTextures\360_437.mp4,fake,360,NEURALTEXTURES,train
E:\FaceForencis++\NeuralTextures\871_814.mp4,fake,871,NEURALTEXTURES,train
E:\FaceForencis++\NeuralTextures\928_160.mp4,fake,928,NEURALTEXTURES,train
E:\FaceForencis++\NeuralTextures\254_261.mp4,fake,254,NEURALTEXTURES,train
E:\FaceForencis++\NeuralTextures\491_226.mp4,fake,491,NEURALTEXTURES,train
E:\FaceForencis++\NeuralTextures\897_969.mp4,fake,897,NEURALTEXTURES,train
E:\FaceForencis++\NeuralTextures\323_302.mp4,fake,323,NEURALTEXTURES,train
E:\FaceForencis++\NeuralTextures\224_197.mp4,fake,224,NEURALTEXTURES,test
E:\FaceForencis++\NeuralTextures\350_349.mp4,fake,350,NEURALTEXTURES,train
E:\FaceForencis++\NeuralTextures\089_065.mp4,fake,089,NEURALTEXTURES,val
E:\FaceForencis++\NeuralTextures\085_124.mp4,fake,085,NEURALTEXTURES,train
E:\FaceForencis++\NeuralTextures\367_371.mp4,fake,367,NEURALTEXTURES,train
E:\FaceForencis++\NeuralTextures\243_156.mp4,fake,243,NEURALTEXTURES,train
E:\FaceForencis++\NeuralTextures\875_979.mp4,fake,875,NEURALTEXTURES,train
E:\FaceForencis++\NeuralTextures\934_918.mp4,fake,934,NEURALTEXTURES,train
E:\FaceForencis++\NeuralTextures\791_770.mp4,fake,791,NEURALTEXTURES,val
E:\FaceForencis++\NeuralTextures\920_811.mp4,fake,920,NEURALTEXTURES,test
E:\FaceForencis++\NeuralTextures\742_775.mp4,fake,742,NEURALTEXTURES,val
E:\FaceForencis++\NeuralTextures\898_922.mp4,fake,898,NEURALTEXTURES,train
E:\FaceForencis++\NeuralTextures\882_952.mp4,fake,882,NEURALTEXTURES,test
E:\FaceForencis++\NeuralTextures\858_861.mp4,fake,858,NEURALTEXTURES,train
E:\FaceForencis++\NeuralTextures\983_113.mp4,fake,983,NEURALTEXTURES,train
E:\FaceForencis++\NeuralTextures\125_038.mp4,fake,125,NEURALTEXTURES,val
E:\FaceForencis++\NeuralTextures\226_491.mp4,fake,226,NEURALTEXTURES,train
E:\FaceForencis++\NeuralTextures\114_102.mp4,fake,114,NEURALTEXTURES,train
E:\FaceForencis++\NeuralTextures\887_275.mp4,fake,887,NEURALTEXTURES,train
E:\FaceForencis++\NeuralTextures\309_303.mp4,fake,309,NEURALTEXTURES,test
E:\FaceForencis++\NeuralTextures\969_897.mp4,fake,969,NEURALTEXTURES,train
E:\FaceForencis++\NeuralTextures\160_928.mp4,fake,160,NEURALTEXTURES,train
E:\FaceForencis++\NeuralTextures\154_386.mp4,fake,154,NEURALTEXTURES,train
E:\FaceForencis++\NeuralTextures\345_259.mp4,fake,345,NEURALTEXTURES,train
E:\FaceForencis++\NeuralTextures\827_817.mp4,fake,827,NEURALTEXTURES,train
E:\FaceForencis++\NeuralTextures\232_248.mp4,fake,232,NEURALTEXTURES,val
E:\FaceForencis++\NeuralTextures\204_230.mp4,fake,204,NEURALTEXTURES,test
E:\FaceForencis++\NeuralTextures\817_827.mp4,fake,817,NEURALTEXTURES,val
E:\FaceForencis++\NeuralTextures\870_001.mp4,fake,870,NEURALTEXTURES,train
E:\FaceForencis++\NeuralTextures\926_900.mp4,fake,926,NEURALTEXTURES,test
E:\FaceForencis++\NeuralTextures\799_809.mp4,fake,799,NEURALTEXTURES,train
E:\FaceForencis++\NeuralTextures\102_114.mp4,fake,102,NEURALTEXTURES,val
E:\FaceForencis++\NeuralTextures\234_187.mp4,fake,234,NEURALTEXTURES,train
E:\FaceForencis++\NeuralTextures\136_285.mp4,fake,136,NEURALTEXTURES,train
E:\FaceForencis++\NeuralTextures\796_740.mp4,fake,796,NEURALTEXTURES,train
E:\FaceForencis++\NeuralTextures\494_445.mp4,fake,494,NEURALTEXTURES,train
E:\FaceForencis++\NeuralTextures\334_318.mp4,fake,334,NEURALTEXTURES,train
E:\FaceForencis++\NeuralTextures\986_994.mp4,fake,986,NEURALTEXTURES,train
E:\FaceForencis++\NeuralTextures\381_376.mp4,fake,381,NEURALTEXTURES,test
E:\FaceForencis++\NeuralTextures\476_400.mp4,fake,476,NEURALTEXTURES,train
E:\FaceForencis++\NeuralTextures\078_955.mp4,fake,078,NEURALTEXTURES,val
E:\FaceForencis++\NeuralTextures\767_694.mp4,fake,767,NEURALTEXTURES,train
E:\FaceForencis++\NeuralTextures\576_155.mp4,fake,576,NEURALTEXTURES,val
E:\FaceForencis++\NeuralTextures\296_293.mp4,fake,296,NEURALTEXTURES,train
E:\FaceForencis++\NeuralTextures\246_258.mp4,fake,246,NEURALTEXTURES,train
E:\FaceForencis++\NeuralTextures\725_724.mp4,fake,725,NEURALTEXTURES,train
E:\FaceForencis++\NeuralTextures\306_278.mp4,fake,306,NEURALTEXTURES,train
E:\FaceForencis++\NeuralTextures\152_149.mp4,fake,152,NEURALTEXTURES,train
E:\FaceForencis++\NeuralTextures\954_976.mp4,fake,954,NEURALTEXTURES,val
E:\FaceForencis++\NeuralTextures\820_818.mp4,fake,820,NEURALTEXTURES,val
E:\FaceForencis++\NeuralTextures\652_773.mp4,fake,652,NEURALTEXTURES,test
E:\FaceForencis++\NeuralTextures\474_281.mp4,fake,474,NEURALTEXTURES,train
E:\FaceForencis++\NeuralTextures\193_030.mp4,fake,193,NEURALTEXTURES,train
E:\FaceForencis++\NeuralTextures\757_573.mp4,fake,757,NEURALTEXTURES,train
E:\FaceForencis++\NeuralTextures\214_255.mp4,fake,214,NEURALTEXTURES,train
E:\FaceForencis++\NeuralTextures\746_571.mp4,fake,746,NEURALTEXTURES,train
E:\FaceForencis++\NeuralTextures\472_511.mp4,fake,472,NEURALTEXTURES,train
E:\FaceForencis++\NeuralTextures\104_126.mp4,fake,104,NEURALTEXTURES,train
E:\FaceForencis++\NeuralTextures\424_408.mp4,fake,424,NEURALTEXTURES,train
E:\FaceForencis++\NeuralTextures\848_894.mp4,fake,848,NEURALTEXTURES,test
E:\FaceForencis++\NeuralTextures\782_787.mp4,fake,782,NEURALTEXTURES,train
E:\FaceForencis++\NeuralTextures\777_745.mp4,fake,777,NEURALTEXTURES,train
E:\FaceForencis++\NeuralTextures\762_832.mp4,fake,762,NEURALTEXTURES,test
E:\FaceForencis++\NeuralTextures\256_146.mp4,fake,256,NEURALTEXTURES,train
E:\FaceForencis++\NeuralTextures\784_769.mp4,fake,784,NEURALTEXTURES,train
E:\FaceForencis++\NeuralTextures\811_920.mp4,fake,811,NEURALTEXTURES,train
E:\FaceForencis++\NeuralTextures\554_572.mp4,fake,554,NEURALTEXTURES,train
E:\FaceForencis++\NeuralTextures\628_568.mp4,fake,628,NEURALTEXTURES,train
E:\FaceForencis++\NeuralTextures\121_093.mp4,fake,121,NEURALTEXTURES,train
E:\FaceForencis++\NeuralTextures\588_556.mp4,fake,588,NEURALTEXTURES,train
E:\FaceForencis++\NeuralTextures\731_741.mp4,fake,731,NEURALTEXTURES,test
E:\FaceForencis++\NeuralTextures\819_786.mp4,fake,819,NEURALTEXTURES,test
E:\FaceForencis++\NeuralTextures\039_058.mp4,fake,039,NEURALTEXTURES,train
E:\FaceForencis++\NeuralTextures\061_080.mp4,fake,061,NEURALTEXTURES,train
E:\FaceForencis++\NeuralTextures\080_061.mp4,fake,080,NEURALTEXTURES,train
E:\FaceForencis++\NeuralTextures\371_367.mp4,fake,371,NEURALTEXTURES,train
E:\FaceForencis++\NeuralTextures\305_513.mp4,fake,305,NEURALTEXTURES,test
E:\FaceForencis++\NeuralTextures\754_758.mp4,fake,754,NEURALTEXTURES,train
E:\FaceForencis++\NeuralTextures\111_094.mp4,fake,111,NEURALTEXTURES,train
E:\FaceForencis++\NeuralTextures\868_949.mp4,fake,868,NEURALTEXTURES,train
E:\FaceForencis++\NeuralTextures\126_104.mp4,fake,126,NEURALTEXTURES,train
E:\FaceForencis++\NeuralTextures\591_605.mp4,fake,591,NEURALTEXTURES,train
E:\FaceForencis++\NeuralTextures\955_078.mp4,fake,955,NEURALTEXTURES,train
E:\FaceForencis++\NeuralTextures\485_425.mp4,fake,485,NEURALTEXTURES,train
E:\FaceForencis++\NeuralTextures\608_675.mp4,fake,608,NEURALTEXTURES,test
E:\FaceForencis++\NeuralTextures\855_801.mp4,fake,855,NEURALTEXTURES,train
E:\FaceForencis++\NeuralTextures\692_610.mp4,fake,692,NEURALTEXTURES,train
E:\FaceForencis++\NeuralTextures\942_943.mp4,fake,942,NEURALTEXTURES,train
E:\FaceForencis++\NeuralTextures\518_131.mp4,fake,518,NEURALTEXTURES,test
E:\FaceForencis++\NeuralTextures\989_993.mp4,fake,989,NEURALTEXTURES,train
E:\FaceForencis++\NeuralTextures\786_819.mp4,fake,786,NEURALTEXTURES,train
E:\FaceForencis++\NeuralTextures\525_509.mp4,fake,525,NEURALTEXTURES,train
E:\FaceForencis++\NeuralTextures\977_075.mp4,fake,977,NEURALTEXTURES,train
E:\FaceForencis++\NeuralTextures\599_585.mp4,fake,599,NEURALTEXTURES,train
E:\FaceForencis++\NeuralTextures\937_888.mp4,fake,937,NEURALTEXTURES,train
E:\FaceForencis++\NeuralTextures\523_541.mp4,fake,523,NEURALTEXTURES,train
E:\FaceForencis++\NeuralTextures\201_203.mp4,fake,201,NEURALTEXTURES,val
E:\FaceForencis++\NeuralTextures\995_233.mp4,fake,995,NEURALTEXTURES,val
E:\FaceForencis++\NeuralTextures\316_369.mp4,fake,316,NEURALTEXTURES,train
E:\FaceForencis++\NeuralTextures\808_829.mp4,fake,808,NEURALTEXTURES,val
E:\FaceForencis++\NeuralTextures\465_482.mp4,fake,465,NEURALTEXTURES,test
E:\FaceForencis++\NeuralTextures\647_622.mp4,fake,647,NEURALTEXTURES,train
E:\FaceForencis++\NeuralTextures\613_685.mp4,fake,613,NEURALTEXTURES,train
E:\FaceForencis++\NeuralTextures\998_561.mp4,fake,998,NEURALTEXTURES,train
E:\FaceForencis++\NeuralTextures\611_760.mp4,fake,611,NEURALTEXTURES,test
E:\FaceForencis++\NeuralTextures\223_586.mp4,fake,223,NEURALTEXTURES,val
E:\FaceForencis++\NeuralTextures\332_051.mp4,fake,332,NEURALTEXTURES,train
E:\FaceForencis++\NeuralTextures\522_337.mp4,fake,522,NEURALTEXTURES,train
E:\FaceForencis++\NeuralTextures\508_831.mp4,fake,508,NEURALTEXTURES,test
E:\FaceForencis++\NeuralTextures\210_241.mp4,fake,210,NEURALTEXTURES,train
E:\FaceForencis++\NeuralTextures\545_553.mp4,fake,545,NEURALTEXTURES,train
E:\FaceForencis++\NeuralTextures\670_661.mp4,fake,670,NEURALTEXTURES,train
E:\FaceForencis++\NeuralTextures\312_021.mp4,fake,312,NEURALTEXTURES,train
E:\FaceForencis++\NeuralTextures\581_697.mp4,fake,581,NEURALTEXTURES,train
E:\FaceForencis++\NeuralTextures\826_833.mp4,fake,826,NEURALTEXTURES,test
E:\FaceForencis++\NeuralTextures\735_774.mp4,fake,735,NEURALTEXTURES,test
E:\FaceForencis++\NeuralTextures\097_033.mp4,fake,097,NEURALTEXTURES,train
E:\FaceForencis++\NeuralTextures\283_313.mp4,fake,283,NEURALTEXTURES,train
E:\FaceForencis++\NeuralTextures\723_704.mp4,fake,723,NEURALTEXTURES,train
E:\FaceForencis++\NeuralTextures\842_714.mp4,fake,842,NEURALTEXTURES,val
E:\FaceForencis++\NeuralTextures\169_227.mp4,fake,169,NEURALTEXTURES,val
E:\FaceForencis++\NeuralTextures\266_252.mp4,fake,266,NEURALTEXTURES,train
E:\FaceForencis++\NeuralTextures\990_008.mp4,fake,990,NEURALTEXTURES,test
E:\FaceForencis++\NeuralTextures\190_176.mp4,fake,190,NEURALTEXTURES,val
E:\FaceForencis++\NeuralTextures\129_127.mp4,fake,129,NEURALTEXTURES,train
E:\FaceForencis++\NeuralTextures\676_776.mp4,fake,676,NEURALTEXTURES,val
E:\FaceForencis++\NeuralTextures\185_276.mp4,fake,185,NEURALTEXTURES,val
E:\FaceForencis++\NeuralTextures\106_198.mp4,fake,106,NEURALTEXTURES,train
E:\FaceForencis++\NeuralTextures\313_283.mp4,fake,313,NEURALTEXTURES,val
E:\FaceForencis++\NeuralTextures\392_339.mp4,fake,392,NEURALTEXTURES,test
E:\FaceForencis++\NeuralTextures\910_911.mp4,fake,910,NEURALTEXTURES,train
E:\FaceForencis++\NeuralTextures\706_479.mp4,fake,706,NEURALTEXTURES,train
E:\FaceForencis++\NeuralTextures\677_671.mp4,fake,677,NEURALTEXTURES,train
E:\FaceForencis++\NeuralTextures\300_304.mp4,fake,300,NEURALTEXTURES,test
E:\FaceForencis++\NeuralTextures\188_191.mp4,fake,188,NEURALTEXTURES,train
E:\FaceForencis++\NeuralTextures\315_322.mp4,fake,315,NEURALTEXTURES,train
E:\FaceForencis++\NeuralTextures\156_243.mp4,fake,156,NEURALTEXTURES,train
E:\FaceForencis++\NeuralTextures\716_712.mp4,fake,716,NEURALTEXTURES,train
E:\FaceForencis++\NeuralTextures\361_448.mp4,fake,361,NEURALTEXTURES,train
E:\FaceForencis++\NeuralTextures\700_813.mp4,fake,700,NEURALTEXTURES,train
E:\FaceForencis++\NeuralTextures\892_112.mp4,fake,892,NEURALTEXTURES,val
E:\FaceForencis++\NeuralTextures\970_973.mp4,fake,970,NEURALTEXTURES,val
E:\FaceForencis++\NeuralTextures\147_055.mp4,fake,147,NEURALTEXTURES,train
E:\FaceForencis++\NeuralTextures\570_624.mp4,fake,570,NEURALTEXTURES,val
E:\FaceForencis++\NeuralTextures\122_144.mp4,fake,122,NEURALTEXTURES,test
E:\FaceForencis++\NeuralTextures\707_705.mp4,fake,707,NEURALTEXTURES,train
E:\FaceForencis++\NeuralTextures\231_663.mp4,fake,231,NEURALTEXTURES,train
E:\FaceForencis++\NeuralTextures\132_007.mp4,fake,132,NEURALTEXTURES,test
E:\FaceForencis++\NeuralTextures\651_835.mp4,fake,651,NEURALTEXTURES,train
E:\FaceForencis++\NeuralTextures\501_326.mp4,fake,501,NEURALTEXTURES,test
E:\FaceForencis++\NeuralTextures\197_224.mp4,fake,197,NEURALTEXTURES,train
E:\FaceForencis++\NeuralTextures\447_431.mp4,fake,447,NEURALTEXTURES,train
E:\FaceForencis++\NeuralTextures\133_148.mp4,fake,133,NEURALTEXTURES,train
E:\FaceForencis++\NeuralTextures\404_429.mp4,fake,404,NEURALTEXTURES,train
E:\FaceForencis++\NeuralTextures\010_005.mp4,fake,010,NEURALTEXTURES,test
E:\FaceForencis++\NeuralTextures\841_639.mp4,fake,841,NEURALTEXTURES,train
E:\FaceForencis++\NeuralTextures\255_214.mp4,fake,255,NEURALTEXTURES,val
E:\FaceForencis++\NeuralTextures\401_395.mp4,fake,401,NEURALTEXTURES,test
E:\FaceForencis++\NeuralTextures\605_591.mp4,fake,605,NEURALTEXTURES,train
E:\FaceForencis++\NeuralTextures\635_642.mp4,fake,635,NEURALTEXTURES,train
E:\FaceForencis++\NeuralTextures\196_310.mp4,fake,196,NEURALTEXTURES,train
E:\FaceForencis++\NeuralTextures\857_909.mp4,fake,857,NEURALTEXTURES,train
E:\FaceForencis++\NeuralTextures\853_863.mp4,fake,853,NEURALTEXTURES,train
E:\FaceForencis++\NeuralTextures\060_088.mp4,fake,060,NEURALTEXTURES,train
E:\FaceForencis++\NeuralTextures\107_109.mp4,fake,107,NEURALTEXTURES,test
E:\FaceForencis++\NeuralTextures\497_403.mp4,fake,497,NEURALTEXTURES,train
E:\FaceForencis++\NeuralTextures\369_316.mp4,fake,369,NEURALTEXTURES,train
E:\FaceForencis++\NeuralTextures\565_589.mp4,fake,565,NEURALTEXTURES,train
E:\FaceForencis++\NeuralTextures\547_574.mp4,fake,547,NEURALTEXTURES,train
E:\FaceForencis++\NeuralTextures\339_392.mp4,fake,339,NEURALTEXTURES,train
E:\FaceForencis++\NeuralTextures\330_162.mp4,fake,330,NEURALTEXTURES,train
E:\FaceForencis++\NeuralTextures\176_190.mp4,fake,176,NEURALTEXTURES,train
E:\FaceForencis++\NeuralTextures\828_830.mp4,fake,828,NEURALTEXTURES,val
E:\FaceForencis++\NeuralTextures\448_361.mp4,fake,448,NEURALTEXTURES,test
E:\FaceForencis++\NeuralTextures\011_805.mp4,fake,011,NEURALTEXTURES,train
E:\FaceForencis++\NeuralTextures\368_378.mp4,fake,368,NEURALTEXTURES,test
E:\FaceForencis++\NeuralTextures\947_951.mp4,fake,947,NEURALTEXTURES,test
E:\FaceForencis++\NeuralTextures\535_587.mp4,fake,535,NEURALTEXTURES,train
E:\FaceForencis++\NeuralTextures\902_901.mp4,fake,902,NEURALTEXTURES,test
E:\FaceForencis++\NeuralTextures\018_019.mp4,fake,018,NEURALTEXTURES,train
E:\FaceForencis++\NeuralTextures\711_681.mp4,fake,711,NEURALTEXTURES,train
E:\FaceForencis++\NeuralTextures\259_345.mp4,fake,259,NEURALTEXTURES,train
E:\FaceForencis++\NeuralTextures\032_944.mp4,fake,032,NEURALTEXTURES,test
E:\FaceForencis++\NeuralTextures\861_858.mp4,fake,861,NEURALTEXTURES,train
E:\FaceForencis++\NeuralTextures\618_629.mp4,fake,618,NEURALTEXTURES,train
E:\FaceForencis++\NeuralTextures\076_079.mp4,fake,076,NEURALTEXTURES,test
E:\FaceForencis++\NeuralTextures\052_108.mp4,fake,052,NEURALTEXTURES,train
E:\FaceForencis++\NeuralTextures\377_333.mp4,fake,377,NEURALTEXTURES,val
E:\FaceForencis++\NeuralTextures\761_766.mp4,fake,761,NEURALTEXTURES,val
E:\FaceForencis++\NeuralTextures\100_077.mp4,fake,100,NEURALTEXTURES,train
E:\FaceForencis++\NeuralTextures\301_262.mp4,fake,301,NEURALTEXTURES,train
E:\FaceForencis++\NeuralTextures\072_037.mp4,fake,072,NEURALTEXTURES,train
E:\FaceForencis++\NeuralTextures\636_578.mp4,fake,636,NEURALTEXTURES,train
E:\FaceForencis++\NeuralTextures\420_257.mp4,fake,420,NEURALTEXTURES,train
E:\FaceForencis++\NeuralTextures\499_539.mp4,fake,499,NEURALTEXTURES,train
E:\FaceForencis++\NeuralTextures\320_328.mp4,fake,320,NEURALTEXTURES,train
E:\FaceForencis++\NeuralTextures\604_703.mp4,fake,604,NEURALTEXTURES,val
E:\FaceForencis++\NeuralTextures\413_372.mp4,fake,413,NEURALTEXTURES,train
E:\FaceForencis++\NeuralTextures\451_449.mp4,fake,451,NEURALTEXTURES,train
E:\FaceForencis++\NeuralTextures\178_598.mp4,fake,178,NEURALTEXTURES,train
E:\FaceForencis++\NeuralTextures\251_375.mp4,fake,251,NEURALTEXTURES,train
E:\FaceForencis++\NeuralTextures\287_426.mp4,fake,287,NEURALTEXTURES,train
E:\FaceForencis++\NeuralTextures\228_289.mp4,fake,228,NEURALTEXTURES,test
E:\FaceForencis++\NeuralTextures\664_668.mp4,fake,664,NEURALTEXTURES,train
E:\FaceForencis++\NeuralTextures\092_098.mp4,fake,092,NEURALTEXTURES,train
E:\FaceForencis++\NeuralTextures\656_666.mp4,fake,656,NEURALTEXTURES,val
E:\FaceForencis++\NeuralTextures\304_300.mp4,fake,304,NEURALTEXTURES,test
E:\FaceForencis++\NeuralTextures\138_142.mp4,fake,138,NEURALTEXTURES,val
E:\FaceForencis++\NeuralTextures\134_192.mp4,fake,134,NEURALTEXTURES,train
E:\FaceForencis++\NeuralTextures\740_796.mp4,fake,740,NEURALTEXTURES,train
E:\FaceForencis++\NeuralTextures\941_940.mp4,fake,941,NEURALTEXTURES,train
E:\FaceForencis++\NeuralTextures\609_596.mp4,fake,609,NEURALTEXTURES,train
E:\FaceForencis++\NeuralTextures\022_489.mp4,fake,022,NEURALTEXTURES,val
E:\FaceForencis++\NeuralTextures\553_545.mp4,fake,553,NEURALTEXTURES,val
E:\FaceForencis++\NeuralTextures\333_377.mp4,fake,333,NEURALTEXTURES,train
E:\FaceForencis++\NeuralTextures\922_898.mp4,fake,922,NEURALTEXTURES,train
E:\FaceForencis++\NeuralTextures\020_344.mp4,fake,020,NEURALTEXTURES,train
E:\FaceForencis++\NeuralTextures\219_220.mp4,fake,219,NEURALTEXTURES,val
E:\FaceForencis++\NeuralTextures\464_463.mp4,fake,464,NEURALTEXTURES,train
E:\FaceForencis++\NeuralTextures\693_698.mp4,fake,693,NEURALTEXTURES,test
E:\FaceForencis++\NeuralTextures\574_547.mp4,fake,574,NEURALTEXTURES,val
E:\FaceForencis++\NeuralTextures\881_856.mp4,fake,881,NEURALTEXTURES,train
E:\FaceForencis++\NeuralTextures\774_735.mp4,fake,774,NEURALTEXTURES,train
E:\FaceForencis++\NeuralTextures\376_381.mp4,fake,376,NEURALTEXTURES,train
E:\FaceForencis++\NeuralTextures\384_932.mp4,fake,384,NEURALTEXTURES,train
E:\FaceForencis++\NeuralTextures\273_807.mp4,fake,273,NEURALTEXTURES,test
E:\FaceForencis++\NeuralTextures\047_862.mp4,fake,047,NEURALTEXTURES,train
E:\FaceForencis++\NeuralTextures\179_212.mp4,fake,179,NEURALTEXTURES,val
E:\FaceForencis++\NeuralTextures\426_287.mp4,fake,426,NEURALTEXTURES,train
E:\FaceForencis++\NeuralTextures\180_105.mp4,fake,180,NEURALTEXTURES,val
E:\FaceForencis++\NeuralTextures\770_791.mp4,fake,770,NEURALTEXTURES,test
E:\FaceForencis++\NeuralTextures\650_625.mp4,fake,650,NEURALTEXTURES,train
E:\FaceForencis++\NeuralTextures\896_128.mp4,fake,896,NEURALTEXTURES,train
E:\FaceForencis++\NeuralTextures\292_294.mp4,fake,292,NEURALTEXTURES,train
E:\FaceForencis++\NeuralTextures\714_842.mp4,fake,714,NEURALTEXTURES,train
E:\FaceForencis++\NeuralTextures\587_535.mp4,fake,587,NEURALTEXTURES,train
E:\FaceForencis++\NeuralTextures\282_238.mp4,fake,282,NEURALTEXTURES,val
E:\FaceForencis++\NeuralTextures\247_229.mp4,fake,247,NEURALTEXTURES,train
E:\FaceForencis++\NeuralTextures\873_872.mp4,fake,873,NEURALTEXTURES,train
E:\FaceForencis++\NeuralTextures\771_849.mp4,fake,771,NEURALTEXTURES,train
E:\FaceForencis++\NeuralTextures\055_147.mp4,fake,055,NEURALTEXTURES,train
E:\FaceForencis++\NeuralTextures\571_746.mp4,fake,571,NEURALTEXTURES,train
E:\FaceForencis++\NeuralTextures\627_658.mp4,fake,627,NEURALTEXTURES,train
E:\FaceForencis++\NeuralTextures\148_133.mp4,fake,148,NEURALTEXTURES,train
E:\FaceForencis++\NeuralTextures\363_343.mp4,fake,363,NEURALTEXTURES,train
E:\FaceForencis++\NeuralTextures\893_913.mp4,fake,893,NEURALTEXTURES,train
E:\FaceForencis++\NeuralTextures\015_919.mp4,fake,015,NEURALTEXTURES,val
E:\FaceForencis++\NeuralTextures\738_804.mp4,fake,738,NEURALTEXTURES,val
E:\FaceForencis++\NeuralTextures\579_701.mp4,fake,579,NEURALTEXTURES,train
E:\FaceForencis++\NeuralTextures\724_725.mp4,fake,724,NEURALTEXTURES,test
E:\FaceForencis++\NeuralTextures\829_808.mp4,fake,829,NEURALTEXTURES,train
E:\FaceForencis++\NeuralTextures\189_200.mp4,fake,189,NEURALTEXTURES,train
E:\FaceForencis++\NeuralTextures\515_519.mp4,fake,515,NEURALTEXTURES,test
E:\FaceForencis++\NeuralTextures\755_759.mp4,fake,755,NEURALTEXTURES,train
E:\FaceForencis++\NeuralTextures\421_423.mp4,fake,421,NEURALTEXTURES,train
E:\FaceForencis++\NeuralTextures\475_265.mp4,fake,475,NEURALTEXTURES,train
E:\FaceForencis++\NeuralTextures\151_225.mp4,fake,151,NEURALTEXTURES,train
E:\FaceForencis++\NeuralTextures\917_924.mp4,fake,917,NEURALTEXTURES,val
E:\FaceForencis++\NeuralTextures\663_231.mp4,fake,663,NEURALTEXTURES,train
E:\FaceForencis++\NeuralTextures\419_824.mp4,fake,419,NEURALTEXTURES,test
E:\FaceForencis++\NeuralTextures\541_523.mp4,fake,541,NEURALTEXTURES,train
E:\FaceForencis++\NeuralTextures\441_439.mp4,fake,441,NEURALTEXTURES,test
E:\FaceForencis++\NeuralTextures\703_604.mp4,fake,703,NEURALTEXTURES,train
E:\FaceForencis++\NeuralTextures\238_282.mp4,fake,238,NEURALTEXTURES,train
E:\FaceForencis++\NeuralTextures\821_812.mp4,fake,821,NEURALTEXTURES,train
E:\celeb deepfake\Celeb-synthesis\id22_id20_0006.mp4,fake,id22,CELEB_SYNTHESIS,train
E:\celeb deepfake\Celeb-synthesis\id25_id20_0005.mp4,fake,id25,CELEB_SYNTHESIS,val
E:\celeb deepfake\Celeb-synthesis\id17_id1_0006.mp4,fake,id17,CELEB_SYNTHESIS,train
E:\celeb deepfake\Celeb-synthesis\id30_id23_0002.mp4,fake,id30,CELEB_SYNTHESIS,val
E:\celeb deepfake\Celeb-synthesis\id37_id6_0006.mp4,fake,id37,CELEB_SYNTHESIS,train
E:\celeb deepfake\Celeb-synthesis\id53_id57_0000.mp4,fake,id53,CELEB_SYNTHESIS,train
E:\celeb deepfake\Celeb-synthesis\id37_id2_0003.mp4,fake,id37,CELEB_SYNTHESIS,train
E:\celeb deepfake\Celeb-synthesis\id43_id47_0009.mp4,fake,id43,CELEB_SYNTHESIS,train
E:\celeb deepfake\Celeb-synthesis\id30_id31_0008.mp4,fake,id30,CELEB_SYNTHESIS,val
E:\celeb deepfake\Celeb-synthesis\id37_id29_0008.mp4,fake,id37,CELEB_SYNTHESIS,train
E:\celeb deepfake\Celeb-synthesis\id23_id4_0005.mp4,fake,id23,CELEB_SYNTHESIS,val
E:\celeb deepfake\Celeb-synthesis\id40_id39_0006.mp4,fake,id40,CELEB_SYNTHESIS,test
E:\celeb deepfake\Celeb-synthesis\id39_id48_0000.mp4,fake,id39,CELEB_SYNTHESIS,train
E:\celeb deepfake\Celeb-synthesis\id28_id2_0005.mp4,fake,id28,CELEB_SYNTHESIS,train
E:\celeb deepfake\Celeb-synthesis\id31_id1_0006.mp4,fake,id31,CELEB_SYNTHESIS,val
E:\celeb deepfake\Celeb-synthesis\id16_id28_0009.mp4,fake,id16,CELEB_SYNTHESIS,train
E:\celeb deepfake\Celeb-synthesis\id1_id3_0004.mp4,fake,id1,CELEB_SYNTHESIS,train
E:\celeb deepfake\Celeb-synthesis\id40_id42_0007.mp4,fake,id40,CELEB_SYNTHESIS,test
E:\celeb deepfake\Celeb-synthesis\id23_id2_0004.mp4,fake,id23,CELEB_SYNTHESIS,val
E:\celeb deepfake\Celeb-synthesis\id13_id10_0005.mp4,fake,id13,CELEB_SYNTHESIS,val
E:\celeb deepfake\Celeb-synthesis\id0_id21_0000.mp4,fake,id0,CELEB_SYNTHESIS,train
E:\celeb deepfake\Celeb-synthesis\id6_id30_0007.mp4,fake,id6,CELEB_SYNTHESIS,test
E:\celeb deepfake\Celeb-synthesis\id56_id51_0000.mp4,fake,id56,CELEB_SYNTHESIS,train
E:\celeb deepfake\Celeb-synthesis\id1_id21_0001.mp4,fake,id1,CELEB_SYNTHESIS,train
E:\celeb deepfake\Celeb-synthesis\id21_id0_0009.mp4,fake,id21,CELEB_SYNTHESIS,train
E:\celeb deepfake\Celeb-synthesis\id7_id11_0005.mp4,fake,id7,CELEB_SYNTHESIS,train
E:\celeb deepfake\Celeb-synthesis\id23_id9_0008.mp4,fake,id23,CELEB_SYNTHESIS,val
E:\celeb deepfake\Celeb-synthesis\id55_id50_0006.mp4,fake,id55,CELEB_SYNTHESIS,train
E:\celeb deepfake\Celeb-synthesis\id38_id31_0001.mp4,fake,id38,CELEB_SYNTHESIS,train
E:\celeb deepfake\Celeb-synthesis\id3_id17_0005.mp4,fake,id3,CELEB_SYNTHESIS,train
E:\celeb deepfake\Celeb-synthesis\id30_id21_0000.mp4,fake,id30,CELEB_SYNTHESIS,val
E:\celeb deepfake\Celeb-synthesis\id42_id43_0001.mp4,fake,id42,CELEB_SYNTHESIS,test
E:\celeb deepfake\Celeb-synthesis\id20_id4_0001.mp4,fake,id20,CELEB_SYNTHESIS,test
E:\celeb deepfake\Celeb-synthesis\id3_id6_0003.mp4,fake,id3,CELEB_SYNTHESIS,train
E:\celeb deepfake\Celeb-synthesis\id47_id48_0003.mp4,fake,id47,CELEB_SYNTHESIS,test
E:\celeb deepfake\Celeb-synthesis\id59_id5_0007.mp4,fake,id59,CELEB_SYNTHESIS,train
E:\celeb deepfake\Celeb-synthesis\id16_id23_0012.mp4,fake,id16,CELEB_SYNTHESIS,train
E:\celeb deepfake\Celeb-synthesis\id4_id30_0000.mp4,fake,id4,CELEB_SYNTHESIS,train
E:\celeb deepfake\Celeb-synthesis\id34_id35_0009.mp4,fake,id34,CELEB_SYNTHESIS,train
E:\celeb deepfake\Celeb-synthesis\id6_id16_0003.mp4,fake,id6,CELEB_SYNTHESIS,test
E:\celeb deepfake\Celeb-synthesis\id21_id6_0008.mp4,fake,id21,CELEB_SYNTHESIS,train
E:\celeb deepfake\Celeb-synthesis\id45_id43_0004.mp4,fake,id45,CELEB_SYNTHESIS,val
E:\celeb deepfake\Celeb-synthesis\id37_id4_0000.mp4,fake,id37,CELEB_SYNTHESIS,train
E:\celeb deepfake\Celeb-synthesis\id46_id47_0000.mp4,fake,id46,CELEB_SYNTHESIS,train
E:\celeb deepfake\Celeb-synthesis\id6_id2_0005.mp4,fake,id6,CELEB_SYNTHESIS,test
E:\celeb deepfake\Celeb-synthesis\id46_id45_0005.mp4,fake,id46,CELEB_SYNTHESIS,train
E:\celeb deepfake\Celeb-synthesis\id28_id1_0001.mp4,fake,id28,CELEB_SYNTHESIS,train
E:\celeb deepfake\Celeb-synthesis\id17_id21_0002.mp4,fake,id17,CELEB_SYNTHESIS,train
E:\celeb deepfake\Celeb-synthesis\id10_id12_0002.mp4,fake,id10,CELEB_SYNTHESIS,train
E:\celeb deepfake\Celeb-synthesis\id29_id20_0006.mp4,fake,id29,CELEB_SYNTHESIS,val
E:\celeb deepfake\Celeb-synthesis\id32_id31_0007.mp4,fake,id32,CELEB_SYNTHESIS,train
E:\celeb deepfake\Celeb-synthesis\id32_id31_0008.mp4,fake,id32,CELEB_SYNTHESIS,train
E:\celeb deepfake\Celeb-synthesis\id37_id26_0005.mp4,fake,id37,CELEB_SYNTHESIS,train
E:\celeb deepfake\Celeb-synthesis\id37_id4_0002.mp4,fake,id37,CELEB_SYNTHESIS,train
E:\celeb deepfake\Celeb-synthesis\id17_id30_0009.mp4,fake,id17,CELEB_SYNTHESIS,train
E:\celeb deepfake\Celeb-synthesis\id33_id35_0007.mp4,fake,id33,CELEB_SYNTHESIS,val
E:\celeb deepfake\Celeb-synthesis\id16_id6_0006.mp4,fake,id16,CELEB_SYNTHESIS,train
E:\celeb deepfake\Celeb-synthesis\id42_id39_0002.mp4,fake,id42,CELEB_SYNTHESIS,test
E:\celeb deepfake\Celeb-synthesis\id50_id54_0002.mp4,fake,id50,CELEB_SYNTHESIS,train
E:\celeb deepfake\Celeb-synthesis\id38_id23_0004.mp4,fake,id38,CELEB_SYNTHESIS,train
E:\celeb deepfake\Celeb-synthesis\id39_id45_0001.mp4,fake,id39,CELEB_SYNTHESIS,train
E:\celeb deepfake\Celeb-synthesis\id41_id43_0005.mp4,fake,id41,CELEB_SYNTHESIS,val
E:\celeb deepfake\Celeb-synthesis\id54_id58_0008.mp4,fake,id54,CELEB_SYNTHESIS,train
E:\celeb deepfake\Celeb-synthesis\id21_id9_0004.mp4,fake,id21,CELEB_SYNTHESIS,train
E:\celeb deepfake\Celeb-synthesis\id16_id21_0010.mp4,fake,id16,CELEB_SYNTHESIS,train
E:\celeb deepfake\Celeb-synthesis\id6_id4_0009.mp4,fake,id6,CELEB_SYNTHESIS,test
E:\celeb deepfake\Celeb-synthesis\id1_id20_0005.mp4,fake,id1,CELEB_SYNTHESIS,train
E:\celeb deepfake\Celeb-synthesis\id53_id57_0007.mp4,fake,id53,CELEB_SYNTHESIS,train
E:\celeb deepfake\Celeb-synthesis\id34_id31_0007.mp4,fake,id34,CELEB_SYNTHESIS,train
E:\celeb deepfake\Celeb-synthesis\id26_id38_0003.mp4,fake,id26,CELEB_SYNTHESIS,train
E:\celeb deepfake\Celeb-synthesis\id51_id50_0002.mp4,fake,id51,CELEB_SYNTHESIS,test
E:\celeb deepfake\Celeb-synthesis\id58_id54_0001.mp4,fake,id58,CELEB_SYNTHESIS,test
E:\celeb deepfake\Celeb-synthesis\id17_id37_0004.mp4,fake,id17,CELEB_SYNTHESIS,train
E:\celeb deepfake\Celeb-synthesis\id35_id1_0008.mp4,fake,id35,CELEB_SYNTHESIS,train
E:\celeb deepfake\Celeb-synthesis\id37_id33_0005.mp4,fake,id37,CELEB_SYNTHESIS,train
E:\celeb deepfake\Celeb-synthesis\id9_id31_0002.mp4,fake,id9,CELEB_SYNTHESIS,val
E:\celeb deepfake\Celeb-synthesis\id20_id32_0009.mp4,fake,id20,CELEB_SYNTHESIS,test
E:\celeb deepfake\Celeb-synthesis\id54_id53_0006.mp4,fake,id54,CELEB_SYNTHESIS,train
E:\celeb deepfake\Celeb-synthesis\id33_id35_0005.mp4,fake,id33,CELEB_SYNTHESIS,val
E:\celeb deepfake\Celeb-synthesis\id34_id35_0008.mp4,fake,id34,CELEB_SYNTHESIS,train
E:\celeb deepfake\Celeb-synthesis\id20_id35_0009.mp4,fake,id20,CELEB_SYNTHESIS,test
E:\celeb deepfake\Celeb-synthesis\id16_id37_0010.mp4,fake,id16,CELEB_SYNTHESIS,train
E:\celeb deepfake\Celeb-synthesis\id47_id42_0007.mp4,fake,id47,CELEB_SYNTHESIS,test
E:\celeb deepfake\Celeb-synthesis\id54_id52_0003.mp4,fake,id54,CELEB_SYNTHESIS,train
E:\celeb deepfake\Celeb-synthesis\id28_id38_0003.mp4,fake,id28,CELEB_SYNTHESIS,train
E:\celeb deepfake\Celeb-synthesis\id39_id45_0008.mp4,fake,id39,CELEB_SYNTHESIS,train
E:\celeb deepfake\Celeb-synthesis\id33_id30_0009.mp4,fake,id33,CELEB_SYNTHESIS,val
E:\celeb deepfake\Celeb-synthesis\id35_id32_0009.mp4,fake,id35,CELEB_SYNTHESIS,train
E:\celeb deepfake\Celeb-synthesis\id3_id37_0004.mp4,fake,id3,CELEB_SYNTHESIS,train
E:\celeb deepfake\Celeb-synthesis\id40_id46_0000.mp4,fake,id40,CELEB_SYNTHESIS,test
E:\celeb deepfake\Celeb-synthesis\id21_id17_0006.mp4,fake,id21,CELEB_SYNTHESIS,train
E:\celeb deepfake\Celeb-synthesis\id2_id26_0006.mp4,fake,id2,CELEB_SYNTHESIS,train
E:\celeb deepfake\Celeb-synthesis\id42_id39_0001.mp4,fake,id42,CELEB_SYNTHESIS,test
E:\celeb deepfake\Celeb-synthesis\id50_id49_0007.mp4,fake,id50,CELEB_SYNTHESIS,train
E:\celeb deepfake\Celeb-synthesis\id17_id28_0003.mp4,fake,id17,CELEB_SYNTHESIS,train
E:\celeb deepfake\Celeb-synthesis\id16_id6_0000.mp4,fake,id16,CELEB_SYNTHESIS,train
E:\celeb deepfake\Celeb-synthesis\id35_id32_0000.mp4,fake,id35,CELEB_SYNTHESIS,train
E:\celeb deepfake\Celeb-synthesis\id61_id60_0005.mp4,fake,id61,CELEB_SYNTHESIS,val
E:\celeb deepfake\Celeb-synthesis\id57_id52_0004.mp4,fake,id57,CELEB_SYNTHESIS,train
E:\celeb deepfake\Celeb-synthesis\id44_id43_0003.mp4,fake,id44,CELEB_SYNTHESIS,train
E:\celeb deepfake\Celeb-synthesis\id3_id9_0006.mp4,fake,id3,CELEB_SYNTHESIS,train
E:\celeb deepfake\Celeb-synthesis\id30_id20_0009.mp4,fake,id30,CELEB_SYNTHESIS,val
E:\celeb deepfake\Celeb-synthesis\id24_id21_0006.mp4,fake,id24,CELEB_SYNTHESIS,val
E:\celeb deepfake\Celeb-synthesis\id4_id31_0005.mp4,fake,id4,CELEB_SYNTHESIS,train
E:\celeb deepfake\Celeb-synthesis\id29_id20_0009.mp4,fake,id29,CELEB_SYNTHESIS,val
E:\celeb deepfake\Celeb-synthesis\id0_id9_0000.mp4,fake,id0,CELEB_SYNTHESIS,train
E:\celeb deepfake\Celeb-synthesis\id53_id56_0002.mp4,fake,id53,CELEB_SYNTHESIS,train
E:\celeb deepfake\Celeb-synthesis\id1_id28_0004.mp4,fake,id1,CELEB_SYNTHESIS,train
E:\celeb deepfake\Celeb-synthesis\id38_id21_0004.mp4,fake,id38,CELEB_SYNTHESIS,train
E:\celeb deepfake\Celeb-synthesis\id17_id20_0001.mp4,fake,id17,CELEB_SYNTHESIS,train
E:\celeb deepfake\Celeb-synthesis\id56_id52_0002.mp4,fake,id56,CELEB_SYNTHESIS,train
E:\celeb deepfake\Celeb-synthesis\id9_id16_0004.mp4,fake,id9,CELEB_SYNTHESIS,val
E:\celeb deepfake\Celeb-synthesis\id28_id16_0009.mp4,fake,id28,CELEB_SYNTHESIS,train
E:\celeb deepfake\Celeb-synthesis\id21_id33_0007.mp4,fake,id21,CELEB_SYNTHESIS,train
E:\celeb deepfake\Celeb-synthesis\id2_id1_0003.mp4,fake,id2,CELEB_SYNTHESIS,train
E:\celeb deepfake\Celeb-synthesis\id6_id37_0004.mp4,fake,id6,CELEB_SYNTHESIS,test
E:\celeb deepfake\Celeb-synthesis\id52_id58_0009.mp4,fake,id52,CELEB_SYNTHESIS,train
E:\celeb deepfake\Celeb-synthesis\id34_id21_0003.mp4,fake,id34,CELEB_SYNTHESIS,train
E:\celeb deepfake\Celeb-synthesis\id8_id6_0007.mp4,fake,id8,CELEB_SYNTHESIS,test
E:\celeb deepfake\Celeb-synthesis\id23_id31_0000.mp4,fake,id23,CELEB_SYNTHESIS,val
E:\celeb deepfake\Celeb-synthesis\id55_id54_0007.mp4,fake,id55,CELEB_SYNTHESIS,train
E:\celeb deepfake\Celeb-synthesis\id17_id9_0000.mp4,fake,id17,CELEB_SYNTHESIS,train
E:\celeb deepfake\Celeb-synthesis\id4_id6_0001.mp4,fake,id4,CELEB_SYNTHESIS,train
E:\celeb deepfake\Celeb-synthesis\id29_id38_0002.mp4,fake,id29,CELEB_SYNTHESIS,val
E:\celeb deepfake\Celeb-synthesis\id26_id25_0008.mp4,fake,id26,CELEB_SYNTHESIS,train
E:\celeb deepfake\Celeb-synthesis\id21_id20_0009.mp4,fake,id21,CELEB_SYNTHESIS,train
E:\celeb deepfake\Celeb-synthesis\id1_id3_0007.mp4,fake,id1,CELEB_SYNTHESIS,train
E:\celeb deepfake\Celeb-synthesis\id50_id54_0001.mp4,fake,id50,CELEB_SYNTHESIS,train
E:\celeb deepfake\Celeb-synthesis\id43_id42_0008.mp4,fake,id43,CELEB_SYNTHESIS,train
E:\celeb deepfake\Celeb-synthesis\id29_id33_0005.mp4,fake,id29,CELEB_SYNTHESIS,val
E:\celeb deepfake\Celeb-synthesis\id51_id55_0005.mp4,fake,id51,CELEB_SYNTHESIS,test
E:\celeb deepfake\Celeb-synthesis\id21_id23_0002.mp4,fake,id21,CELEB_SYNTHESIS,train
E:\celeb deepfake\Celeb-synthesis\id2_id21_0007.mp4,fake,id2,CELEB_SYNTHESIS,train
E:\celeb deepfake\Celeb-synthesis\id43_id48_0005.mp4,fake,id43,CELEB_SYNTHESIS,train
E:\celeb deepfake\Celeb-synthesis\id26_id2_0006.mp4,fake,id26,CELEB_SYNTHESIS,train
E:\celeb deepfake\Celeb-synthesis\id49_id54_0000.mp4,fake,id49,CELEB_SYNTHESIS,train
E:\celeb deepfake\Celeb-synthesis\id32_id37_0007.mp4,fake,id32,CELEB_SYNTHESIS,train
E:\celeb deepfake\Celeb-synthesis\id20_id6_0006.mp4,fake,id20,CELEB_SYNTHESIS,test
E:\celeb deepfake\Celeb-synthesis\id35_id9_0006.mp4,fake,id35,CELEB_SYNTHESIS,train
E:\celeb deepfake\Celeb-synthesis\id0_id4_0004.mp4,fake,id0,CELEB_SYNTHESIS,train
E:\celeb deepfake\Celeb-synthesis\id0_id26_0009.mp4,fake,id0,CELEB_SYNTHESIS,train
E:\celeb deepfake\Celeb-synthesis\id58_id49_0008.mp4,fake,id58,CELEB_SYNTHESIS,test
E:\celeb deepfake\Celeb-synthesis\id28_id21_0000.mp4,fake,id28,CELEB_SYNTHESIS,train
E:\celeb deepfake\Celeb-synthesis\id33_id20_0005.mp4,fake,id33,CELEB_SYNTHESIS,val
E:\celeb deepfake\Celeb-synthesis\id52_id50_0009.mp4,fake,id52,CELEB_SYNTHESIS,train
E:\celeb deepfake\Celeb-synthesis\id50_id57_0003.mp4,fake,id50,CELEB_SYNTHESIS,train
E:\celeb deepfake\Celeb-synthesis\id1_id0_0002.mp4,fake,id1,CELEB_SYNTHESIS,train
E:\celeb deepfake\Celeb-synthesis\id30_id26_0009.mp4,fake,id30,CELEB_SYNTHESIS,val
E:\celeb deepfake\Celeb-synthesis\id39_id47_0009.mp4,fake,id39,CELEB_SYNTHESIS,train
E:\celeb deepfake\Celeb-synthesis\id25_id23_0005.mp4,fake,id25,CELEB_SYNTHESIS,val
E:\celeb deepfake\Celeb-synthesis\id24_id19_0003.mp4,fake,id24,CELEB_SYNTHESIS,val
E:\celeb deepfake\Celeb-synthesis\id26_id30_0003.mp4,fake,id26,CELEB_SYNTHESIS,train
E:\celeb deepfake\Celeb-synthesis\id46_id48_0003.mp4,fake,id46,CELEB_SYNTHESIS,train
E:\celeb deepfake\Celeb-synthesis\id3_id1_0001.mp4,fake,id3,CELEB_SYNTHESIS,train
E:\celeb deepfake\Celeb-synthesis\id22_id27_0003.mp4,fake,id22,CELEB_SYNTHESIS,train
E:\celeb deepfake\Celeb-synthesis\id47_id45_0003.mp4,fake,id47,CELEB_SYNTHESIS,test
E:\celeb deepfake\Celeb-synthesis\id4_id2_0000.mp4,fake,id4,CELEB_SYNTHESIS,train
E:\celeb deepfake\Celeb-synthesis\id32_id28_0007.mp4,fake,id32,CELEB_SYNTHESIS,train
E:\celeb deepfake\Celeb-synthesis\id33_id37_0007.mp4,fake,id33,CELEB_SYNTHESIS,val
E:\celeb deepfake\Celeb-synthesis\id20_id1_0002.mp4,fake,id20,CELEB_SYNTHESIS,test
E:\celeb deepfake\Celeb-synthesis\id42_id48_0003.mp4,fake,id42,CELEB_SYNTHESIS,test
E:\celeb deepfake\Celeb-synthesis\id26_id3_0001.mp4,fake,id26,CELEB_SYNTHESIS,train
E:\celeb deepfake\Celeb-synthesis\id37_id32_0008.mp4,fake,id37,CELEB_SYNTHESIS,train
E:\celeb deepfake\Celeb-synthesis\id54_id57_0009.mp4,fake,id54,CELEB_SYNTHESIS,train
E:\celeb deepfake\Celeb-synthesis\id53_id49_0001.mp4,fake,id53,CELEB_SYNTHESIS,train
E:\celeb deepfake\Celeb-synthesis\id19_id27_0008.mp4,fake,id19,CELEB_SYNTHESIS,train
E:\celeb deepfake\Celeb-synthesis\id30_id1_0008.mp4,fake,id30,CELEB_SYNTHESIS,val
E:\celeb deepfake\Celeb-synthesis\id34_id30_0007.mp4,fake,id34,CELEB_SYNTHESIS,train
E:\celeb deepfake\Celeb-synthesis\id53_id58_0001.mp4,fake,id53,CELEB_SYNTHESIS,train
E:\celeb deepfake\Celeb-synthesis\id51_id49_0002.mp4,fake,id51,CELEB_SYNTHESIS,test
E:\celeb deepfake\Celeb-synthesis\id16_id21_0003.mp4,fake,id16,CELEB_SYNTHESIS,train
E:\celeb deepfake\Celeb-synthesis\id35_id32_0006.mp4,fake,id35,CELEB_SYNTHESIS,train
E:\celeb deepfake\Celeb-synthesis\id21_id34_0001.mp4,fake,id21,CELEB_SYNTHESIS,train
E:\celeb deepfake\Celeb-synthesis\id26_id3_0000.mp4,fake,id26,CELEB_SYNTHESIS,train
E:\celeb deepfake\Celeb-synthesis\id57_id54_0007.mp4,fake,id57,CELEB_SYNTHESIS,train
E:\celeb deepfake\Celeb-synthesis\id2_id17_0001.mp4,fake,id2,CELEB_SYNTHESIS,train
E:\celeb deepfake\Celeb-synthesis\id47_id40_0005.mp4,fake,id47,CELEB_SYNTHESIS,test
E:\celeb deepfake\Celeb-synthesis\id38_id35_0009.mp4,fake,id38,CELEB_SYNTHESIS,train
E:\celeb deepfake\Celeb-synthesis\id2_id30_0004.mp4,fake,id2,CELEB_SYNTHESIS,train
E:\celeb deepfake\Celeb-synthesis\id40_id46_0005.mp4,fake,id40,CELEB_SYNTHESIS,test
E:\celeb deepfake\Celeb-synthesis\id1_id26_0003.mp4,fake,id1,CELEB_SYNTHESIS,train
E:\celeb deepfake\Celeb-synthesis\id34_id37_0007.mp4,fake,id34,CELEB_SYNTHESIS,train
E:\celeb deepfake\Celeb-synthesis\id27_id25_0007.mp4,fake,id27,CELEB_SYNTHESIS,val
E:\celeb deepfake\Celeb-synthesis\id9_id0_0003.mp4,fake,id9,CELEB_SYNTHESIS,val
E:\celeb deepfake\Celeb-synthesis\id26_id20_0001.mp4,fake,id26,CELEB_SYNTHESIS,train
E:\celeb deepfake\Celeb-synthesis\id29_id26_0005.mp4,fake,id29,CELEB_SYNTHESIS,val
E:\celeb deepfake\Celeb-synthesis\id9_id30_0005.mp4,fake,id9,CELEB_SYNTHESIS,val
E:\celeb deepfake\Celeb-synthesis\id27_id22_0007.mp4,fake,id27,CELEB_SYNTHESIS,val
E:\celeb deepfake\Celeb-synthesis\id16_id35_0011.mp4,fake,id16,CELEB_SYNTHESIS,train
E:\celeb deepfake\Celeb-synthesis\id11_id7_0006.mp4,fake,id11,CELEB_SYNTHESIS,train
E:\celeb deepfake\Celeb-synthesis\id53_id56_0003.mp4,fake,id53,CELEB_SYNTHESIS,train
E:\celeb deepfake\Celeb-synthesis\id33_id35_0003.mp4,fake,id33,CELEB_SYNTHESIS,val
E:\celeb deepfake\Celeb-synthesis\id58_id57_0004.mp4,fake,id58,CELEB_SYNTHESIS,test
E:\celeb deepfake\Celeb-synthesis\id40_id45_0008.mp4,fake,id40,CELEB_SYNTHESIS,test
E:\celeb deepfake\Celeb-synthesis\id17_id21_0003.mp4,fake,id17,CELEB_SYNTHESIS,train
E:\celeb deepfake\Celeb-synthesis\id10_id7_0002.mp4,fake,id10,CELEB_SYNTHESIS,train
E:\celeb deepfake\Celeb-synthesis\id26_id38_0004.mp4,fake,id26,CELEB_SYNTHESIS,train
E:\celeb deepfake\Celeb-synthesis\id2_id0_0008.mp4,fake,id2,CELEB_SYNTHESIS,train
E:\celeb deepfake\Celeb-synthesis\id30_id17_0008.mp4,fake,id30,CELEB_SYNTHESIS,val
E:\celeb deepfake\Celeb-synthesis\id46_id43_0006.mp4,fake,id46,CELEB_SYNTHESIS,train
E:\celeb deepfake\Celeb-synthesis\id30_id1_0003.mp4,fake,id30,CELEB_SYNTHESIS,val
E:\celeb deepfake\Celeb-synthesis\id38_id33_0001.mp4,fake,id38,CELEB_SYNTHESIS,train
E:\celeb deepfake\Celeb-synthesis\id56_id49_0005.mp4,fake,id56,CELEB_SYNTHESIS,train
E:\celeb deepfake\Celeb-synthesis\id0_id1_0005.mp4,fake,id0,CELEB_SYNTHESIS,train
E:\celeb deepfake\Celeb-synthesis\id35_id21_0002.mp4,fake,id35,CELEB_SYNTHESIS,train
E:\celeb deepfake\Celeb-synthesis\id16_id26_0002.mp4,fake,id16,CELEB_SYNTHESIS,train
E:\celeb deepfake\Celeb-synthesis\id50_id52_0006.mp4,fake,id50,CELEB_SYNTHESIS,train
E:\celeb deepfake\Celeb-synthesis\id58_id57_0006.mp4,fake,id58,CELEB_SYNTHESIS,test
E:\celeb deepfake\Celeb-synthesis\id29_id34_0005.mp4,fake,id29,CELEB_SYNTHESIS,val
E:\celeb deepfake\Celeb-synthesis\id31_id30_0007.mp4,fake,id31,CELEB_SYNTHESIS,val
E:\celeb deepfake\Celeb-synthesis\id21_id23_0000.mp4,fake,id21,CELEB_SYNTHESIS,train
E:\celeb deepfake\Celeb-synthesis\id9_id17_0006.mp4,fake,id9,CELEB_SYNTHESIS,val
E:\celeb deepfake\Celeb-synthesis\id2_id23_0001.mp4,fake,id2,CELEB_SYNTHESIS,train
E:\celeb deepfake\Celeb-synthesis\id50_id52_0002.mp4,fake,id50,CELEB_SYNTHESIS,train
E:\celeb deepfake\Celeb-synthesis\id58_id54_0003.mp4,fake,id58,CELEB_SYNTHESIS,test
E:\celeb deepfake\Celeb-synthesis\id3_id35_0005.mp4,fake,id3,CELEB_SYNTHESIS,train
E:\celeb deepfake\Celeb-synthesis\id48_id46_0007.mp4,fake,id48,CELEB_SYNTHESIS,train
E:\celeb deepfake\Celeb-synthesis\id39_id48_0009.mp4,fake,id39,CELEB_SYNTHESIS,train
E:\celeb deepfake\Celeb-synthesis\id29_id30_0002.mp4,fake,id29,CELEB_SYNTHESIS,val
E:\celeb deepfake\Celeb-synthesis\id33_id21_0001.mp4,fake,id33,CELEB_SYNTHESIS,val
E:\celeb deepfake\Celeb-synthesis\id28_id29_0001.mp4,fake,id28,CELEB_SYNTHESIS,train
E:\celeb deepfake\Celeb-synthesis\id42_id40_0003.mp4,fake,id42,CELEB_SYNTHESIS,test
E:\celeb deepfake\Celeb-synthesis\id6_id28_0006.mp4,fake,id6,CELEB_SYNTHESIS,test
E:\celeb deepfake\Celeb-synthesis\id20_id34_0009.mp4,fake,id20,CELEB_SYNTHESIS,test
E:\celeb deepfake\Celeb-synthesis\id1_id6_0009.mp4,fake,id1,CELEB_SYNTHESIS,train
E:\celeb deepfake\Celeb-synthesis\id33_id35_0009.mp4,fake,id33,CELEB_SYNTHESIS,val
E:\celeb deepfake\Celeb-synthesis\id16_id20_0009.mp4,fake,id16,CELEB_SYNTHESIS,train
E:\celeb deepfake\Celeb-synthesis\id39_id48_0003.mp4,fake,id39,CELEB_SYNTHESIS,train
E:\celeb deepfake\Celeb-synthesis\id24_id26_0009.mp4,fake,id24,CELEB_SYNTHESIS,val
E:\celeb deepfake\Celeb-synthesis\id10_id11_0002.mp4,fake,id10,CELEB_SYNTHESIS,train
E:\celeb deepfake\Celeb-synthesis\id21_id26_0002.mp4,fake,id21,CELEB_SYNTHESIS,train
E:\celeb deepfake\Celeb-synthesis\id26_id34_0001.mp4,fake,id26,CELEB_SYNTHESIS,train
E:\celeb deepfake\Celeb-synthesis\id26_id23_0003.mp4,fake,id26,CELEB_SYNTHESIS,train
E:\celeb deepfake\Celeb-synthesis\id37_id30_0003.mp4,fake,id37,CELEB_SYNTHESIS,train
E:\celeb deepfake\Celeb-synthesis\id28_id30_0004.mp4,fake,id28,CELEB_SYNTHESIS,train
E:\celeb deepfake\Celeb-synthesis\id41_id46_0009.mp4,fake,id41,CELEB_SYNTHESIS,val
E:\celeb deepfake\Celeb-synthesis\id34_id30_0006.mp4,fake,id34,CELEB_SYNTHESIS,train
E:\celeb deepfake\Celeb-synthesis\id55_id53_0009.mp4,fake,id55,CELEB_SYNTHESIS,train
E:\celeb deepfake\Celeb-synthesis\id17_id31_0003.mp4,fake,id17,CELEB_SYNTHESIS,train
E:\celeb deepfake\Celeb-synthesis\id7_id13_0004.mp4,fake,id7,CELEB_SYNTHESIS,train
E:\celeb deepfake\Celeb-synthesis\id40_id47_0002.mp4,fake,id40,CELEB_SYNTHESIS,test
E:\celeb deepfake\Celeb-synthesis\id50_id57_0000.mp4,fake,id50,CELEB_SYNTHESIS,train
E:\celeb deepfake\Celeb-synthesis\id26_id9_0003.mp4,fake,id26,CELEB_SYNTHESIS,train
E:\celeb deepfake\Celeb-synthesis\id48_id39_0006.mp4,fake,id48,CELEB_SYNTHESIS,train
E:\celeb deepfake\Celeb-synthesis\id2_id6_0004.mp4,fake,id2,CELEB_SYNTHESIS,train
E:\celeb deepfake\Celeb-synthesis\id33_id28_0003.mp4,fake,id33,CELEB_SYNTHESIS,val
E:\celeb deepfake\Celeb-synthesis\id35_id33_0009.mp4,fake,id35,CELEB_SYNTHESIS,train
E:\celeb deepfake\Celeb-synthesis\id4_id0_0002.mp4,fake,id4,CELEB_SYNTHESIS,train
E:\celeb deepfake\Celeb-synthesis\id27_id21_0006.mp4,fake,id27,CELEB_SYNTHESIS,val
E:\celeb deepfake\Celeb-synthesis\id27_id22_0003.mp4,fake,id27,CELEB_SYNTHESIS,val
E:\celeb deepfake\Celeb-synthesis\id40_id46_0002.mp4,fake,id40,CELEB_SYNTHESIS,test
E:\celeb deepfake\Celeb-synthesis\id3_id23_0001.mp4,fake,id3,CELEB_SYNTHESIS,train
E:\celeb deepfake\Celeb-synthesis\id46_id47_0007.mp4,fake,id46,CELEB_SYNTHESIS,train
E:\celeb deepfake\Celeb-synthesis\id45_id46_0005.mp4,fake,id45,CELEB_SYNTHESIS,val
E:\celeb deepfake\Celeb-synthesis\id3_id1_0003.mp4,fake,id3,CELEB_SYNTHESIS,train
E:\celeb deepfake\Celeb-synthesis\id28_id24_0004.mp4,fake,id28,CELEB_SYNTHESIS,train
E:\celeb deepfake\Celeb-synthesis\id16_id9_0003.mp4,fake,id16,CELEB_SYNTHESIS,train
E:\celeb deepfake\Celeb-synthesis\id38_id29_0001.mp4,fake,id38,CELEB_SYNTHESIS,train
E:\celeb deepfake\Celeb-synthesis\id37_id31_0005.mp4,fake,id37,CELEB_SYNTHESIS,train
E:\celeb deepfake\Celeb-synthesis\id46_id43_0009.mp4,fake,id46,CELEB_SYNTHESIS,train
E:\celeb deepfake\Celeb-synthesis\id16_id28_0002.mp4,fake,id16,CELEB_SYNTHESIS,train
E:\celeb deepfake\Celeb-synthesis\id40_id44_0005.mp4,fake,id40,CELEB_SYNTHESIS,test
E:\celeb deepfake\Celeb-synthesis\id31_id20_0009.mp4,fake,id31,CELEB_SYNTHESIS,val
E:\celeb deepfake\Celeb-synthesis\id33_id32_0002.mp4,fake,id33,CELEB_SYNTHESIS,val
E:\celeb deepfake\Celeb-synthesis\id25_id26_0006.mp4,fake,id25,CELEB_SYNTHESIS,val
E:\celeb deepfake\Celeb-synthesis\id28_id37_0006.mp4,fake,id28,CELEB_SYNTHESIS,train
E:\celeb deepfake\Celeb-synthesis\id4_id35_0002.mp4,fake,id4,CELEB_SYNTHESIS,train
E:\celeb deepfake\Celeb-synthesis\id1_id26_0002.mp4,fake,id1,CELEB_SYNTHESIS,train
E:\celeb deepfake\Celeb-synthesis\id19_id22_0005.mp4,fake,id19,CELEB_SYNTHESIS,train
E:\celeb deepfake\Celeb-synthesis\id35_id34_0005.mp4,fake,id35,CELEB_SYNTHESIS,train
E:\celeb deepfake\Celeb-synthesis\id31_id33_0006.mp4,fake,id31,CELEB_SYNTHESIS,val
E:\celeb deepfake\Celeb-synthesis\id32_id23_0009.mp4,fake,id32,CELEB_SYNTHESIS,train
E:\celeb deepfake\Celeb-synthesis\id31_id34_0006.mp4,fake,id31,CELEB_SYNTHESIS,val
E:\celeb deepfake\Celeb-synthesis\id46_id48_0002.mp4,fake,id46,CELEB_SYNTHESIS,train
E:\celeb deepfake\Celeb-synthesis\id57_id50_0006.mp4,fake,id57,CELEB_SYNTHESIS,train
E:\celeb deepfake\Celeb-synthesis\id47_id48_0002.mp4,fake,id47,CELEB_SYNTHESIS,test
E:\celeb deepfake\Celeb-synthesis\id32_id34_0006.mp4,fake,id32,CELEB_SYNTHESIS,train
E:\celeb deepfake\Celeb-synthesis\id20_id21_0005.mp4,fake,id20,CELEB_SYNTHESIS,test
E:\celeb deepfake\Celeb-synthesis\id4_id31_0003.mp4,fake,id4,CELEB_SYNTHESIS,train
E:\celeb deepfake\Celeb-synthesis\id51_id54_0008.mp4,fake,id51,CELEB_SYNTHESIS,test
E:\celeb deepfake\Celeb-synthesis\id32_id35_0002.mp4,fake,id32,CELEB_SYNTHESIS,train
E:\celeb deepfake\Celeb-synthesis\id41_id48_0008.mp4,fake,id41,CELEB_SYNTHESIS,val
E:\celeb deepfake\Celeb-synthesis\id33_id29_0006.mp4,fake,id33,CELEB_SYNTHESIS,val
E:\celeb deepfake\Celeb-synthesis\id16_id21_0007.mp4,fake,id16,CELEB_SYNTHESIS,train
E:\celeb deepfake\Celeb-synthesis\id2_id9_0008.mp4,fake,id2,CELEB_SYNTHESIS,train
E:\celeb deepfake\Celeb-synthesis\id29_id33_0000.mp4,fake,id29,CELEB_SYNTHESIS,val
E:\celeb deepfake\Celeb-synthesis\id30_id21_0005.mp4,fake,id30,CELEB_SYNTHESIS,val
E:\celeb deepfake\Celeb-synthesis\id20_id33_0007.mp4,fake,id20,CELEB_SYNTHESIS,test
E:\celeb deepfake\Celeb-synthesis\id26_id3_0004.mp4,fake,id26,CELEB_SYNTHESIS,train
E:\celeb deepfake\Celeb-synthesis\id33_id38_0000.mp4,fake,id33,CELEB_SYNTHESIS,val
E:\celeb deepfake\Celeb-synthesis\id30_id29_0009.mp4,fake,id30,CELEB_SYNTHESIS,val
E:\celeb deepfake\Celeb-synthesis\id9_id0_0000.mp4,fake,id9,CELEB_SYNTHESIS,val
E:\celeb deepfake\Celeb-synthesis\id25_id27_0003.mp4,fake,id25,CELEB_SYNTHESIS,val
E:\celeb deepfake\Celeb-synthesis\id50_id57_0002.mp4,fake,id50,CELEB_SYNTHESIS,train
E:\celeb deepfake\Celeb-synthesis\id30_id31_0002.mp4,fake,id30,CELEB_SYNTHESIS,val
E:\celeb deepfake\Celeb-synthesis\id4_id26_0003.mp4,fake,id4,CELEB_SYNTHESIS,train
E:\celeb deepfake\Celeb-synthesis\id43_id48_0001.mp4,fake,id43,CELEB_SYNTHESIS,train
E:\celeb deepfake\Celeb-synthesis\id31_id6_0001.mp4,fake,id31,CELEB_SYNTHESIS,val
E:\celeb deepfake\Celeb-synthesis\id54_id50_0005.mp4,fake,id54,CELEB_SYNTHESIS,train
E:\celeb deepfake\Celeb-synthesis\id1_id9_0000.mp4,fake,id1,CELEB_SYNTHESIS,train
E:\celeb deepfake\Celeb-synthesis\id4_id23_0003.mp4,fake,id4,CELEB_SYNTHESIS,train
E:\celeb deepfake\Celeb-synthesis\id17_id35_0000.mp4,fake,id17,CELEB_SYNTHESIS,train
E:\celeb deepfake\Celeb-synthesis\id17_id28_0001.mp4,fake,id17,CELEB_SYNTHESIS,train
E:\celeb deepfake\Celeb-synthesis\id31_id32_0000.mp4,fake,id31,CELEB_SYNTHESIS,val
E:\celeb deepfake\Celeb-synthesis\id16_id21_0001.mp4,fake,id16,CELEB_SYNTHESIS,train
E:\celeb deepfake\Celeb-synthesis\id35_id26_0000.mp4,fake,id35,CELEB_SYNTHESIS,train
E:\celeb deepfake\Celeb-synthesis\id35_id1_0000.mp4,fake,id35,CELEB_SYNTHESIS,train
E:\celeb deepfake\Celeb-synthesis\id16_id37_0012.mp4,fake,id16,CELEB_SYNTHESIS,train
E:\celeb deepfake\Celeb-synthesis\id44_id45_0000.mp4,fake,id44,CELEB_SYNTHESIS,train
E:\celeb deepfake\Celeb-synthesis\id0_id26_0006.mp4,fake,id0,CELEB_SYNTHESIS,train
E:\celeb deepfake\Celeb-synthesis\id37_id9_0003.mp4,fake,id37,CELEB_SYNTHESIS,train
E:\celeb deepfake\Celeb-synthesis\id33_id26_0009.mp4,fake,id33,CELEB_SYNTHESIS,val
E:\celeb deepfake\Celeb-synthesis\id16_id9_0001.mp4,fake,id16,CELEB_SYNTHESIS,train
E:\celeb deepfake\Celeb-synthesis\id38_id33_0005.mp4,fake,id38,CELEB_SYNTHESIS,train
E:\celeb deepfake\Celeb-synthesis\id4_id1_0007.mp4,fake,id4,CELEB_SYNTHESIS,train
E:\celeb deepfake\Celeb-synthesis\id29_id38_0001.mp4,fake,id29,CELEB_SYNTHESIS,val
E:\celeb deepfake\Celeb-synthesis\id33_id21_0002.mp4,fake,id33,CELEB_SYNTHESIS,val
E:\celeb deepfake\Celeb-synthesis\id21_id31_0009.mp4,fake,id21,CELEB_SYNTHESIS,train
E:\celeb deepfake\Celeb-synthesis\id28_id6_0002.mp4,fake,id28,CELEB_SYNTHESIS,train
E:\celeb deepfake\Celeb-synthesis\id23_id24_0009.mp4,fake,id23,CELEB_SYNTHESIS,val
E:\celeb deepfake\Celeb-synthesis\id4_id28_0001.mp4,fake,id4,CELEB_SYNTHESIS,train
E:\celeb deepfake\Celeb-synthesis\id35_id26_0008.mp4,fake,id35,CELEB_SYNTHESIS,train
E:\celeb deepfake\Celeb-synthesis\id41_id40_0009.mp4,fake,id41,CELEB_SYNTHESIS,val
E:\celeb deepfake\Celeb-synthesis\id23_id0_0003.mp4,fake,id23,CELEB_SYNTHESIS,val
E:\celeb deepfake\Celeb-synthesis\id27_id28_0006.mp4,fake,id27,CELEB_SYNTHESIS,val
E:\celeb deepfake\Celeb-synthesis\id35_id21_0001.mp4,fake,id35,CELEB_SYNTHESIS,train
E:\celeb deepfake\Celeb-synthesis\id3_id1_0008.mp4,fake,id3,CELEB_SYNTHESIS,train
E:\celeb deepfake\Celeb-synthesis\id38_id28_0006.mp4,fake,id38,CELEB_SYNTHESIS,train
E:\celeb deepfake\Celeb-synthesis\id43_id46_0003.mp4,fake,id43,CELEB_SYNTHESIS,train
E:\celeb deepfake\Celeb-synthesis\id4_id26_0001.mp4,fake,id4,CELEB_SYNTHESIS,train
E:\celeb deepfake\Celeb-synthesis\id0_id17_0007.mp4,fake,id0,CELEB_SYNTHESIS,train
E:\celeb deepfake\Celeb-synthesis\id48_id42_0001.mp4,fake,id48,CELEB_SYNTHESIS,train
E:\celeb deepfake\Celeb-synthesis\id9_id0_0007.mp4,fake,id9,CELEB_SYNTHESIS,val
E:\celeb deepfake\Celeb-synthesis\id4_id1_0008.mp4,fake,id4,CELEB_SYNTHESIS,train
E:\celeb deepfake\Celeb-synthesis\id1_id28_0000.mp4,fake,id1,CELEB_SYNTHESIS,train
E:\celeb deepfake\Celeb-synthesis\id28_id26_0009.mp4,fake,id28,CELEB_SYNTHESIS,train
E:\celeb deepfake\Celeb-synthesis\id37_id6_0000.mp4,fake,id37,CELEB_SYNTHESIS,train
E:\celeb deepfake\Celeb-synthesis\id6_id9_0008.mp4,fake,id6,CELEB_SYNTHESIS,test
E:\celeb deepfake\Celeb-synthesis\id6_id4_0005.mp4,fake,id6,CELEB_SYNTHESIS,test
E:\celeb deepfake\Celeb-synthesis\id48_id43_0004.mp4,fake,id48,CELEB_SYNTHESIS,train
E:\celeb deepfake\Celeb-synthesis\id21_id25_0006.mp4,fake,id21,CELEB_SYNTHESIS,train
E:\celeb deepfake\Celeb-synthesis\id31_id9_0001.mp4,fake,id31,CELEB_SYNTHESIS,val
E:\celeb deepfake\Celeb-synthesis\id25_id21_0005.mp4,fake,id25,CELEB_SYNTHESIS,val
E:\celeb deepfake\Celeb-synthesis\id41_id48_0007.mp4,fake,id41,CELEB_SYNTHESIS,val
E:\celeb deepfake\Celeb-synthesis\id24_id23_0004.mp4,fake,id24,CELEB_SYNTHESIS,val
E:\celeb deepfake\Celeb-synthesis\id55_id54_0009.mp4,fake,id55,CELEB_SYNTHESIS,train
E:\celeb deepfake\Celeb-synthesis\id29_id34_0004.mp4,fake,id29,CELEB_SYNTHESIS,val
E:\celeb deepfake\Celeb-synthesis\id41_id43_0003.mp4,fake,id41,CELEB_SYNTHESIS,val
E:\celeb deepfake\Celeb-synthesis\id23_id16_0009.mp4,fake,id23,CELEB_SYNTHESIS,val
E:\celeb deepfake\Celeb-synthesis\id46_id45_0001.mp4,fake,id46,CELEB_SYNTHESIS,train
E:\celeb deepfake\Celeb-synthesis\id0_id26_0002.mp4,fake,id0,CELEB_SYNTHESIS,train
E:\celeb deepfake\Celeb-synthesis\id29_id21_0005.mp4,fake,id29,CELEB_SYNTHESIS,val
E:\celeb deepfake\Celeb-synthesis\id0_id17_0001.mp4,fake,id0,CELEB_SYNTHESIS,train
E:\celeb deepfake\Celeb-synthesis\id8_id7_0008.mp4,fake,id8,CELEB_SYNTHESIS,test
E:\celeb deepfake\Celeb-synthesis\id55_id50_0005.mp4,fake,id55,CELEB_SYNTHESIS,train
E:\celeb deepfake\Celeb-synthesis\id1_id23_0006.mp4,fake,id1,CELEB_SYNTHESIS,train
E:\celeb deepfake\Celeb-synthesis\id28_id29_0006.mp4,fake,id28,CELEB_SYNTHESIS,train
E:\celeb deepfake\Celeb-synthesis\id16_id3_0009.mp4,fake,id16,CELEB_SYNTHESIS,train
E:\celeb deepfake\Celeb-synthesis\id53_id50_0006.mp4,fake,id53,CELEB_SYNTHESIS,train
E:\celeb deepfake\Celeb-synthesis\id41_id45_0004.mp4,fake,id41,CELEB_SYNTHESIS,val
E:\celeb deepfake\Celeb-synthesis\id28_id9_0003.mp4,fake,id28,CELEB_SYNTHESIS,train
E:\celeb deepfake\Celeb-synthesis\id19_id27_0007.mp4,fake,id19,CELEB_SYNTHESIS,train
E:\celeb deepfake\Celeb-synthesis\id21_id37_0006.mp4,fake,id21,CELEB_SYNTHESIS,train
E:\celeb deepfake\Celeb-synthesis\id4_id6_0005.mp4,fake,id4,CELEB_SYNTHESIS,train
E:\celeb deepfake\Celeb-synthesis\id31_id2_0002.mp4,fake,id31,CELEB_SYNTHESIS,val
E:\celeb deepfake\Celeb-synthesis\id3_id9_0008.mp4,fake,id3,CELEB_SYNTHESIS,train
E:\celeb deepfake\Celeb-synthesis\id3_id28_0006.mp4,fake,id3,CELEB_SYNTHESIS,train
E:\celeb deepfake\Celeb-synthesis\id44_id41_0005.mp4,fake,id44,CELEB_SYNTHESIS,train
E:\celeb deepfake\Celeb-synthesis\id26_id27_0001.mp4,fake,id26,CELEB_SYNTHESIS,train
E:\celeb deepfake\Celeb-synthesis\id47_id40_0000.mp4,fake,id47,CELEB_SYNTHESIS,test
E:\celeb deepfake\Celeb-synthesis\id35_id33_0004.mp4,fake,id35,CELEB_SYNTHESIS,train
E:\celeb deepfake\Celeb-synthesis\id23_id27_0003.mp4,fake,id23,CELEB_SYNTHESIS,val
E:\celeb deepfake\Celeb-synthesis\id21_id6_0006.mp4,fake,id21,CELEB_SYNTHESIS,train
E:\celeb deepfake\Celeb-synthesis\id37_id30_0008.mp4,fake,id37,CELEB_SYNTHESIS,train
E:\celeb deepfake\Celeb-synthesis\id9_id3_0001.mp4,fake,id9,CELEB_SYNTHESIS,val
E:\celeb deepfake\Celeb-synthesis\id45_id41_0009.mp4,fake,id45,CELEB_SYNTHESIS,val
E:\celeb deepfake\Celeb-synthesis\id23_id37_0007.mp4,fake,id23,CELEB_SYNTHESIS,val
E:\celeb deepfake\Celeb-synthesis\id19_id22_0000.mp4,fake,id19,CELEB_SYNTHESIS,train
E:\celeb deepfake\Celeb-synthesis\id16_id37_0002.mp4,fake,id16,CELEB_SYNTHESIS,train
E:\celeb deepfake\Celeb-synthesis\id20_id3_0000.mp4,fake,id20,CELEB_SYNTHESIS,test
E:\celeb deepfake\Celeb-synthesis\id53_id51_0006.mp4,fake,id53,CELEB_SYNTHESIS,train
E:\celeb deepfake\Celeb-synthesis\id31_id29_0006.mp4,fake,id31,CELEB_SYNTHESIS,val
E:\celeb deepfake\Celeb-synthesis\id40_id41_0000.mp4,fake,id40,CELEB_SYNTHESIS,test
E:\celeb deepfake\Celeb-synthesis\id16_id2_0000.mp4,fake,id16,CELEB_SYNTHESIS,train
E:\celeb deepfake\Celeb-synthesis\id20_id28_0003.mp4,fake,id20,CELEB_SYNTHESIS,test
E:\celeb deepfake\Celeb-synthesis\id46_id40_0008.mp4,fake,id46,CELEB_SYNTHESIS,train
E:\celeb deepfake\Celeb-synthesis\id43_id40_0002.mp4,fake,id43,CELEB_SYNTHESIS,train
E:\celeb deepfake\Celeb-synthesis\id48_id46_0009.mp4,fake,id48,CELEB_SYNTHESIS,train
E:\celeb deepfake\Celeb-synthesis\id16_id31_0012.mp4,fake,id16,CELEB_SYNTHESIS,train
E:\celeb deepfake\Celeb-synthesis\id31_id4_0006.mp4,fake,id31,CELEB_SYNTHESIS,val
E:\celeb deepfake\Celeb-synthesis\id4_id21_0009.mp4,fake,id4,CELEB_SYNTHESIS,train
E:\celeb deepfake\Celeb-synthesis\id17_id3_0001.mp4,fake,id17,CELEB_SYNTHESIS,train
E:\celeb deepfake\Celeb-synthesis\id26_id35_0001.mp4,fake,id26,CELEB_SYNTHESIS,train
E:\celeb deepfake\Celeb-synthesis\id23_id29_0005.mp4,fake,id23,CELEB_SYNTHESIS,val
E:\celeb deepfake\Celeb-synthesis\id28_id29_0000.mp4,fake,id28,CELEB_SYNTHESIS,train
E:\celeb deepfake\Celeb-synthesis\id29_id21_0006.mp4,fake,id29,CELEB_SYNTHESIS,val
E:\celeb deepfake\Celeb-synthesis\id40_id47_0007.mp4,fake,id40,CELEB_SYNTHESIS,test
E:\celeb deepfake\Celeb-synthesis\id6_id23_0001.mp4,fake,id6,CELEB_SYNTHESIS,test
E:\celeb deepfake\Celeb-synthesis\id46_id41_0000.mp4,fake,id46,CELEB_SYNTHESIS,train
E:\celeb deepfake\Celeb-synthesis\id28_id37_0001.mp4,fake,id28,CELEB_SYNTHESIS,train
E:\celeb deepfake\Celeb-synthesis\id16_id1_0001.mp4,fake,id16,CELEB_SYNTHESIS,train
E:\celeb deepfake\Celeb-synthesis\id17_id16_0003.mp4,fake,id17,CELEB_SYNTHESIS,train
E:\celeb deepfake\Celeb-synthesis\id28_id35_0008.mp4,fake,id28,CELEB_SYNTHESIS,train
E:\celeb deepfake\Celeb-synthesis\id20_id22_0002.mp4,fake,id20,CELEB_SYNTHESIS,test
E:\celeb deepfake\Celeb-synthesis\id29_id20_0004.mp4,fake,id29,CELEB_SYNTHESIS,val
E:\celeb deepfake\Celeb-synthesis\id26_id31_0009.mp4,fake,id26,CELEB_SYNTHESIS,train
E:\celeb deepfake\Celeb-synthesis\id23_id6_0001.mp4,fake,id23,CELEB_SYNTHESIS,val
E:\celeb deepfake\Celeb-synthesis\id31_id35_0000.mp4,fake,id31,CELEB_SYNTHESIS,val
E:\celeb deepfake\Celeb-synthesis\id21_id38_0007.mp4,fake,id21,CELEB_SYNTHESIS,train
E:\celeb deepfake\Celeb-synthesis\id60_id59_0003.mp4,fake,id60,CELEB_SYNTHESIS,train
E:\celeb deepfake\Celeb-synthesis\id9_id4_0005.mp4,fake,id9,CELEB_SYNTHESIS,val
E:\celeb deepfake\Celeb-synthesis\id53_id52_0000.mp4,fake,id53,CELEB_SYNTHESIS,train
E:\celeb deepfake\Celeb-synthesis\id3_id28_0001.mp4,fake,id3,CELEB_SYNTHESIS,train
E:\celeb deepfake\Celeb-synthesis\id47_id41_0002.mp4,fake,id47,CELEB_SYNTHESIS,test
E:\celeb deepfake\Celeb-synthesis\id19_id21_0001.mp4,fake,id19,CELEB_SYNTHESIS,train
E:\celeb deepfake\Celeb-synthesis\id44_id45_0004.mp4,fake,id44,CELEB_SYNTHESIS,train
E:\celeb deepfake\Celeb-synthesis\id24_id20_0003.mp4,fake,id24,CELEB_SYNTHESIS,val
E:\celeb deepfake\Celeb-synthesis\id29_id23_0002.mp4,fake,id29,CELEB_SYNTHESIS,val
E:\celeb deepfake\Celeb-synthesis\id17_id31_0000.mp4,fake,id17,CELEB_SYNTHESIS,train
E:\celeb deepfake\Celeb-synthesis\id20_id32_0003.mp4,fake,id20,CELEB_SYNTHESIS,test
E:\celeb deepfake\Celeb-synthesis\id17_id23_0002.mp4,fake,id17,CELEB_SYNTHESIS,train
E:\celeb deepfake\Celeb-synthesis\id2_id17_0000.mp4,fake,id2,CELEB_SYNTHESIS,train
E:\celeb deepfake\Celeb-synthesis\id29_id26_0009.mp4,fake,id29,CELEB_SYNTHESIS,val
E:\celeb deepfake\Celeb-synthesis\id28_id26_0005.mp4,fake,id28,CELEB_SYNTHESIS,train
E:\celeb deepfake\Celeb-synthesis\id37_id38_0009.mp4,fake,id37,CELEB_SYNTHESIS,train
E:\celeb deepfake\Celeb-synthesis\id30_id34_0005.mp4,fake,id30,CELEB_SYNTHESIS,val
E:\celeb deepfake\Celeb-synthesis\id35_id9_0005.mp4,fake,id35,CELEB_SYNTHESIS,train
E:\celeb deepfake\Celeb-synthesis\id17_id31_0005.mp4,fake,id17,CELEB_SYNTHESIS,train
E:\celeb deepfake\Celeb-synthesis\id21_id17_0002.mp4,fake,id21,CELEB_SYNTHESIS,train
E:\celeb deepfake\Celeb-synthesis\id47_id46_0003.mp4,fake,id47,CELEB_SYNTHESIS,test
E:\celeb deepfake\Celeb-synthesis\id28_id35_0009.mp4,fake,id28,CELEB_SYNTHESIS,train
E:\celeb deepfake\Celeb-synthesis\id20_id32_0008.mp4,fake,id20,CELEB_SYNTHESIS,test
E:\celeb deepfake\Celeb-synthesis\id35_id2_0002.mp4,fake,id35,CELEB_SYNTHESIS,train
E:\celeb deepfake\Celeb-synthesis\id6_id31_0004.mp4,fake,id6,CELEB_SYNTHESIS,test
E:\celeb deepfake\Celeb-synthesis\id26_id17_0006.mp4,fake,id26,CELEB_SYNTHESIS,train
E:\celeb deepfake\Celeb-synthesis\id54_id58_0004.mp4,fake,id54,CELEB_SYNTHESIS,train
E:\celeb deepfake\Celeb-synthesis\id31_id29_0001.mp4,fake,id31,CELEB_SYNTHESIS,val
E:\celeb deepfake\Celeb-synthesis\id23_id9_0004.mp4,fake,id23,CELEB_SYNTHESIS,val
E:\celeb deepfake\Celeb-synthesis\id7_id10_0004.mp4,fake,id7,CELEB_SYNTHESIS,train
E:\celeb deepfake\Celeb-synthesis\id52_id55_0004.mp4,fake,id52,CELEB_SYNTHESIS,train
E:\celeb deepfake\Celeb-synthesis\id27_id19_0008.mp4,fake,id27,CELEB_SYNTHESIS,val
E:\celeb deepfake\Celeb-synthesis\id17_id2_0005.mp4,fake,id17,CELEB_SYNTHESIS,train
E:\celeb deepfake\Celeb-synthesis\id55_id50_0007.mp4,fake,id55,CELEB_SYNTHESIS,train
E:\celeb deepfake\Celeb-synthesis\id58_id56_0003.mp4,fake,id58,CELEB_SYNTHESIS,test
E:\celeb deepfake\Celeb-synthesis\id9_id23_0000.mp4,fake,id9,CELEB_SYNTHESIS,val
E:\celeb deepfake\Celeb-synthesis\id6_id4_0007.mp4,fake,id6,CELEB_SYNTHESIS,test
E:\celeb deepfake\Celeb-synthesis\id4_id9_0008.mp4,fake,id4,CELEB_SYNTHESIS,train
E:\celeb deepfake\Celeb-synthesis\id30_id4_0005.mp4,fake,id30,CELEB_SYNTHESIS,val
E:\celeb deepfake\Celeb-synthesis\id35_id34_0002.mp4,fake,id35,CELEB_SYNTHESIS,train
E:\celeb deepfake\Celeb-synthesis\id27_id28_0002.mp4,fake,id27,CELEB_SYNTHESIS,val
E:\celeb deepfake\Celeb-synthesis\id3_id16_0009.mp4,fake,id3,CELEB_SYNTHESIS,train
E:\celeb deepfake\Celeb-synthesis\id38_id37_0001.mp4,fake,id38,CELEB_SYNTHESIS,train
E:\celeb deepfake\Celeb-synthesis\id30_id26_0006.mp4,fake,id30,CELEB_SYNTHESIS,val
E:\celeb deepfake\Celeb-synthesis\id26_id31_0003.mp4,fake,id26,CELEB_SYNTHESIS,train
E:\celeb deepfake\Celeb-synthesis\id38_id28_0003.mp4,fake,id38,CELEB_SYNTHESIS,train
E:\celeb deepfake\Celeb-synthesis\id39_id42_0000.mp4,fake,id39,CELEB_SYNTHESIS,train
E:\celeb deepfake\Celeb-synthesis\id50_id49_0004.mp4,fake,id50,CELEB_SYNTHESIS,train
E:\celeb deepfake\Celeb-synthesis\id39_id48_0008.mp4,fake,id39,CELEB_SYNTHESIS,train
E:\celeb deepfake\Celeb-synthesis\id2_id37_0002.mp4,fake,id2,CELEB_SYNTHESIS,train
E:\celeb deepfake\Celeb-synthesis\id2_id0_0009.mp4,fake,id2,CELEB_SYNTHESIS,train
E:\celeb deepfake\Celeb-synthesis\id54_id55_0007.mp4,fake,id54,CELEB_SYNTHESIS,train
E:\celeb deepfake\Celeb-synthesis\id52_id50_0003.mp4,fake,id52,CELEB_SYNTHESIS,train
E:\celeb deepfake\Celeb-synthesis\id17_id28_0007.mp4,fake,id17,CELEB_SYNTHESIS,train
E:\celeb deepfake\Celeb-synthesis\id1_id30_0006.mp4,fake,id1,CELEB_SYNTHESIS,train
E:\celeb deepfake\Celeb-synthesis\id31_id28_0002.mp4,fake,id31,CELEB_SYNTHESIS,val
E:\celeb deepfake\Celeb-synthesis\id37_id3_0009.mp4,fake,id37,CELEB_SYNTHESIS,train
E:\celeb deepfake\Celeb-synthesis\id46_id42_0002.mp4,fake,id46,CELEB_SYNTHESIS,train
E:\celeb deepfake\Celeb-synthesis\id4_id30_0007.mp4,fake,id4,CELEB_SYNTHESIS,train
E:\celeb deepfake\Celeb-synthesis\id54_id56_0006.mp4,fake,id54,CELEB_SYNTHESIS,train
E:\celeb deepfake\Celeb-synthesis\id35_id32_0007.mp4,fake,id35,CELEB_SYNTHESIS,train
E:\celeb deepfake\Celeb-synthesis\id12_id10_0001.mp4,fake,id12,CELEB_SYNTHESIS,train
E:\celeb deepfake\Celeb-synthesis\id21_id1_0007.mp4,fake,id21,CELEB_SYNTHESIS,train
E:\celeb deepfake\Celeb-synthesis\id37_id32_0001.mp4,fake,id37,CELEB_SYNTHESIS,train
E:\celeb deepfake\Celeb-synthesis\id4_id3_0009.mp4,fake,id4,CELEB_SYNTHESIS,train
E:\celeb deepfake\Celeb-synthesis\id10_id12_0007.mp4,fake,id10,CELEB_SYNTHESIS,train
E:\celeb deepfake\Celeb-synthesis\id39_id40_0000.mp4,fake,id39,CELEB_SYNTHESIS,train
E:\celeb deepfake\Celeb-synthesis\id38_id35_0004.mp4,fake,id38,CELEB_SYNTHESIS,train
E:\celeb deepfake\Celeb-synthesis\id29_id26_0008.mp4,fake,id29,CELEB_SYNTHESIS,val
E:\celeb deepfake\Celeb-synthesis\id60_id61_0000.mp4,fake,id60,CELEB_SYNTHESIS,train
E:\celeb deepfake\Celeb-synthesis\id6_id9_0003.mp4,fake,id6,CELEB_SYNTHESIS,test
E:\celeb deepfake\Celeb-synthesis\id24_id25_0006.mp4,fake,id24,CELEB_SYNTHESIS,val
E:\celeb deepfake\Celeb-synthesis\id31_id2_0003.mp4,fake,id31,CELEB_SYNTHESIS,val
E:\celeb deepfake\Celeb-synthesis\id50_id57_0007.mp4,fake,id50,CELEB_SYNTHESIS,train
E:\celeb deepfake\Celeb-synthesis\id24_id23_0000.mp4,fake,id24,CELEB_SYNTHESIS,val
E:\celeb deepfake\Celeb-synthesis\id23_id20_0009.mp4,fake,id23,CELEB_SYNTHESIS,val
E:\celeb deepfake\Celeb-synthesis\id40_id43_0006.mp4,fake,id40,CELEB_SYNTHESIS,test
E:\celeb deepfake\Celeb-synthesis\id6_id9_0001.mp4,fake,id6,CELEB_SYNTHESIS,test
E:\celeb deepfake\Celeb-synthesis\id19_id20_0006.mp4,fake,id19,CELEB_SYNTHESIS,train
E:\celeb deepfake\Celeb-synthesis\id37_id34_0003.mp4,fake,id37,CELEB_SYNTHESIS,train
E:\celeb deepfake\Celeb-synthesis\id19_id26_0009.mp4,fake,id19,CELEB_SYNTHESIS,train
E:\celeb deepfake\Celeb-synthesis\id10_id12_0003.mp4,fake,id10,CELEB_SYNTHESIS,train
E:\celeb deepfake\Celeb-synthesis\id49_id51_0008.mp4,fake,id49,CELEB_SYNTHESIS,train
E:\celeb deepfake\Celeb-synthesis\id60_id59_0004.mp4,fake,id60,CELEB_SYNTHESIS,train
E:\celeb deepfake\Celeb-synthesis\id37_id31_0002.mp4,fake,id37,CELEB_SYNTHESIS,train
E:\celeb deepfake\Celeb-synthesis\id12_id7_0006.mp4,fake,id12,CELEB_SYNTHESIS,train
E:\celeb deepfake\Celeb-synthesis\id24_id28_0007.mp4,fake,id24,CELEB_SYNTHESIS,val
E:\celeb deepfake\Celeb-synthesis\id24_id20_0005.mp4,fake,id24,CELEB_SYNTHESIS,val
E:\celeb deepfake\Celeb-synthesis\id34_id30_0009.mp4,fake,id34,CELEB_SYNTHESIS,train
E:\celeb deepfake\Celeb-synthesis\id33_id35_0001.mp4,fake,id33,CELEB_SYNTHESIS,val
E:\celeb deepfake\Celeb-synthesis\id30_id1_0006.mp4,fake,id30,CELEB_SYNTHESIS,val
E:\celeb deepfake\Celeb-synthesis\id6_id3_0007.mp4,fake,id6,CELEB_SYNTHESIS,test
E:\celeb deepfake\Celeb-synthesis\id24_id21_0008.mp4,fake,id24,CELEB_SYNTHESIS,val
E:\celeb deepfake\Celeb-synthesis\id56_id55_0007.mp4,fake,id56,CELEB_SYNTHESIS,train
E:\celeb deepfake\Celeb-synthesis\id20_id24_0009.mp4,fake,id20,CELEB_SYNTHESIS,test
E:\celeb deepfake\Celeb-synthesis\id39_id45_0006.mp4,fake,id39,CELEB_SYNTHESIS,train
E:\celeb deepfake\Celeb-synthesis\id32_id37_0000.mp4,fake,id32,CELEB_SYNTHESIS,train
E:\celeb deepfake\Celeb-synthesis\id32_id29_0002.mp4,fake,id32,CELEB_SYNTHESIS,train
E:\celeb deepfake\Celeb-synthesis\id45_id41_0003.mp4,fake,id45,CELEB_SYNTHESIS,val
E:\celeb deepfake\Celeb-synthesis\id58_id53_0007.mp4,fake,id58,CELEB_SYNTHESIS,test
E:\celeb deepfake\Celeb-synthesis\id16_id37_0011.mp4,fake,id16,CELEB_SYNTHESIS,train
E:\celeb deepfake\Celeb-synthesis\id35_id29_0008.mp4,fake,id35,CELEB_SYNTHESIS,train
E:\celeb deepfake\Celeb-synthesis\id16_id23_0013.mp4,fake,id16,CELEB_SYNTHESIS,train
E:\celeb deepfake\Celeb-synthesis\id12_id10_0002.mp4,fake,id12,CELEB_SYNTHESIS,train
E:\celeb deepfake\Celeb-synthesis\id23_id37_0002.mp4,fake,id23,CELEB_SYNTHESIS,val
E:\celeb deepfake\Celeb-synthesis\id48_id41_0007.mp4,fake,id48,CELEB_SYNTHESIS,train
E:\celeb deepfake\Celeb-synthesis\id6_id16_0005.mp4,fake,id6,CELEB_SYNTHESIS,test
E:\celeb deepfake\Celeb-synthesis\id9_id28_0008.mp4,fake,id9,CELEB_SYNTHESIS,val
E:\celeb deepfake\Celeb-synthesis\id31_id33_0007.mp4,fake,id31,CELEB_SYNTHESIS,val
E:\celeb deepfake\Celeb-synthesis\id20_id4_0003.mp4,fake,id20,CELEB_SYNTHESIS,test
E:\celeb deepfake\Celeb-synthesis\id51_id50_0001.mp4,fake,id51,CELEB_SYNTHESIS,test
E:\celeb deepfake\Celeb-synthesis\id34_id31_0008.mp4,fake,id34,CELEB_SYNTHESIS,train
E:\celeb deepfake\Celeb-synthesis\id24_id26_0005.mp4,fake,id24,CELEB_SYNTHESIS,val
E:\celeb deepfake\Celeb-synthesis\id28_id16_0002.mp4,fake,id28,CELEB_SYNTHESIS,train
E:\celeb deepfake\Celeb-synthesis\id30_id2_0003.mp4,fake,id30,CELEB_SYNTHESIS,val
E:\celeb deepfake\Celeb-synthesis\id2_id37_0003.mp4,fake,id2,CELEB_SYNTHESIS,train
E:\celeb deepfake\Celeb-synthesis\id21_id0_0004.mp4,fake,id21,CELEB_SYNTHESIS,train
E:\celeb deepfake\Celeb-synthesis\id16_id1_0012.mp4,fake,id16,CELEB_SYNTHESIS,train
E:\celeb deepfake\Celeb-synthesis\id13_id7_0015.mp4,fake,id13,CELEB_SYNTHESIS,val
E:\celeb deepfake\Celeb-synthesis\id37_id16_0000.mp4,fake,id37,CELEB_SYNTHESIS,train
E:\celeb deepfake\Celeb-synthesis\id40_id44_0008.mp4,fake,id40,CELEB_SYNTHESIS,test
E:\celeb deepfake\Celeb-synthesis\id1_id30_0002.mp4,fake,id1,CELEB_SYNTHESIS,train
E:\celeb deepfake\Celeb-synthesis\id28_id17_0008.mp4,fake,id28,CELEB_SYNTHESIS,train
E:\celeb deepfake\Celeb-synthesis\id28_id34_0006.mp4,fake,id28,CELEB_SYNTHESIS,train
E:\celeb deepfake\Celeb-synthesis\id24_id26_0002.mp4,fake,id24,CELEB_SYNTHESIS,val
E:\celeb deepfake\Celeb-synthesis\id16_id20_0011.mp4,fake,id16,CELEB_SYNTHESIS,train
E:\celeb deepfake\Celeb-synthesis\id20_id6_0009.mp4,fake,id20,CELEB_SYNTHESIS,test
E:\celeb deepfake\Celeb-synthesis\id16_id28_0007.mp4,fake,id16,CELEB_SYNTHESIS,train
E:\celeb deepfake\Celeb-synthesis\id20_id4_0006.mp4,fake,id20,CELEB_SYNTHESIS,test
E:\celeb deepfake\Celeb-synthesis\id23_id24_0005.mp4,fake,id23,CELEB_SYNTHESIS,val
E:\celeb deepfake\Celeb-synthesis\id54_id56_0005.mp4,fake,id54,CELEB_SYNTHESIS,train
E:\celeb deepfake\Celeb-synthesis\id3_id16_0000.mp4,fake,id3,CELEB_SYNTHESIS,train
E:\celeb deepfake\Celeb-synthesis\id58_id51_0008.mp4,fake,id58,CELEB_SYNTHESIS,test
E:\celeb deepfake\Celeb-synthesis\id48_id42_0002.mp4,fake,id48,CELEB_SYNTHESIS,train
E:\celeb deepfake\Celeb-synthesis\id19_id21_0008.mp4,fake,id19,CELEB_SYNTHESIS,train
E:\celeb deepfake\Celeb-synthesis\id27_id23_0003.mp4,fake,id27,CELEB_SYNTHESIS,val
E:\celeb deepfake\Celeb-synthesis\id17_id6_0000.mp4,fake,id17,CELEB_SYNTHESIS,train
E:\celeb deepfake\Celeb-synthesis\id17_id37_0001.mp4,fake,id17,CELEB_SYNTHESIS,train
E:\celeb deepfake\Celeb-synthesis\id37_id6_0003.mp4,fake,id37,CELEB_SYNTHESIS,train
E:\celeb deepfake\Celeb-synthesis\id3_id23_0004.mp4,fake,id3,CELEB_SYNTHESIS,train
E:\celeb deepfake\Celeb-synthesis\id16_id31_0003.mp4,fake,id16,CELEB_SYNTHESIS,train
E:\celeb deepfake\Celeb-synthesis\id54_id51_0002.mp4,fake,id54,CELEB_SYNTHESIS,train
E:\celeb deepfake\Celeb-synthesis\id53_id49_0005.mp4,fake,id53,CELEB_SYNTHESIS,train
E:\celeb deepfake\Celeb-synthesis\id6_id31_0005.mp4,fake,id6,CELEB_SYNTHESIS,test
E:\celeb deepfake\Celeb-synthesis\id51_id56_0008.mp4,fake,id51,CELEB_SYNTHESIS,test
E:\celeb deepfake\Celeb-synthesis\id31_id26_0007.mp4,fake,id31,CELEB_SYNTHESIS,val
E:\celeb deepfake\Celeb-synthesis\id0_id6_0001.mp4,fake,id0,CELEB_SYNTHESIS,train
E:\celeb deepfake\Celeb-synthesis\id2_id4_0002.mp4,fake,id2,CELEB_SYNTHESIS,train
E:\celeb deepfake\Celeb-synthesis\id23_id27_0001.mp4,fake,id23,CELEB_SYNTHESIS,val
E:\celeb deepfake\Celeb-synthesis\id45_id48_0006.mp4,fake,id45,CELEB_SYNTHESIS,val
E:\celeb deepfake\Celeb-synthesis\id26_id34_0002.mp4,fake,id26,CELEB_SYNTHESIS,train
E:\celeb deepfake\Celeb-synthesis\id4_id26_0005.mp4,fake,id4,CELEB_SYNTHESIS,train
E:\celeb deepfake\Celeb-synthesis\id32_id28_0000.mp4,fake,id32,CELEB_SYNTHESIS,train
E:\celeb deepfake\Celeb-synthesis\id35_id28_0009.mp4,fake,id35,CELEB_SYNTHESIS,train
E:\celeb deepfake\Celeb-synthesis\id1_id6_0004.mp4,fake,id1,CELEB_SYNTHESIS,train
E:\celeb deepfake\Celeb-synthesis\id23_id27_0002.mp4,fake,id23,CELEB_SYNTHESIS,val
E:\celeb deepfake\Celeb-synthesis\id52_id50_0002.mp4,fake,id52,CELEB_SYNTHESIS,train
E:\celeb deepfake\Celeb-synthesis\id23_id22_0006.mp4,fake,id23,CELEB_SYNTHESIS,val
E:\celeb deepfake\Celeb-synthesis\id6_id23_0000.mp4,fake,id6,CELEB_SYNTHESIS,test
E:\celeb deepfake\Celeb-synthesis\id53_id55_0006.mp4,fake,id53,CELEB_SYNTHESIS,train
E:\celeb deepfake\Celeb-synthesis\id48_id40_0008.mp4,fake,id48,CELEB_SYNTHESIS,train
E:\celeb deepfake\Celeb-synthesis\id7_id11_0002.mp4,fake,id7,CELEB_SYNTHESIS,train
E:\celeb deepfake\Celeb-synthesis\id37_id17_0009.mp4,fake,id37,CELEB_SYNTHESIS,train
E:\celeb deepfake\Celeb-synthesis\id35_id16_0008.mp4,fake,id35,CELEB_SYNTHESIS,train
E:\celeb deepfake\Celeb-synthesis\id23_id21_0003.mp4,fake,id23,CELEB_SYNTHESIS,val
E:\celeb deepfake\Celeb-synthesis\id3_id2_0001.mp4,fake,id3,CELEB_SYNTHESIS,train
E:\celeb deepfake\Celeb-synthesis\id43_id48_0008.mp4,fake,id43,CELEB_SYNTHESIS,train
E:\celeb deepfake\Celeb-synthesis\id30_id26_0002.mp4,fake,id30,CELEB_SYNTHESIS,val
E:\celeb deepfake\Celeb-synthesis\id58_id51_0003.mp4,fake,id58,CELEB_SYNTHESIS,test
E:\celeb deepfake\Celeb-synthesis\id33_id32_0004.mp4,fake,id33,CELEB_SYNTHESIS,val
E:\celeb deepfake\Celeb-synthesis\id30_id33_0005.mp4,fake,id30,CELEB_SYNTHESIS,val
E:\celeb deepfake\Celeb-synthesis\id31_id35_0009.mp4,fake,id31,CELEB_SYNTHESIS,val
E:\celeb deepfake\Celeb-synthesis\id45_id39_0008.mp4,fake,id45,CELEB_SYNTHESIS,val
E:\celeb deepfake\Celeb-synthesis\id35_id3_0002.mp4,fake,id35,CELEB_SYNTHESIS,train
E:\celeb deepfake\Celeb-synthesis\id40_id47_0000.mp4,fake,id40,CELEB_SYNTHESIS,test
E:\celeb deepfake\Celeb-synthesis\id20_id6_0008.mp4,fake,id20,CELEB_SYNTHESIS,test
E:\celeb deepfake\Celeb-synthesis\id61_id5_0005.mp4,fake,id61,CELEB_SYNTHESIS,val
E:\celeb deepfake\Celeb-synthesis\id32_id20_0000.mp4,fake,id32,CELEB_SYNTHESIS,train
E:\celeb deepfake\Celeb-synthesis\id47_id44_0005.mp4,fake,id47,CELEB_SYNTHESIS,test
E:\celeb deepfake\Celeb-synthesis\id27_id23_0009.mp4,fake,id27,CELEB_SYNTHESIS,val
E:\celeb deepfake\Celeb-synthesis\id2_id4_0007.mp4,fake,id2,CELEB_SYNTHESIS,train
E:\celeb deepfake\Celeb-synthesis\id20_id31_0006.mp4,fake,id20,CELEB_SYNTHESIS,test
E:\celeb deepfake\Celeb-synthesis\id1_id30_0004.mp4,fake,id1,CELEB_SYNTHESIS,train
E:\celeb deepfake\Celeb-synthesis\id8_id4_0007.mp4,fake,id8,CELEB_SYNTHESIS,test
E:\celeb deepfake\Celeb-synthesis\id16_id3_0007.mp4,fake,id16,CELEB_SYNTHESIS,train
E:\celeb deepfake\Celeb-synthesis\id28_id2_0007.mp4,fake,id28,CELEB_SYNTHESIS,train
E:\celeb deepfake\Celeb-synthesis\id56_id53_0005.mp4,fake,id56,CELEB_SYNTHESIS,train
E:\celeb deepfake\Celeb-synthesis\id33_id23_0006.mp4,fake,id33,CELEB_SYNTHESIS,val
E:\celeb deepfake\Celeb-synthesis\id47_id46_0000.mp4,fake,id47,CELEB_SYNTHESIS,test
E:\celeb deepfake\Celeb-synthesis\id55_id57_0004.mp4,fake,id55,CELEB_SYNTHESIS,train
E:\celeb deepfake\Celeb-synthesis\id21_id19_0008.mp4,fake,id21,CELEB_SYNTHESIS,train
E:\celeb deepfake\Celeb-synthesis\id21_id34_0006.mp4,fake,id21,CELEB_SYNTHESIS,train
E:\celeb deepfake\Celeb-synthesis\id26_id1_0000.mp4,fake,id26,CELEB_SYNTHESIS,train
E:\celeb deepfake\Celeb-synthesis\id8_id9_0007.mp4,fake,id8,CELEB_SYNTHESIS,test
E:\celeb deepfake\Celeb-synthesis\id49_id50_0008.mp4,fake,id49,CELEB_SYNTHESIS,train
E:\celeb deepfake\Celeb-synthesis\id46_id39_0007.mp4,fake,id46,CELEB_SYNTHESIS,train
E:\celeb deepfake\Celeb-synthesis\id31_id21_0004.mp4,fake,id31,CELEB_SYNTHESIS,val
E:\celeb deepfake\Celeb-synthesis\id32_id34_0002.mp4,fake,id32,CELEB_SYNTHESIS,train
E:\celeb deepfake\Celeb-synthesis\id23_id35_0005.mp4,fake,id23,CELEB_SYNTHESIS,val
E:\celeb deepfake\Celeb-synthesis\id20_id35_0002.mp4,fake,id20,CELEB_SYNTHESIS,test
E:\celeb deepfake\Celeb-synthesis\id41_id46_0003.mp4,fake,id41,CELEB_SYNTHESIS,val
E:\celeb deepfake\Celeb-synthesis\id51_id56_0006.mp4,fake,id51,CELEB_SYNTHESIS,test
E:\celeb deepfake\Celeb-synthesis\id23_id17_0006.mp4,fake,id23,CELEB_SYNTHESIS,val
E:\celeb deepfake\Celeb-synthesis\id35_id29_0002.mp4,fake,id35,CELEB_SYNTHESIS,train
E:\celeb deepfake\Celeb-synthesis\id22_id27_0005.mp4,fake,id22,CELEB_SYNTHESIS,train
E:\celeb deepfake\Celeb-synthesis\id29_id31_0005.mp4,fake,id29,CELEB_SYNTHESIS,val
E:\celeb deepfake\Celeb-synthesis\id33_id35_0008.mp4,fake,id33,CELEB_SYNTHESIS,val
E:\celeb deepfake\Celeb-synthesis\id3_id4_0003.mp4,fake,id3,CELEB_SYNTHESIS,train
E:\celeb deepfake\Celeb-synthesis\id20_id0_0002.mp4,fake,id20,CELEB_SYNTHESIS,test
E:\celeb deepfake\Celeb-synthesis\id54_id52_0008.mp4,fake,id54,CELEB_SYNTHESIS,train
E:\celeb deepfake\Celeb-synthesis\id30_id3_0005.mp4,fake,id30,CELEB_SYNTHESIS,val
E:\celeb deepfake\Celeb-synthesis\id35_id38_0004.mp4,fake,id35,CELEB_SYNTHESIS,train
E:\celeb deepfake\Celeb-synthesis\id20_id31_0001.mp4,fake,id20,CELEB_SYNTHESIS,test
E:\celeb deepfake\Celeb-synthesis\id40_id41_0008.mp4,fake,id40,CELEB_SYNTHESIS,test
E:\celeb deepfake\Celeb-synthesis\id35_id16_0000.mp4,fake,id35,CELEB_SYNTHESIS,train
E:\celeb deepfake\Celeb-synthesis\id2_id6_0001.mp4,fake,id2,CELEB_SYNTHESIS,train
E:\celeb deepfake\Celeb-synthesis\id22_id25_0004.mp4,fake,id22,CELEB_SYNTHESIS,train
E:\celeb deepfake\Celeb-synthesis\id2_id23_0003.mp4,fake,id2,CELEB_SYNTHESIS,train
E:\celeb deepfake\Celeb-synthesis\id38_id26_0001.mp4,fake,id38,CELEB_SYNTHESIS,train
E:\celeb deepfake\Celeb-synthesis\id50_id49_0001.mp4,fake,id50,CELEB_SYNTHESIS,train
E:\celeb deepfake\Celeb-synthesis\id21_id32_0006.mp4,fake,id21,CELEB_SYNTHESIS,train
E:\celeb deepfake\Celeb-synthesis\id57_id55_0001.mp4,fake,id57,CELEB_SYNTHESIS,train
E:\celeb deepfake\Celeb-synthesis\id23_id2_0003.mp4,fake,id23,CELEB_SYNTHESIS,val
E:\celeb deepfake\Celeb-synthesis\id37_id21_0007.mp4,fake,id37,CELEB_SYNTHESIS,train
E:\celeb deepfake\Celeb-synthesis\id41_id48_0002.mp4,fake,id41,CELEB_SYNTHESIS,val
E:\celeb deepfake\Celeb-synthesis\id17_id16_0002.mp4,fake,id17,CELEB_SYNTHESIS,train
E:\celeb deepfake\Celeb-synthesis\id37_id38_0003.mp4,fake,id37,CELEB_SYNTHESIS,train
E:\celeb deepfake\Celeb-synthesis\id6_id0_0009.mp4,fake,id6,CELEB_SYNTHESIS,test
E:\celeb deepfake\Celeb-synthesis\id4_id20_0009.mp4,fake,id4,CELEB_SYNTHESIS,train
E:\celeb deepfake\Celeb-synthesis\id16_id6_0005.mp4,fake,id16,CELEB_SYNTHESIS,train
E:\celeb deepfake\Celeb-synthesis\id9_id20_0004.mp4,fake,id9,CELEB_SYNTHESIS,val
E:\celeb deepfake\Celeb-synthesis\id11_id7_0002.mp4,fake,id11,CELEB_SYNTHESIS,train
E:\celeb deepfake\Celeb-synthesis\id2_id30_0009.mp4,fake,id2,CELEB_SYNTHESIS,train
E:\celeb deepfake\Celeb-synthesis\id26_id37_0000.mp4,fake,id26,CELEB_SYNTHESIS,train
E:\celeb deepfake\Celeb-synthesis\id19_id21_0009.mp4,fake,id19,CELEB_SYNTHESIS,train
E:\celeb deepfake\Celeb-synthesis\id17_id35_0004.mp4,fake,id17,CELEB_SYNTHESIS,train
E:\celeb deepfake\Celeb-synthesis\id9_id26_0002.mp4,fake,id9,CELEB_SYNTHESIS,val
E:\celeb deepfake\Celeb-synthesis\id16_id17_0012.mp4,fake,id16,CELEB_SYNTHESIS,train
E:\celeb deepfake\Celeb-synthesis\id56_id50_0003.mp4,fake,id56,CELEB_SYNTHESIS,train
E:\celeb deepfake\Celeb-synthesis\id35_id29_0009.mp4,fake,id35,CELEB_SYNTHESIS,train
E:\celeb deepfake\Celeb-synthesis\id2_id20_0009.mp4,fake,id2,CELEB_SYNTHESIS,train
E:\celeb deepfake\Celeb-synthesis\id51_id58_0001.mp4,fake,id51,CELEB_SYNTHESIS,test
E:\celeb deepfake\Celeb-synthesis\id22_id21_0005.mp4,fake,id22,CELEB_SYNTHESIS,train
E:\celeb deepfake\Celeb-synthesis\id0_id9_0002.mp4,fake,id0,CELEB_SYNTHESIS,train
E:\celeb deepfake\Celeb-synthesis\id54_id53_0009.mp4,fake,id54,CELEB_SYNTHESIS,train
E:\celeb deepfake\Celeb-synthesis\id55_id52_0008.mp4,fake,id55,CELEB_SYNTHESIS,train
E:\celeb deepfake\Celeb-synthesis\id31_id16_0003.mp4,fake,id31,CELEB_SYNTHESIS,val
E:\celeb deepfake\Celeb-synthesis\id47_id43_0008.mp4,fake,id47,CELEB_SYNTHESIS,test
E:\celeb deepfake\Celeb-synthesis\id4_id20_0008.mp4,fake,id4,CELEB_SYNTHESIS,train
E:\celeb deepfake\Celeb-synthesis\id30_id37_0007.mp4,fake,id30,CELEB_SYNTHESIS,val
E:\celeb deepfake\Celeb-synthesis\id6_id35_0006.mp4,fake,id6,CELEB_SYNTHESIS,test
E:\celeb deepfake\Celeb-synthesis\id19_id25_0008.mp4,fake,id19,CELEB_SYNTHESIS,train
E:\celeb deepfake\Celeb-synthesis\id54_id50_0009.mp4,fake,id54,CELEB_SYNTHESIS,train
E:\celeb deepfake\Celeb-synthesis\id34_id38_0007.mp4,fake,id34,CELEB_SYNTHESIS,train
E:\celeb deepfake\Celeb-synthesis\id0_id9_0003.mp4,fake,id0,CELEB_SYNTHESIS,train
E:\celeb deepfake\Celeb-synthesis\id35_id34_0001.mp4,fake,id35,CELEB_SYNTHESIS,train
E:\celeb deepfake\Celeb-synthesis\id48_id47_0003.mp4,fake,id48,CELEB_SYNTHESIS,train
E:\celeb deepfake\Celeb-synthesis\id27_id24_0008.mp4,fake,id27,CELEB_SYNTHESIS,val
E:\celeb deepfake\Celeb-synthesis\id32_id30_0000.mp4,fake,id32,CELEB_SYNTHESIS,train
E:\celeb deepfake\Celeb-synthesis\id16_id20_0001.mp4,fake,id16,CELEB_SYNTHESIS,train
E:\celeb deepfake\Celeb-synthesis\id39_id40_0007.mp4,fake,id39,CELEB_SYNTHESIS,train
E:\celeb deepfake\Celeb-synthesis\id47_id43_0004.mp4,fake,id47,CELEB_SYNTHESIS,test
E:\celeb deepfake\Celeb-synthesis\id56_id55_0006.mp4,fake,id56,CELEB_SYNTHESIS,train
E:\celeb deepfake\Celeb-synthesis\id45_id41_0007.mp4,fake,id45,CELEB_SYNTHESIS,val
E:\celeb deepfake\Celeb-synthesis\id3_id9_0004.mp4,fake,id3,CELEB_SYNTHESIS,train
E:\celeb deepfake\Celeb-synthesis\id1_id9_0004.mp4,fake,id1,CELEB_SYNTHESIS,train
E:\celeb deepfake\Celeb-synthesis\id45_id42_0000.mp4,fake,id45,CELEB_SYNTHESIS,val
E:\celeb deepfake\Celeb-synthesis\id31_id17_0009.mp4,fake,id31,CELEB_SYNTHESIS,val
E:\celeb deepfake\Celeb-synthesis\id59_id60_0005.mp4,fake,id59,CELEB_SYNTHESIS,train
E:\celeb deepfake\Celeb-synthesis\id52_id58_0007.mp4,fake,id52,CELEB_SYNTHESIS,train
E:\celeb deepfake\Celeb-synthesis\id21_id6_0007.mp4,fake,id21,CELEB_SYNTHESIS,train
E:\celeb deepfake\Celeb-synthesis\id37_id33_0006.mp4,fake,id37,CELEB_SYNTHESIS,train
E:\celeb deepfake\Celeb-synthesis\id27_id28_0009.mp4,fake,id27,CELEB_SYNTHESIS,val
E:\celeb deepfake\Celeb-synthesis\id60_id59_0000.mp4,fake,id60,CELEB_SYNTHESIS,train
E:\celeb deepfake\Celeb-synthesis\id24_id22_0000.mp4,fake,id24,CELEB_SYNTHESIS,val
E:\celeb deepfake\Celeb-synthesis\id37_id28_0008.mp4,fake,id37,CELEB_SYNTHESIS,train
E:\celeb deepfake\Celeb-synthesis\id6_id3_0006.mp4,fake,id6,CELEB_SYNTHESIS,test
E:\celeb deepfake\Celeb-synthesis\id34_id21_0009.mp4,fake,id34,CELEB_SYNTHESIS,train
E:\celeb deepfake\Celeb-synthesis\id39_id45_0004.mp4,fake,id39,CELEB_SYNTHESIS,train
E:\celeb deepfake\Celeb-synthesis\id44_id42_0000.mp4,fake,id44,CELEB_SYNTHESIS,train
E:\celeb deepfake\Celeb-synthesis\id33_id20_0007.mp4,fake,id33,CELEB_SYNTHESIS,val
E:\celeb deepfake\Celeb-synthesis\id10_id11_0006.mp4,fake,id10,CELEB_SYNTHESIS,train
E:\celeb deepfake\Celeb-synthesis\id52_id49_0003.mp4,fake,id52,CELEB_SYNTHESIS,train
E:\celeb deepfake\Celeb-synthesis\id53_id51_0000.mp4,fake,id53,CELEB_SYNTHESIS,train
E:\celeb deepfake\Celeb-synthesis\id32_id26_0007.mp4,fake,id32,CELEB_SYNTHESIS,train
E:\celeb deepfake\Celeb-synthesis\id43_id44_0001.mp4,fake,id43,CELEB_SYNTHESIS,train
E:\celeb deepfake\Celeb-synthesis\id57_id58_0006.mp4,fake,id57,CELEB_SYNTHESIS,train
E:\celeb deepfake\Celeb-synthesis\id21_id25_0007.mp4,fake,id21,CELEB_SYNTHESIS,train
E:\celeb deepfake\Celeb-synthesis\id38_id30_0003.mp4,fake,id38,CELEB_SYNTHESIS,train
E:\celeb deepfake\Celeb-synthesis\id50_id56_0009.mp4,fake,id50,CELEB_SYNTHESIS,train
E:\celeb deepfake\Celeb-synthesis\id25_id24_0002.mp4,fake,id25,CELEB_SYNTHESIS,val
E:\celeb deepfake\Celeb-synthesis\id51_id50_0008.mp4,fake,id51,CELEB_SYNTHESIS,test
E:\celeb deepfake\Celeb-synthesis\id19_id25_0006.mp4,fake,id19,CELEB_SYNTHESIS,train
E:\celeb deepfake\Celeb-synthesis\id57_id56_0007.mp4,fake,id57,CELEB_SYNTHESIS,train
E:\celeb deepfake\Celeb-synthesis\id51_id56_0004.mp4,fake,id51,CELEB_SYNTHESIS,test
E:\celeb deepfake\Celeb-synthesis\id34_id29_0008.mp4,fake,id34,CELEB_SYNTHESIS,train
E:\celeb deepfake\Celeb-synthesis\id50_id54_0006.mp4,fake,id50,CELEB_SYNTHESIS,train
E:\celeb deepfake\Celeb-synthesis\id9_id23_0005.mp4,fake,id9,CELEB_SYNTHESIS,val
E:\celeb deepfake\Celeb-synthesis\id20_id3_0003.mp4,fake,id20,CELEB_SYNTHESIS,test
E:\celeb deepfake\Celeb-synthesis\id30_id33_0006.mp4,fake,id30,CELEB_SYNTHESIS,val
E:\celeb deepfake\Celeb-synthesis\id37_id3_0003.mp4,fake,id37,CELEB_SYNTHESIS,train
E:\celeb deepfake\Celeb-synthesis\id6_id28_0000.mp4,fake,id6,CELEB_SYNTHESIS,test
E:\celeb deepfake\Celeb-synthesis\id20_id29_0009.mp4,fake,id20,CELEB_SYNTHESIS,test
E:\celeb deepfake\Celeb-synthesis\id8_id0_0007.mp4,fake,id8,CELEB_SYNTHESIS,test
E:\celeb deepfake\Celeb-synthesis\id31_id16_0009.mp4,fake,id31,CELEB_SYNTHESIS,val
E:\celeb deepfake\Celeb-synthesis\id24_id21_0004.mp4,fake,id24,CELEB_SYNTHESIS,val
E:\celeb deepfake\Celeb-synthesis\id55_id57_0001.mp4,fake,id55,CELEB_SYNTHESIS,train
E:\celeb deepfake\Celeb-synthesis\id38_id30_0004.mp4,fake,id38,CELEB_SYNTHESIS,train
E:\celeb deepfake\Celeb-synthesis\id28_id26_0000.mp4,fake,id28,CELEB_SYNTHESIS,train
E:\celeb deepfake\Celeb-synthesis\id6_id1_0000.mp4,fake,id6,CELEB_SYNTHESIS,test
E:\celeb deepfake\Celeb-synthesis\id23_id25_0007.mp4,fake,id23,CELEB_SYNTHESIS,val
E:\celeb deepfake\Celeb-synthesis\id35_id16_0007.mp4,fake,id35,CELEB_SYNTHESIS,train
E:\celeb deepfake\Celeb-synthesis\id39_id43_0000.mp4,fake,id39,CELEB_SYNTHESIS,train
E:\celeb deepfake\Celeb-synthesis\id51_id58_0009.mp4,fake,id51,CELEB_SYNTHESIS,test
E:\celeb deepfake\Celeb-synthesis\id20_id25_0001.mp4,fake,id20,CELEB_SYNTHESIS,test
E:\celeb deepfake\Celeb-synthesis\id0_id3_0009.mp4,fake,id0,CELEB_SYNTHESIS,train
E:\celeb deepfake\Celeb-synthesis\id23_id33_0005.mp4,fake,id23,CELEB_SYNTHESIS,val
E:\celeb deepfake\Celeb-synthesis\id49_id50_0007.mp4,fake,id49,CELEB_SYNTHESIS,train
E:\celeb deepfake\Celeb-synthesis\id17_id37_0005.mp4,fake,id17,CELEB_SYNTHESIS,train
E:\celeb deepfake\Celeb-synthesis\id30_id6_0005.mp4,fake,id30,CELEB_SYNTHESIS,val
E:\celeb deepfake\Celeb-synthesis\id21_id27_0009.mp4,fake,id21,CELEB_SYNTHESIS,train
E:\celeb deepfake\Celeb-synthesis\id30_id2_0002.mp4,fake,id30,CELEB_SYNTHESIS,val
E:\celeb deepfake\Celeb-synthesis\id28_id37_0000.mp4,fake,id28,CELEB_SYNTHESIS,train
E:\celeb deepfake\Celeb-synthesis\id26_id37_0009.mp4,fake,id26,CELEB_SYNTHESIS,train
E:\celeb deepfake\Celeb-synthesis\id51_id54_0004.mp4,fake,id51,CELEB_SYNTHESIS,test
E:\celeb deepfake\Celeb-synthesis\id33_id37_0009.mp4,fake,id33,CELEB_SYNTHESIS,val
E:\celeb deepfake\Celeb-synthesis\id21_id35_0008.mp4,fake,id21,CELEB_SYNTHESIS,train
E:\celeb deepfake\Celeb-synthesis\id45_id44_0000.mp4,fake,id45,CELEB_SYNTHESIS,val
E:\celeb deepfake\Celeb-synthesis\id45_id43_0001.mp4,fake,id45,CELEB_SYNTHESIS,val
E:\celeb deepfake\Celeb-synthesis\id29_id35_0005.mp4,fake,id29,CELEB_SYNTHESIS,val
E:\celeb deepfake\Celeb-synthesis\id28_id1_0006.mp4,fake,id28,CELEB_SYNTHESIS,train
E:\celeb deepfake\Celeb-synthesis\id2_id0_0007.mp4,fake,id2,CELEB_SYNTHESIS,train
E:\celeb deepfake\Celeb-synthesis\id3_id28_0004.mp4,fake,id3,CELEB_SYNTHESIS,train
E:\celeb deepfake\Celeb-synthesis\id31_id1_0000.mp4,fake,id31,CELEB_SYNTHESIS,val
E:\celeb deepfake\Celeb-synthesis\id30_id35_0003.mp4,fake,id30,CELEB_SYNTHESIS,val
E:\celeb deepfake\Celeb-synthesis\id26_id24_0003.mp4,fake,id26,CELEB_SYNTHESIS,train
E:\celeb deepfake\Celeb-synthesis\id26_id32_0002.mp4,fake,id26,CELEB_SYNTHESIS,train
E:\celeb deepfake\Celeb-synthesis\id48_id40_0009.mp4,fake,id48,CELEB_SYNTHESIS,train
E:\celeb deepfake\Celeb-synthesis\id48_id47_0000.mp4,fake,id48,CELEB_SYNTHESIS,train
E:\celeb deepfake\Celeb-synthesis\id52_id49_0006.mp4,fake,id52,CELEB_SYNTHESIS,train
E:\celeb deepfake\Celeb-synthesis\id31_id30_0005.mp4,fake,id31,CELEB_SYNTHESIS,val
E:\celeb deepfake\Celeb-synthesis\id6_id3_0009.mp4,fake,id6,CELEB_SYNTHESIS,test
E:\celeb deepfake\Celeb-synthesis\id47_id48_0006.mp4,fake,id47,CELEB_SYNTHESIS,test
E:\celeb deepfake\Celeb-synthesis\id38_id32_0007.mp4,fake,id38,CELEB_SYNTHESIS,train
E:\celeb deepfake\Celeb-synthesis\id10_id11_0007.mp4,fake,id10,CELEB_SYNTHESIS,train
E:\celeb deepfake\Celeb-synthesis\id58_id55_0002.mp4,fake,id58,CELEB_SYNTHESIS,test
E:\celeb deepfake\Celeb-synthesis\id49_id55_0007.mp4,fake,id49,CELEB_SYNTHESIS,train
E:\celeb deepfake\Celeb-synthesis\id21_id23_0009.mp4,fake,id21,CELEB_SYNTHESIS,train
E:\celeb deepfake\Celeb-synthesis\id25_id22_0010.mp4,fake,id25,CELEB_SYNTHESIS,val
E:\celeb deepfake\Celeb-synthesis\id17_id3_0009.mp4,fake,id17,CELEB_SYNTHESIS,train
E:\celeb deepfake\Celeb-synthesis\id57_id50_0005.mp4,fake,id57,CELEB_SYNTHESIS,train
E:\celeb deepfake\Celeb-synthesis\id31_id30_0004.mp4,fake,id31,CELEB_SYNTHESIS,val
E:\celeb deepfake\Celeb-synthesis\id41_id42_0003.mp4,fake,id41,CELEB_SYNTHESIS,val
E:\celeb deepfake\Celeb-synthesis\id41_id43_0000.mp4,fake,id41,CELEB_SYNTHESIS,val
E:\celeb deepfake\Celeb-synthesis\id16_id20_0013.mp4,fake,id16,CELEB_SYNTHESIS,train
E:\celeb deepfake\Celeb-synthesis\id49_id53_0000.mp4,fake,id49,CELEB_SYNTHESIS,train
E:\celeb deepfake\Celeb-synthesis\id52_id49_0005.mp4,fake,id52,CELEB_SYNTHESIS,train
E:\celeb deepfake\Celeb-synthesis\id37_id38_0001.mp4,fake,id37,CELEB_SYNTHESIS,train
E:\celeb deepfake\Celeb-synthesis\id16_id28_0000.mp4,fake,id16,CELEB_SYNTHESIS,train
E:\celeb deepfake\Celeb-synthesis\id43_id47_0000.mp4,fake,id43,CELEB_SYNTHESIS,train
E:\celeb deepfake\Celeb-synthesis\id47_id46_0007.mp4,fake,id47,CELEB_SYNTHESIS,test
E:\celeb deepfake\Celeb-synthesis\id6_id0_0000.mp4,fake,id6,CELEB_SYNTHESIS,test
E:\celeb deepfake\Celeb-synthesis\id0_id21_0006.mp4,fake,id0,CELEB_SYNTHESIS,train
E:\celeb deepfake\Celeb-synthesis\id23_id30_0001.mp4,fake,id23,CELEB_SYNTHESIS,val
E:\celeb deepfake\Celeb-synthesis\id30_id35_0008.mp4,fake,id30,CELEB_SYNTHESIS,val
E:\celeb deepfake\Celeb-synthesis\id33_id37_0006.mp4,fake,id33,CELEB_SYNTHESIS,val
E:\celeb deepfake\Celeb-synthesis\id28_id35_0004.mp4,fake,id28,CELEB_SYNTHESIS,train
E:\celeb deepfake\Celeb-synthesis\id47_id45_0008.mp4,fake,id47,CELEB_SYNTHESIS,test
E:\celeb deepfake\Celeb-synthesis\id42_id41_0003.mp4,fake,id42,CELEB_SYNTHESIS,test
E:\celeb deepfake\Celeb-synthesis\id50_id57_0009.mp4,fake,id50,CELEB_SYNTHESIS,train
E:\celeb deepfake\Celeb-synthesis\id3_id21_0004.mp4,fake,id3,CELEB_SYNTHESIS,train
E:\celeb deepfake\Celeb-synthesis\id13_id7_0005.mp4,fake,id13,CELEB_SYNTHESIS,val
E:\celeb deepfake\Celeb-synthesis\id23_id16_0004.mp4,fake,id23,CELEB_SYNTHESIS,val
E:\celeb deepfake\Celeb-synthesis\id9_id0_0009.mp4,fake,id9,CELEB_SYNTHESIS,val
E:\celeb deepfake\Celeb-synthesis\id48_id40_0005.mp4,fake,id48,CELEB_SYNTHESIS,train
E:\celeb deepfake\Celeb-synthesis\id54_id52_0009.mp4,fake,id54,CELEB_SYNTHESIS,train
E:\celeb deepfake\Celeb-synthesis\id54_id52_0000.mp4,fake,id54,CELEB_SYNTHESIS,train
E:\celeb deepfake\Celeb-synthesis\id28_id16_0007.mp4,fake,id28,CELEB_SYNTHESIS,train
E:\celeb deepfake\Celeb-synthesis\id34_id29_0005.mp4,fake,id34,CELEB_SYNTHESIS,train
E:\celeb deepfake\Celeb-synthesis\id53_id52_0008.mp4,fake,id53,CELEB_SYNTHESIS,train
E:\celeb deepfake\Celeb-synthesis\id40_id41_0005.mp4,fake,id40,CELEB_SYNTHESIS,test
E:\celeb deepfake\Celeb-synthesis\id23_id20_0006.mp4,fake,id23,CELEB_SYNTHESIS,val
E:\celeb deepfake\Celeb-synthesis\id23_id35_0000.mp4,fake,id23,CELEB_SYNTHESIS,val
E:\celeb deepfake\Celeb-synthesis\id50_id49_0009.mp4,fake,id50,CELEB_SYNTHESIS,train
E:\celeb deepfake\Celeb-synthesis\id28_id25_0001.mp4,fake,id28,CELEB_SYNTHESIS,train
E:\celeb deepfake\Celeb-synthesis\id1_id0_0000.mp4,fake,id1,CELEB_SYNTHESIS,train
E:\celeb deepfake\Celeb-synthesis\id30_id3_0008.mp4,fake,id30,CELEB_SYNTHESIS,val
E:\celeb deepfake\Celeb-synthesis\id52_id58_0002.mp4,fake,id52,CELEB_SYNTHESIS,train
E:\celeb deepfake\Celeb-synthesis\id47_id43_0001.mp4,fake,id47,CELEB_SYNTHESIS,test
E:\celeb deepfake\Celeb-synthesis\id23_id6_0003.mp4,fake,id23,CELEB_SYNTHESIS,val
E:\celeb deepfake\Celeb-synthesis\id50_id55_0000.mp4,fake,id50,CELEB_SYNTHESIS,train
E:\celeb deepfake\Celeb-synthesis\id34_id33_0003.mp4,fake,id34,CELEB_SYNTHESIS,train
E:\celeb deepfake\Celeb-synthesis\id5_id60_0004.mp4,fake,id5,CELEB_SYNTHESIS,test
E:\celeb deepfake\Celeb-synthesis\id16_id30_0006.mp4,fake,id16,CELEB_SYNTHESIS,train
E:\celeb deepfake\Celeb-synthesis\id43_id47_0008.mp4,fake,id43,CELEB_SYNTHESIS,train
E:\celeb deepfake\Celeb-synthesis\id57_id56_0002.mp4,fake,id57,CELEB_SYNTHESIS,train
E:\celeb deepfake\Celeb-synthesis\id28_id38_0004.mp4,fake,id28,CELEB_SYNTHESIS,train
E:\celeb deepfake\Celeb-synthesis\id1_id9_0003.mp4,fake,id1,CELEB_SYNTHESIS,train
E:\celeb deepfake\Celeb-synthesis\id4_id20_0001.mp4,fake,id4,CELEB_SYNTHESIS,train
E:\celeb deepfake\Celeb-synthesis\id43_id39_0008.mp4,fake,id43,CELEB_SYNTHESIS,train
E:\celeb deepfake\Celeb-synthesis\id2_id9_0009.mp4,fake,id2,CELEB_SYNTHESIS,train
E:\celeb deepfake\Celeb-synthesis\id4_id1_0003.mp4,fake,id4,CELEB_SYNTHESIS,train
E:\celeb deepfake\Celeb-synthesis\id37_id4_0001.mp4,fake,id37,CELEB_SYNTHESIS,train
E:\celeb deepfake\Celeb-synthesis\id54_id56_0004.mp4,fake,id54,CELEB_SYNTHESIS,train
E:\celeb deepfake\Celeb-synthesis\id38_id23_0005.mp4,fake,id38,CELEB_SYNTHESIS,train
E:\celeb deepfake\Celeb-synthesis\id41_id45_0002.mp4,fake,id41,CELEB_SYNTHESIS,val
E:\celeb deepfake\Celeb-synthesis\id43_id44_0007.mp4,fake,id43,CELEB_SYNTHESIS,train
E:\celeb deepfake\Celeb-synthesis\id19_id22_0008.mp4,fake,id19,CELEB_SYNTHESIS,train
E:\celeb deepfake\Celeb-synthesis\id52_id55_0001.mp4,fake,id52,CELEB_SYNTHESIS,train
E:\celeb deepfake\Celeb-synthesis\id9_id17_0002.mp4,fake,id9,CELEB_SYNTHESIS,val
E:\celeb deepfake\Celeb-synthesis\id26_id4_0003.mp4,fake,id26,CELEB_SYNTHESIS,train
E:\celeb deepfake\Celeb-synthesis\id53_id54_0002.mp4,fake,id53,CELEB_SYNTHESIS,train
E:\celeb deepfake\Celeb-synthesis\id21_id38_0006.mp4,fake,id21,CELEB_SYNTHESIS,train
E:\celeb deepfake\Celeb-synthesis\id4_id35_0003.mp4,fake,id4,CELEB_SYNTHESIS,train
E:\celeb deepfake\Celeb-synthesis\id38_id23_0002.mp4,fake,id38,CELEB_SYNTHESIS,train
E:\celeb deepfake\Celeb-synthesis\id32_id33_0001.mp4,fake,id32,CELEB_SYNTHESIS,train
E:\celeb deepfake\Celeb-synthesis\id34_id35_0002.mp4,fake,id34,CELEB_SYNTHESIS,train
E:\celeb deepfake\Celeb-synthesis\id2_id26_0007.mp4,fake,id2,CELEB_SYNTHESIS,train
E:\celeb deepfake\Celeb-synthesis\id32_id21_0000.mp4,fake,id32,CELEB_SYNTHESIS,train
E:\celeb deepfake\Celeb-synthesis\id51_id56_0000.mp4,fake,id51,CELEB_SYNTHESIS,test
E:\celeb deepfake\Celeb-synthesis\id9_id37_0009.mp4,fake,id9,CELEB_SYNTHESIS,val
E:\celeb deepfake\Celeb-synthesis\id39_id44_0008.mp4,fake,id39,CELEB_SYNTHESIS,train
E:\celeb deepfake\Celeb-synthesis\id31_id30_0001.mp4,fake,id31,CELEB_SYNTHESIS,val
E:\celeb deepfake\Celeb-synthesis\id24_id27_0002.mp4,fake,id24,CELEB_SYNTHESIS,val
E:\celeb deepfake\Celeb-synthesis\id21_id37_0005.mp4,fake,id21,CELEB_SYNTHESIS,train
E:\celeb deepfake\Celeb-synthesis\id31_id28_0000.mp4,fake,id31,CELEB_SYNTHESIS,val
E:\celeb deepfake\Celeb-synthesis\id28_id19_0005.mp4,fake,id28,CELEB_SYNTHESIS,train
E:\celeb deepfake\Celeb-synthesis\id9_id17_0004.mp4,fake,id9,CELEB_SYNTHESIS,val
E:\celeb deepfake\Celeb-synthesis\id27_id22_0002.mp4,fake,id27,CELEB_SYNTHESIS,val
E:\celeb deepfake\Celeb-synthesis\id26_id34_0004.mp4,fake,id26,CELEB_SYNTHESIS,train
E:\celeb deepfake\Celeb-synthesis\id35_id16_0002.mp4,fake,id35,CELEB_SYNTHESIS,train
E:\celeb deepfake\Celeb-synthesis\id35_id20_0009.mp4,fake,id35,CELEB_SYNTHESIS,train
E:\celeb deepfake\Celeb-synthesis\id31_id32_0004.mp4,fake,id31,CELEB_SYNTHESIS,val
E:\celeb deepfake\Celeb-synthesis\id23_id3_0005.mp4,fake,id23,CELEB_SYNTHESIS,val
E:\celeb deepfake\Celeb-synthesis\id8_id5_0002.mp4,fake,id8,CELEB_SYNTHESIS,test
E:\celeb deepfake\Celeb-synthesis\id3_id20_0008.mp4,fake,id3,CELEB_SYNTHESIS,train
E:\celeb deepfake\Celeb-synthesis\id20_id23_0008.mp4,fake,id20,CELEB_SYNTHESIS,test
E:\celeb deepfake\Celeb-synthesis\id43_id46_0000.mp4,fake,id43,CELEB_SYNTHESIS,train
E:\celeb deepfake\Celeb-synthesis\id6_id0_0003.mp4,fake,id6,CELEB_SYNTHESIS,test
E:\celeb deepfake\Celeb-synthesis\id28_id26_0004.mp4,fake,id28,CELEB_SYNTHESIS,train
E:\celeb deepfake\Celeb-synthesis\id26_id2_0003.mp4,fake,id26,CELEB_SYNTHESIS,train
E:\celeb deepfake\Celeb-synthesis\id51_id53_0004.mp4,fake,id51,CELEB_SYNTHESIS,test
E:\celeb deepfake\Celeb-synthesis\id38_id30_0001.mp4,fake,id38,CELEB_SYNTHESIS,train
E:\celeb deepfake\Celeb-synthesis\id31_id23_0004.mp4,fake,id31,CELEB_SYNTHESIS,val
E:\celeb deepfake\Celeb-synthesis\id28_id17_0001.mp4,fake,id28,CELEB_SYNTHESIS,train
E:\celeb deepfake\Celeb-synthesis\id47_id48_0008.mp4,fake,id47,CELEB_SYNTHESIS,test
E:\celeb deepfake\Celeb-synthesis\id29_id35_0003.mp4,fake,id29,CELEB_SYNTHESIS,val
E:\celeb deepfake\Celeb-synthesis\id21_id33_0004.mp4,fake,id21,CELEB_SYNTHESIS,train
E:\celeb deepfake\Celeb-synthesis\id49_id53_0004.mp4,fake,id49,CELEB_SYNTHESIS,train
E:\celeb deepfake\Celeb-synthesis\id40_id47_0008.mp4,fake,id40,CELEB_SYNTHESIS,test
E:\celeb deepfake\Celeb-synthesis\id30_id37_0004.mp4,fake,id30,CELEB_SYNTHESIS,val
E:\celeb deepfake\Celeb-synthesis\id33_id28_0000.mp4,fake,id33,CELEB_SYNTHESIS,val
E:\celeb deepfake\Celeb-synthesis\id23_id16_0007.mp4,fake,id23,CELEB_SYNTHESIS,val
E:\celeb deepfake\Celeb-synthesis\id48_id40_0002.mp4,fake,id48,CELEB_SYNTHESIS,train
E:\celeb deepfake\Celeb-synthesis\id30_id32_0002.mp4,fake,id30,CELEB_SYNTHESIS,val
E:\celeb deepfake\Celeb-synthesis\id6_id20_0007.mp4,fake,id6,CELEB_SYNTHESIS,test
E:\celeb deepfake\Celeb-synthesis\id10_id7_0009.mp4,fake,id10,CELEB_SYNTHESIS,train
E:\celeb deepfake\Celeb-synthesis\id16_id2_0012.mp4,fake,id16,CELEB_SYNTHESIS,train
E:\celeb deepfake\Celeb-synthesis\id56_id54_0006.mp4,fake,id56,CELEB_SYNTHESIS,train
E:\celeb deepfake\Celeb-synthesis\id21_id1_0004.mp4,fake,id21,CELEB_SYNTHESIS,train
E:\celeb deepfake\Celeb-synthesis\id58_id49_0005.mp4,fake,id58,CELEB_SYNTHESIS,test
E:\celeb deepfake\Celeb-synthesis\id43_id39_0002.mp4,fake,id43,CELEB_SYNTHESIS,train
E:\celeb deepfake\Celeb-synthesis\id53_id58_0007.mp4,fake,id53,CELEB_SYNTHESIS,train
E:\celeb deepfake\Celeb-synthesis\id3_id35_0009.mp4,fake,id3,CELEB_SYNTHESIS,train
E:\celeb deepfake\Celeb-synthesis\id9_id28_0005.mp4,fake,id9,CELEB_SYNTHESIS,val
E:\celeb deepfake\Celeb-synthesis\id30_id37_0001.mp4,fake,id30,CELEB_SYNTHESIS,val
E:\celeb deepfake\Celeb-synthesis\id19_id23_0002.mp4,fake,id19,CELEB_SYNTHESIS,train
E:\celeb deepfake\Celeb-synthesis\id57_id50_0008.mp4,fake,id57,CELEB_SYNTHESIS,train
E:\celeb deepfake\Celeb-synthesis\id41_id46_0006.mp4,fake,id41,CELEB_SYNTHESIS,val
E:\celeb deepfake\Celeb-synthesis\id6_id2_0004.mp4,fake,id6,CELEB_SYNTHESIS,test
E:\celeb deepfake\Celeb-synthesis\id55_id49_0009.mp4,fake,id55,CELEB_SYNTHESIS,train
E:\celeb deepfake\Celeb-synthesis\id31_id29_0002.mp4,fake,id31,CELEB_SYNTHESIS,val
E:\celeb deepfake\Celeb-synthesis\id49_id52_0003.mp4,fake,id49,CELEB_SYNTHESIS,train
E:\celeb deepfake\Celeb-synthesis\id1_id31_0002.mp4,fake,id1,CELEB_SYNTHESIS,train
E:\celeb deepfake\Celeb-synthesis\id3_id26_0005.mp4,fake,id3,CELEB_SYNTHESIS,train
E:\celeb deepfake\Celeb-synthesis\id43_id45_0003.mp4,fake,id43,CELEB_SYNTHESIS,train
E:\celeb deepfake\Celeb-synthesis\id30_id1_0004.mp4,fake,id30,CELEB_SYNTHESIS,val
E:\celeb deepfake\Celeb-synthesis\id33_id31_0006.mp4,fake,id33,CELEB_SYNTHESIS,val
E:\celeb deepfake\Celeb-synthesis\id23_id24_0004.mp4,fake,id23,CELEB_SYNTHESIS,val
E:\celeb deepfake\Celeb-synthesis\id37_id31_0006.mp4,fake,id37,CELEB_SYNTHESIS,train
E:\celeb deepfake\Celeb-synthesis\id23_id0_0006.mp4,fake,id23,CELEB_SYNTHESIS,val
E:\celeb deepfake\Celeb-synthesis\id31_id26_0005.mp4,fake,id31,CELEB_SYNTHESIS,val
E:\celeb deepfake\Celeb-synthesis\id38_id33_0009.mp4,fake,id38,CELEB_SYNTHESIS,train
E:\celeb deepfake\Celeb-synthesis\id21_id16_0006.mp4,fake,id21,CELEB_SYNTHESIS,train
E:\celeb deepfake\Celeb-synthesis\id21_id26_0008.mp4,fake,id21,CELEB_SYNTHESIS,train
E:\celeb deepfake\Celeb-synthesis\id35_id1_0006.mp4,fake,id35,CELEB_SYNTHESIS,train
E:\celeb deepfake\Celeb-synthesis\id45_id41_0008.mp4,fake,id45,CELEB_SYNTHESIS,val
E:\celeb deepfake\Celeb-synthesis\id16_id9_0000.mp4,fake,id16,CELEB_SYNTHESIS,train
E:\celeb deepfake\Celeb-synthesis\id26_id9_0004.mp4,fake,id26,CELEB_SYNTHESIS,train
E:\celeb deepfake\Celeb-synthesis\id33_id26_0004.mp4,fake,id33,CELEB_SYNTHESIS,val
E:\celeb deepfake\Celeb-synthesis\id45_id41_0002.mp4,fake,id45,CELEB_SYNTHESIS,val
E:\celeb deepfake\Celeb-synthesis\id29_id35_0002.mp4,fake,id29,CELEB_SYNTHESIS,val
E:\celeb deepfake\Celeb-synthesis\id4_id20_0005.mp4,fake,id4,CELEB_SYNTHESIS,train
E:\celeb deepfake\Celeb-synthesis\id31_id38_0006.mp4,fake,id31,CELEB_SYNTHESIS,val
E:\celeb deepfake\Celeb-synthesis\id4_id0_0003.mp4,fake,id4,CELEB_SYNTHESIS,train
E:\celeb deepfake\Celeb-synthesis\id35_id33_0007.mp4,fake,id35,CELEB_SYNTHESIS,train
E:\celeb deepfake\Celeb-synthesis\id54_id49_0007.mp4,fake,id54,CELEB_SYNTHESIS,train
E:\celeb deepfake\Celeb-synthesis\id40_id48_0004.mp4,fake,id40,CELEB_SYNTHESIS,test
E:\celeb deepfake\Celeb-synthesis\id57_id54_0008.mp4,fake,id57,CELEB_SYNTHESIS,train
E:\celeb deepfake\Celeb-synthesis\id20_id28_0006.mp4,fake,id20,CELEB_SYNTHESIS,test
E:\celeb deepfake\Celeb-synthesis\id23_id1_0000.mp4,fake,id23,CELEB_SYNTHESIS,val
E:\celeb deepfake\Celeb-synthesis\id4_id0_0008.mp4,fake,id4,CELEB_SYNTHESIS,train
E:\celeb deepfake\Celeb-synthesis\id22_id26_0002.mp4,fake,id22,CELEB_SYNTHESIS,train
E:\celeb deepfake\Celeb-synthesis\id37_id23_0003.mp4,fake,id37,CELEB_SYNTHESIS,train
E:\celeb deepfake\Celeb-synthesis\id58_id55_0008.mp4,fake,id58,CELEB_SYNTHESIS,test
E:\celeb deepfake\Celeb-synthesis\id56_id50_0002.mp4,fake,id56,CELEB_SYNTHESIS,train
E:\celeb deepfake\Celeb-synthesis\id45_id48_0003.mp4,fake,id45,CELEB_SYNTHESIS,val
E:\celeb deepfake\Celeb-synthesis\id21_id25_0002.mp4,fake,id21,CELEB_SYNTHESIS,train
E:\celeb deepfake\Celeb-synthesis\id2_id4_0006.mp4,fake,id2,CELEB_SYNTHESIS,train
E:\celeb deepfake\Celeb-synthesis\id21_id16_0007.mp4,fake,id21,CELEB_SYNTHESIS,train
E:\celeb deepfake\Celeb-synthesis\id2_id6_0005.mp4,fake,id2,CELEB_SYNTHESIS,train
E:\celeb deepfake\Celeb-synthesis\id20_id32_0000.mp4,fake,id20,CELEB_SYNTHESIS,test
E:\celeb deepfake\Celeb-synthesis\id34_id35_0005.mp4,fake,id34,CELEB_SYNTHESIS,train
E:\celeb deepfake\Celeb-synthesis\id35_id26_0002.mp4,fake,id35,CELEB_SYNTHESIS,train
E:\celeb deepfake\Celeb-synthesis\id30_id3_0007.mp4,fake,id30,CELEB_SYNTHESIS,val
E:\celeb deepfake\Celeb-synthesis\id48_id44_0009.mp4,fake,id48,CELEB_SYNTHESIS,train
E:\celeb deepfake\Celeb-synthesis\id19_id24_0002.mp4,fake,id19,CELEB_SYNTHESIS,train
E:\celeb deepfake\Celeb-synthesis\id20_id2_0003.mp4,fake,id20,CELEB_SYNTHESIS,test
E:\celeb deepfake\Celeb-synthesis\id3_id35_0004.mp4,fake,id3,CELEB_SYNTHESIS,train
E:\celeb deepfake\Celeb-synthesis\id6_id20_0004.mp4,fake,id6,CELEB_SYNTHESIS,test
E:\celeb deepfake\Celeb-synthesis\id55_id49_0007.mp4,fake,id55,CELEB_SYNTHESIS,train
E:\celeb deepfake\Celeb-synthesis\id52_id55_0007.mp4,fake,id52,CELEB_SYNTHESIS,train
E:\celeb deepfake\Celeb-synthesis\id21_id34_0005.mp4,fake,id21,CELEB_SYNTHESIS,train
E:\celeb deepfake\Celeb-synthesis\id24_id22_0004.mp4,fake,id24,CELEB_SYNTHESIS,val
E:\celeb deepfake\Celeb-synthesis\id27_id21_0001.mp4,fake,id27,CELEB_SYNTHESIS,val
E:\celeb deepfake\Celeb-synthesis\id49_id52_0005.mp4,fake,id49,CELEB_SYNTHESIS,train
E:\celeb deepfake\Celeb-synthesis\id21_id4_0008.mp4,fake,id21,CELEB_SYNTHESIS,train
E:\celeb deepfake\Celeb-synthesis\id55_id54_0003.mp4,fake,id55,CELEB_SYNTHESIS,train
E:\celeb deepfake\Celeb-synthesis\id47_id39_0001.mp4,fake,id47,CELEB_SYNTHESIS,test
E:\celeb deepfake\Celeb-synthesis\id16_id26_0013.mp4,fake,id16,CELEB_SYNTHESIS,train
E:\celeb deepfake\Celeb-synthesis\id1_id23_0001.mp4,fake,id1,CELEB_SYNTHESIS,train
E:\celeb deepfake\Celeb-synthesis\id26_id25_0001.mp4,fake,id26,CELEB_SYNTHESIS,train
E:\celeb deepfake\Celeb-synthesis\id20_id9_0004.mp4,fake,id20,CELEB_SYNTHESIS,test
E:\celeb deepfake\Celeb-synthesis\id50_id57_0004.mp4,fake,id50,CELEB_SYNTHESIS,train
E:\celeb deepfake\Celeb-synthesis\id37_id1_0005.mp4,fake,id37,CELEB_SYNTHESIS,train
E:\celeb deepfake\Celeb-synthesis\id59_id5_0002.mp4,fake,id59,CELEB_SYNTHESIS,train
E:\celeb deepfake\Celeb-synthesis\id41_id46_0002.mp4,fake,id41,CELEB_SYNTHESIS,val
E:\celeb deepfake\Celeb-synthesis\id16_id0_0002.mp4,fake,id16,CELEB_SYNTHESIS,train
E:\celeb deepfake\Celeb-synthesis\id27_id25_0001.mp4,fake,id27,CELEB_SYNTHESIS,val
E:\celeb deepfake\Celeb-synthesis\id46_id39_0003.mp4,fake,id46,CELEB_SYNTHESIS,train
E:\celeb deepfake\Celeb-synthesis\id23_id27_0007.mp4,fake,id23,CELEB_SYNTHESIS,val
E:\celeb deepfake\Celeb-synthesis\id9_id16_0005.mp4,fake,id9,CELEB_SYNTHESIS,val
E:\celeb deepfake\Celeb-synthesis\id47_id45_0009.mp4,fake,id47,CELEB_SYNTHESIS,test
E:\celeb deepfake\Celeb-synthesis\id50_id54_0005.mp4,fake,id50,CELEB_SYNTHESIS,train
E:\celeb deepfake\Celeb-synthesis\id3_id17_0007.mp4,fake,id3,CELEB_SYNTHESIS,train
E:\celeb deepfake\Celeb-synthesis\id26_id33_0003.mp4,fake,id26,CELEB_SYNTHESIS,train
E:\celeb deepfake\Celeb-synthesis\id0_id21_0004.mp4,fake,id0,CELEB_SYNTHESIS,train
E:\celeb deepfake\Celeb-synthesis\id28_id24_0006.mp4,fake,id28,CELEB_SYNTHESIS,train
E:\celeb deepfake\Celeb-synthesis\id16_id21_0002.mp4,fake,id16,CELEB_SYNTHESIS,train
E:\celeb deepfake\Celeb-synthesis\id10_id13_0003.mp4,fake,id10,CELEB_SYNTHESIS,train
E:\celeb deepfake\Celeb-synthesis\id41_id44_0001.mp4,fake,id41,CELEB_SYNTHESIS,val
E:\celeb deepfake\Celeb-synthesis\id24_id25_0008.mp4,fake,id24,CELEB_SYNTHESIS,val
E:\celeb deepfake\Celeb-synthesis\id28_id23_0003.mp4,fake,id28,CELEB_SYNTHESIS,train
E:\celeb deepfake\Celeb-synthesis\id17_id20_0006.mp4,fake,id17,CELEB_SYNTHESIS,train
E:\celeb deepfake\Celeb-synthesis\id40_id47_0009.mp4,fake,id40,CELEB_SYNTHESIS,test
E:\celeb deepfake\Celeb-synthesis\id3_id37_0002.mp4,fake,id3,CELEB_SYNTHESIS,train
E:\celeb deepfake\Celeb-synthesis\id28_id2_0001.mp4,fake,id28,CELEB_SYNTHESIS,train
E:\celeb deepfake\Celeb-synthesis\id31_id6_0009.mp4,fake,id31,CELEB_SYNTHESIS,val
E:\celeb deepfake\Celeb-synthesis\id45_id47_0004.mp4,fake,id45,CELEB_SYNTHESIS,val
E:\celeb deepfake\Celeb-synthesis\id52_id56_0005.mp4,fake,id52,CELEB_SYNTHESIS,train
E:\celeb deepfake\Celeb-synthesis\id31_id34_0004.mp4,fake,id31,CELEB_SYNTHESIS,val
E:\celeb deepfake\Celeb-synthesis\id44_id47_0004.mp4,fake,id44,CELEB_SYNTHESIS,train
E:\celeb deepfake\Celeb-synthesis\id3_id2_0006.mp4,fake,id3,CELEB_SYNTHESIS,train
E:\celeb deepfake\Celeb-synthesis\id21_id22_0006.mp4,fake,id21,CELEB_SYNTHESIS,train
E:\celeb deepfake\Celeb-synthesis\id21_id29_0000.mp4,fake,id21,CELEB_SYNTHESIS,train
E:\celeb deepfake\Celeb-synthesis\id16_id23_0005.mp4,fake,id16,CELEB_SYNTHESIS,train
E:\celeb deepfake\Celeb-synthesis\id9_id16_0001.mp4,fake,id9,CELEB_SYNTHESIS,val
E:\celeb deepfake\Celeb-synthesis\id25_id26_0004.mp4,fake,id25,CELEB_SYNTHESIS,val
E:\celeb deepfake\Celeb-synthesis\id30_id33_0001.mp4,fake,id30,CELEB_SYNTHESIS,val
E:\celeb deepfake\Celeb-synthesis\id16_id30_0002.mp4,fake,id16,CELEB_SYNTHESIS,train
E:\celeb deepfake\Celeb-synthesis\id51_id49_0007.mp4,fake,id51,CELEB_SYNTHESIS,test
E:\celeb deepfake\Celeb-synthesis\id28_id22_0007.mp4,fake,id28,CELEB_SYNTHESIS,train
E:\celeb deepfake\Celeb-synthesis\id17_id6_0005.mp4,fake,id17,CELEB_SYNTHESIS,train
E:\celeb deepfake\Celeb-synthesis\id3_id6_0005.mp4,fake,id3,CELEB_SYNTHESIS,train
E:\celeb deepfake\Celeb-synthesis\id0_id3_0001.mp4,fake,id0,CELEB_SYNTHESIS,train
E:\celeb deepfake\Celeb-synthesis\id2_id20_0008.mp4,fake,id2,CELEB_SYNTHESIS,train
E:\celeb deepfake\Celeb-synthesis\id16_id6_0003.mp4,fake,id16,CELEB_SYNTHESIS,train
E:\celeb deepfake\Celeb-synthesis\id3_id23_0008.mp4,fake,id3,CELEB_SYNTHESIS,train
E:\celeb deepfake\Celeb-synthesis\id31_id20_0006.mp4,fake,id31,CELEB_SYNTHESIS,val
E:\celeb deepfake\Celeb-synthesis\id58_id49_0003.mp4,fake,id58,CELEB_SYNTHESIS,test
E:\celeb deepfake\Celeb-synthesis\id56_id55_0002.mp4,fake,id56,CELEB_SYNTHESIS,train
E:\celeb deepfake\Celeb-synthesis\id26_id20_0003.mp4,fake,id26,CELEB_SYNTHESIS,train
E:\celeb deepfake\Celeb-synthesis\id38_id37_0008.mp4,fake,id38,CELEB_SYNTHESIS,train
E:\celeb deepfake\Celeb-synthesis\id26_id27_0003.mp4,fake,id26,CELEB_SYNTHESIS,train
E:\celeb deepfake\Celeb-synthesis\id16_id3_0005.mp4,fake,id16,CELEB_SYNTHESIS,train
E:\celeb deepfake\Celeb-synthesis\id16_id35_0003.mp4,fake,id16,CELEB_SYNTHESIS,train
E:\celeb deepfake\Celeb-synthesis\id21_id17_0005.mp4,fake,id21,CELEB_SYNTHESIS,train
E:\celeb deepfake\Celeb-synthesis\id28_id38_0006.mp4,fake,id28,CELEB_SYNTHESIS,train
E:\celeb deepfake\Celeb-synthesis\id26_id20_0005.mp4,fake,id26,CELEB_SYNTHESIS,train
E:\celeb deepfake\Celeb-synthesis\id26_id0_0005.mp4,fake,id26,CELEB_SYNTHESIS,train
E:\celeb deepfake\Celeb-synthesis\id52_id55_0006.mp4,fake,id52,CELEB_SYNTHESIS,train
E:\DFD\DFD_manipulated_sequences\DFD_manipulated_sequences\14_03__talking_against_wall__38OVCK3X.mp4,fake,14,DFD_FAKE,test
E:\DFD\DFD_manipulated_sequences\DFD_manipulated_sequences\13_26__kitchen_still__XRS5W2NC.mp4,fake,13,DFD_FAKE,train
E:\DFD\DFD_manipulated_sequences\DFD_manipulated_sequences\01_09__secret_conversation__SJZRV69J.mp4,fake,01,DFD_FAKE,train
E:\DFD\DFD_manipulated_sequences\DFD_manipulated_sequences\13_25__walking_and_outside_surprised__PBM86HKZ.mp4,fake,13,DFD_FAKE,train
E:\DFD\DFD_manipulated_sequences\DFD_manipulated_sequences\21_09__walk_down_hall_angry__WBPEX4CU.mp4,fake,21,DFD_FAKE,val
E:\DFD\DFD_manipulated_sequences\DFD_manipulated_sequences\07_13__secret_conversation__RVQCPCJF.mp4,fake,07,DFD_FAKE,train
E:\DFD\DFD_manipulated_sequences\DFD_manipulated_sequences\26_20__talking_angry_couch__2VS0S1P5.mp4,fake,26,DFD_FAKE,train
E:\DFD\DFD_manipulated_sequences\DFD_manipulated_sequences\06_12__outside_talking_pan_laughing__0VR4Y891.mp4,fake,06,DFD_FAKE,train
E:\DFD\DFD_manipulated_sequences\DFD_manipulated_sequences\21_04__outside_talking_pan_laughing__HY1VWEJK.mp4,fake,21,DFD_FAKE,val
E:\DFD\DFD_manipulated_sequences\DFD_manipulated_sequences\02_06__walking_down_indoor_hall_disgust__SU4OQCS9.mp4,fake,02,DFD_FAKE,train
E:\DFD\DFD_manipulated_sequences\DFD_manipulated_sequences\20_13__kitchen_still__EV1V4ZQV.mp4,fake,20,DFD_FAKE,val
E:\DFD\DFD_manipulated_sequences\DFD_manipulated_sequences\11_01__talking_against_wall__WIZ7GKOD.mp4,fake,11,DFD_FAKE,train
E:\DFD\DFD_manipulated_sequences\DFD_manipulated_sequences\18_25__outside_talking_pan_laughing__AUC0HY5T.mp4,fake,18,DFD_FAKE,train
E:\DFD\DFD_manipulated_sequences\DFD_manipulated_sequences\01_20__walking_and_outside_surprised__6UBMLXK3.mp4,fake,01,DFD_FAKE,train
E:\DFD\DFD_manipulated_sequences\DFD_manipulated_sequences\21_01__outside_talking_pan_laughing__03X7CELV.mp4,fake,21,DFD_FAKE,val
E:\DFD\DFD_manipulated_sequences\DFD_manipulated_sequences\01_11__kitchen_pan__WIZ7GKOD.mp4,fake,01,DFD_FAKE,train
E:\DFD\DFD_manipulated_sequences\DFD_manipulated_sequences\03_11__outside_talking_pan_laughing__P08VGHTA.mp4,fake,03,DFD_FAKE,val
E:\DFD\DFD_manipulated_sequences\DFD_manipulated_sequences\09_20__talking_angry_couch__0IRM5ADD.mp4,fake,09,DFD_FAKE,train
E:\DFD\DFD_manipulated_sequences\DFD_manipulated_sequences\15_12__walking_down_indoor_hall_disgust__N0SRODQD.mp4,fake,15,DFD_FAKE,val
E:\DFD\DFD_manipulated_sequences\DFD_manipulated_sequences\15_02__exit_phone_room__HTG660F8.mp4,fake,15,DFD_FAKE,val
E:\DFD\DFD_manipulated_sequences\DFD_manipulated_sequences\03_21__secret_conversation__YCSEBZO4.mp4,fake,03,DFD_FAKE,val
E:\DFD\DFD_manipulated_sequences\DFD_manipulated_sequences\07_03__podium_speech_happy__CDSNLDQ8.mp4,fake,07,DFD_FAKE,train
E:\DFD\DFD_manipulated_sequences\DFD_manipulated_sequences\18_11__walking_down_street_outside_angry__PT4YKO2R.mp4,fake,18,DFD_FAKE,train
E:\DFD\DFD_manipulated_sequences\DFD_manipulated_sequences\06_12__walking_and_outside_surprised__3K21NFNM.mp4,fake,06,DFD_FAKE,train
E:\DFD\DFD_manipulated_sequences\DFD_manipulated_sequences\11_06__outside_talking_still_laughing__C8C4FW99.mp4,fake,11,DFD_FAKE,train
E:\DFD\DFD_manipulated_sequences\DFD_manipulated_sequences\01_27__outside_talking_pan_laughing__S2YCUY48.mp4,fake,01,DFD_FAKE,train
E:\DFD\DFD_manipulated_sequences\DFD_manipulated_sequences\24_19__outside_talking_pan_laughing__59PN7WZ2.mp4,fake,24,DFD_FAKE,train
E:\DFD\DFD_manipulated_sequences\DFD_manipulated_sequences\12_07__outside_talking_still_laughing__0VN0A2T3.mp4,fake,12,DFD_FAKE,train
E:\DFD\DFD_manipulated_sequences\DFD_manipulated_sequences\20_01__hugging_happy__6UBMLXK3.mp4,fake,20,DFD_FAKE,val
E:\DFD\DFD_manipulated_sequences\DFD_manipulated_sequences\26_06__kitchen_still__L5BVR5L9.mp4,fake,26,DFD_FAKE,train
E:\DFD\DFD_manipulated_sequences\DFD_manipulated_sequences\27_03__hugging_happy__72BPN7A1.mp4,fake,27,DFD_FAKE,val
E:\DFD\DFD_manipulated_sequences\DFD_manipulated_sequences\01_04__walking_outside_cafe_disgusted__0XUW13RW.mp4,fake,01,DFD_FAKE,train
E:\DFD\DFD_manipulated_sequences\DFD_manipulated_sequences\11_26__walk_down_hall_angry__7C0VKV43.mp4,fake,11,DFD_FAKE,train
E:\DFD\DFD_manipulated_sequences\DFD_manipulated_sequences\23_22__kitchen_still__X2ZN5Q31.mp4,fake,23,DFD_FAKE,train
E:\DFD\DFD_manipulated_sequences\DFD_manipulated_sequences\23_10__walk_down_hall_angry__GYY4VANY.mp4,fake,23,DFD_FAKE,train
E:\DFD\DFD_manipulated_sequences\DFD_manipulated_sequences\12_18__walking_and_outside_surprised__IKH1LBBY.mp4,fake,12,DFD_FAKE,train
E:\DFD\DFD_manipulated_sequences\DFD_manipulated_sequences\01_26__exit_phone_room__BTVMWLG6.mp4,fake,01,DFD_FAKE,train
E:\DFD\DFD_manipulated_sequences\DFD_manipulated_sequences\04_15__outside_talking_pan_laughing__46TJ9IOJ.mp4,fake,04,DFD_FAKE,train
E:\DFD\DFD_manipulated_sequences\DFD_manipulated_sequences\11_06__walking_outside_cafe_disgusted__MX659QU8.mp4,fake,11,DFD_FAKE,train
E:\DFD\DFD_manipulated_sequences\DFD_manipulated_sequences\13_20__walk_down_hall_angry__HQHYKNGK.mp4,fake,13,DFD_FAKE,train
E:\DFD\DFD_manipulated_sequences\DFD_manipulated_sequences\15_21__talking_against_wall__87WSBJP3.mp4,fake,15,DFD_FAKE,val
E:\DFD\DFD_manipulated_sequences\DFD_manipulated_sequences\02_27__kitchen_pan__UGO2181S.mp4,fake,02,DFD_FAKE,train
E:\DFD\DFD_manipulated_sequences\DFD_manipulated_sequences\02_06__kitchen_pan__0M6JNS5D.mp4,fake,02,DFD_FAKE,train
E:\DFD\DFD_manipulated_sequences\DFD_manipulated_sequences\26_04__outside_talking_pan_laughing__MS2MLJP1.mp4,fake,26,DFD_FAKE,train
E:\DFD\DFD_manipulated_sequences\DFD_manipulated_sequences\14_15__talking_against_wall__3FRJCJ0V.mp4,fake,14,DFD_FAKE,test
E:\DFD\DFD_manipulated_sequences\DFD_manipulated_sequences\03_15__meeting_serious__Q14RO7M7.mp4,fake,03,DFD_FAKE,val
E:\DFD\DFD_manipulated_sequences\DFD_manipulated_sequences\15_14__exit_phone_room__OMLZILK3.mp4,fake,15,DFD_FAKE,val
E:\DFD\DFD_manipulated_sequences\DFD_manipulated_sequences\11_13__podium_speech_happy__XXKQ4XM0.mp4,fake,11,DFD_FAKE,train
E:\DFD\DFD_manipulated_sequences\DFD_manipulated_sequences\13_26__walking_down_street_outside_angry__CJALTDKT.mp4,fake,13,DFD_FAKE,train
E:\DFD\DFD_manipulated_sequences\DFD_manipulated_sequences\26_20__outside_talking_pan_laughing__KGFLR0PH.mp4,fake,26,DFD_FAKE,train
E:\DFD\DFD_manipulated_sequences\DFD_manipulated_sequences\03_06__kitchen_still__1IXGY2FK.mp4,fake,03,DFD_FAKE,val
E:\DFD\DFD_manipulated_sequences\DFD_manipulated_sequences\27_18__walking_outside_cafe_disgusted__NYHE8D0J.mp4,fake,27,DFD_FAKE,val
E:\DFD\DFD_manipulated_sequences\DFD_manipulated_sequences\06_14__walking_down_indoor_hall_disgust__8U9ULZDT.mp4,fake,06,DFD_FAKE,train
E:\DFD\DFD_manipulated_sequences\DFD_manipulated_sequences\13_09__podium_speech_happy__TG55WJXX.mp4,fake,13,DFD_FAKE,train
E:\DFD\DFD_manipulated_sequences\DFD_manipulated_sequences\26_12__talking_against_wall__HEKDCIHW.mp4,fake,26,DFD_FAKE,train
E:\DFD\DFD_manipulated_sequences\DFD_manipulated_sequences\09_02__walk_down_hall_angry__6KUOFMZW.mp4,fake,09,DFD_FAKE,train
E:\DFD\DFD_manipulated_sequences\DFD_manipulated_sequences\04_18__secret_conversation__6J3ZFEJQ.mp4,fake,04,DFD_FAKE,train
E:\DFD\DFD_manipulated_sequences\DFD_manipulated_sequences\18_25__podium_speech_happy__SEGFKFJG.mp4,fake,18,DFD_FAKE,train
E:\DFD\DFD_manipulated_sequences\DFD_manipulated_sequences\03_13__outside_talking_still_laughing__GBYWJW06.mp4,fake,03,DFD_FAKE,val
E:\DFD\DFD_manipulated_sequences\DFD_manipulated_sequences\01_11__talking_against_wall__4OJNJLOO.mp4,fake,01,DFD_FAKE,train
E:\DFD\DFD_manipulated_sequences\DFD_manipulated_sequences\23_24__podium_speech_happy__YR5OVD4S.mp4,fake,23,DFD_FAKE,train
E:\DFD\DFD_manipulated_sequences\DFD_manipulated_sequences\04_15__kitchen_still__46TJ9IOJ.mp4,fake,04,DFD_FAKE,train
E:\DFD\DFD_manipulated_sequences\DFD_manipulated_sequences\03_07__hugging_happy__IFSURI9X.mp4,fake,03,DFD_FAKE,val
E:\DFD\DFD_manipulated_sequences\DFD_manipulated_sequences\14_03__outside_talking_still_laughing__KJ221YN0.mp4,fake,14,DFD_FAKE,test
E:\DFD\DFD_manipulated_sequences\DFD_manipulated_sequences\27_06__kitchen_pan__VN14WY2N.mp4,fake,27,DFD_FAKE,val
E:\DFD\DFD_manipulated_sequences\DFD_manipulated_sequences\09_03__kitchen_pan__8DTEGQ54.mp4,fake,09,DFD_FAKE,train
E:\DFD\DFD_manipulated_sequences\DFD_manipulated_sequences\24_19__walking_outside_cafe_disgusted__NPZW2Z9L.mp4,fake,24,DFD_FAKE,train
E:\DFD\DFD_manipulated_sequences\DFD_manipulated_sequences\22_10__walking_down_street_outside_angry__1TXK09OY.mp4,fake,22,DFD_FAKE,train
E:\DFD\DFD_manipulated_sequences\DFD_manipulated_sequences\11_01__walking_down_street_outside_angry__9OM3VE0Y.mp4,fake,11,DFD_FAKE,train
E:\DFD\DFD_manipulated_sequences\DFD_manipulated_sequences\13_11__outside_talking_still_laughing__61T622EK.mp4,fake,13,DFD_FAKE,train
E:\DFD\DFD_manipulated_sequences\DFD_manipulated_sequences\05_16__kitchen_still__O56DDU3S.mp4,fake,05,DFD_FAKE,train
E:\DFD\DFD_manipulated_sequences\DFD_manipulated_sequences\02_06__walking_and_outside_surprised__O9WOC1KJ.mp4,fake,02,DFD_FAKE,train
E:\DFD\DFD_manipulated_sequences\DFD_manipulated_sequences\21_11__walking_down_indoor_hall_disgust__T7DK03O1.mp4,fake,21,DFD_FAKE,val
E:\DFD\DFD_manipulated_sequences\DFD_manipulated_sequences\24_22__walking_down_street_outside_angry__XL557XC6.mp4,fake,24,DFD_FAKE,train
E:\DFD\DFD_manipulated_sequences\DFD_manipulated_sequences\21_09__walking_down_indoor_hall_disgust__JEELOMN2.mp4,fake,21,DFD_FAKE,val
E:\DFD\DFD_manipulated_sequences\DFD_manipulated_sequences\05_28__walking_down_street_outside_angry__U9LRLJ6N.mp4,fake,05,DFD_FAKE,train
E:\DFD\DFD_manipulated_sequences\DFD_manipulated_sequences\12_04__walking_down_street_outside_angry__B6YJ9IW1.mp4,fake,12,DFD_FAKE,train
E:\DFD\DFD_manipulated_sequences\DFD_manipulated_sequences\26_07__walking_down_street_outside_angry__FGNGC2GT.mp4,fake,26,DFD_FAKE,train
E:\DFD\DFD_manipulated_sequences\DFD_manipulated_sequences\20_25__hugging_happy__CYKLS79C.mp4,fake,20,DFD_FAKE,val
E:\DFD\DFD_manipulated_sequences\DFD_manipulated_sequences\09_13__walking_down_street_outside_angry__NDMHWBT1.mp4,fake,09,DFD_FAKE,train
E:\DFD\DFD_manipulated_sequences\DFD_manipulated_sequences\09_21__walking_down_street_outside_angry__Z8H2TRCI.mp4,fake,09,DFD_FAKE,train
E:\DFD\DFD_manipulated_sequences\DFD_manipulated_sequences\03_01__meeting_serious__ISF9SP4G.mp4,fake,03,DFD_FAKE,val
E:\DFD\DFD_manipulated_sequences\DFD_manipulated_sequences\14_06__secret_conversation__8U9ULZDT.mp4,fake,14,DFD_FAKE,test
E:\DFD\DFD_manipulated_sequences\DFD_manipulated_sequences\03_21__walking_down_street_outside_angry__YCSEBZO4.mp4,fake,03,DFD_FAKE,val
E:\DFD\DFD_manipulated_sequences\DFD_manipulated_sequences\27_01__hugging_happy__ZYCZ30C0.mp4,fake,27,DFD_FAKE,val
E:\DFD\DFD_manipulated_sequences\DFD_manipulated_sequences\20_13__talking_against_wall__43KAHOT2.mp4,fake,20,DFD_FAKE,val
E:\DFD\DFD_manipulated_sequences\DFD_manipulated_sequences\18_09__walking_outside_cafe_disgusted__3VP8836C.mp4,fake,18,DFD_FAKE,train
E:\DFD\DFD_manipulated_sequences\DFD_manipulated_sequences\13_20__walking_down_indoor_hall_disgust__NJEO6L5O.mp4,fake,13,DFD_FAKE,train
E:\DFD\DFD_manipulated_sequences\DFD_manipulated_sequences\02_09__hugging_happy__HIH8YA82.mp4,fake,02,DFD_FAKE,train
E:\DFD\DFD_manipulated_sequences\DFD_manipulated_sequences\13_11__kitchen_still__61T622EK.mp4,fake,13,DFD_FAKE,train
E:\DFD\DFD_manipulated_sequences\DFD_manipulated_sequences\09_01__outside_talking_still_laughing__SJZRV69J.mp4,fake,09,DFD_FAKE,train
E:\DFD\DFD_manipulated_sequences\DFD_manipulated_sequences\13_25__outside_talking_still_laughing__IW9OFVMG.mp4,fake,13,DFD_FAKE,train
E:\DFD\DFD_manipulated_sequences\DFD_manipulated_sequences\21_01__talking_angry_couch__03X7CELV.mp4,fake,21,DFD_FAKE,val
E:\DFD\DFD_manipulated_sequences\DFD_manipulated_sequences\21_14__hugging_happy__N0WM4GSV.mp4,fake,21,DFD_FAKE,val
E:\DFD\DFD_manipulated_sequences\DFD_manipulated_sequences\01_11__talking_against_wall__UQ0BOBNO.mp4,fake,01,DFD_FAKE,train
E:\DFD\DFD_manipulated_sequences\DFD_manipulated_sequences\05_16__podium_speech_happy__SYY41YGX.mp4,fake,05,DFD_FAKE,train
E:\DFD\DFD_manipulated_sequences\DFD_manipulated_sequences\07_04__kitchen_pan__XRK7FGZX.mp4,fake,07,DFD_FAKE,train
E:\DFD\DFD_manipulated_sequences\DFD_manipulated_sequences\20_25__walking_down_street_outside_angry__ZG0SRZOA.mp4,fake,20,DFD_FAKE,val
E:\DFD\DFD_manipulated_sequences\DFD_manipulated_sequences\17_08__kitchen_still__ZCEYWYTC.mp4,fake,17,DFD_FAKE,train
E:\DFD\DFD_manipulated_sequences\DFD_manipulated_sequences\19_23__kitchen_pan__WHQ1229T.mp4,fake,19,DFD_FAKE,train
E:\DFD\DFD_manipulated_sequences\DFD_manipulated_sequences\20_14__secret_conversation__B014BKVO.mp4,fake,20,DFD_FAKE,val
E:\DFD\DFD_manipulated_sequences\DFD_manipulated_sequences\15_04__talking_angry_couch__46TJ9IOJ.mp4,fake,15,DFD_FAKE,val
E:\DFD\DFD_manipulated_sequences\DFD_manipulated_sequences\26_04__walk_down_hall_angry__WX836VLY.mp4,fake,26,DFD_FAKE,train
E:\DFD\DFD_manipulated_sequences\DFD_manipulated_sequences\20_12__kitchen_still__VD7BCF1U.mp4,fake,20,DFD_FAKE,val
E:\DFD\DFD_manipulated_sequences\DFD_manipulated_sequences\02_09__walk_down_hall_angry__6KUOFMZW.mp4,fake,02,DFD_FAKE,train
E:\DFD\DFD_manipulated_sequences\DFD_manipulated_sequences\25_02__exit_phone_room__Z7FQ69VP.mp4,fake,25,DFD_FAKE,train
E:\DFD\DFD_manipulated_sequences\DFD_manipulated_sequences\27_02__kitchen_pan__78M8S6M6.mp4,fake,27,DFD_FAKE,val
E:\DFD\DFD_manipulated_sequences\DFD_manipulated_sequences\18_03__kitchen_still__22UBC0BS.mp4,fake,18,DFD_FAKE,train
E:\DFD\DFD_manipulated_sequences\DFD_manipulated_sequences\14_20__exit_phone_room__B014BKVO.mp4,fake,14,DFD_FAKE,test
E:\DFD\DFD_manipulated_sequences\DFD_manipulated_sequences\21_15__walking_down_indoor_hall_disgust__87WSBJP3.mp4,fake,21,DFD_FAKE,val
E:\DFD\DFD_manipulated_sequences\DFD_manipulated_sequences\15_02__hugging_happy__HTG660F8.mp4,fake,15,DFD_FAKE,val
E:\DFD\DFD_manipulated_sequences\DFD_manipulated_sequences\25_26__walk_down_hall_angry__XKQAYTLI.mp4,fake,25,DFD_FAKE,train
E:\DFD\DFD_manipulated_sequences\DFD_manipulated_sequences\11_06__secret_conversation__C8C4FW99.mp4,fake,11,DFD_FAKE,train
E:\DFD\DFD_manipulated_sequences\DFD_manipulated_sequences\12_03__walk_down_hall_angry__D7G6YJON.mp4,fake,12,DFD_FAKE,train
E:\DFD\DFD_manipulated_sequences\DFD_manipulated_sequences\03_14__meeting_serious__KJ221YN0.mp4,fake,03,DFD_FAKE,val
E:\DFD\DFD_manipulated_sequences\DFD_manipulated_sequences\06_12__hugging_happy__F3I4PDYF.mp4,fake,06,DFD_FAKE,train
E:\DFD\DFD_manipulated_sequences\DFD_manipulated_sequences\12_11__podium_speech_happy__8NS148U7.mp4,fake,12,DFD_FAKE,train
E:\DFD\DFD_manipulated_sequences\DFD_manipulated_sequences\14_18__talking_against_wall__0YRBHIKG.mp4,fake,14,DFD_FAKE,test
E:\DFD\DFD_manipulated_sequences\DFD_manipulated_sequences\13_26__talking_against_wall__WK3NZ3UV.mp4,fake,13,DFD_FAKE,train
E:\DFD\DFD_manipulated_sequences\DFD_manipulated_sequences\14_02__exit_phone_room__3IUBEKCT.mp4,fake,14,DFD_FAKE,test
E:\DFD\DFD_manipulated_sequences\DFD_manipulated_sequences\27_07__kitchen_pan__B5S6XY2L.mp4,fake,27,DFD_FAKE,val
E:\DFD\DFD_manipulated_sequences\DFD_manipulated_sequences\06_07__walking_outside_cafe_disgusted__NMGYPBXE.mp4,fake,06,DFD_FAKE,train
E:\DFD\DFD_manipulated_sequences\DFD_manipulated_sequences\18_11__walking_outside_cafe_disgusted__TRJUIS24.mp4,fake,18,DFD_FAKE,train
E:\DFD\DFD_manipulated_sequences\DFD_manipulated_sequences\12_06__talking_against_wall__0VR4Y891.mp4,fake,12,DFD_FAKE,train
E:\DFD\DFD_manipulated_sequences\DFD_manipulated_sequences\12_26__podium_speech_happy__BFBNM8FR.mp4,fake,12,DFD_FAKE,train
E:\DFD\DFD_manipulated_sequences\DFD_manipulated_sequences\09_21__talking_angry_couch__Z8H2TRCI.mp4,fake,09,DFD_FAKE,train
E:\DFD\DFD_manipulated_sequences\DFD_manipulated_sequences\04_13__talking_against_wall__00T3UYOR.mp4,fake,04,DFD_FAKE,train
E:\DFD\DFD_manipulated_sequences\DFD_manipulated_sequences\28_05__exit_phone_room__U9LRLJ6N.mp4,fake,28,DFD_FAKE,train
E:\DFD\DFD_manipulated_sequences\DFD_manipulated_sequences\03_18__walking_and_outside_surprised__22UBC0BS.mp4,fake,03,DFD_FAKE,val
E:\DFD\DFD_manipulated_sequences\DFD_manipulated_sequences\27_06__talking_against_wall__S3T7SK9O.mp4,fake,27,DFD_FAKE,val
E:\DFD\DFD_manipulated_sequences\DFD_manipulated_sequences\24_22__outside_talking_pan_laughing__XL557XC6.mp4,fake,24,DFD_FAKE,train
E:\DFD\DFD_manipulated_sequences\DFD_manipulated_sequences\15_20__hugging_happy__99NHTFBM.mp4,fake,15,DFD_FAKE,val
E:\DFD\DFD_manipulated_sequences\DFD_manipulated_sequences\28_16__kitchen_still__U757192N.mp4,fake,28,DFD_FAKE,train
E:\DFD\DFD_manipulated_sequences\DFD_manipulated_sequences\03_18__walking_outside_cafe_disgusted__UEC1BI8E.mp4,fake,03,DFD_FAKE,val
E:\DFD\DFD_manipulated_sequences\DFD_manipulated_sequences\02_09__kitchen_pan__9TDCEK1Q.mp4,fake,02,DFD_FAKE,train
E:\DFD\DFD_manipulated_sequences\DFD_manipulated_sequences\04_15__talking_angry_couch__46TJ9IOJ.mp4,fake,04,DFD_FAKE,train
E:\DFD\DFD_manipulated_sequences\DFD_manipulated_sequences\18_14__kitchen_still__0YRBHIKG.mp4,fake,18,DFD_FAKE,train
E:\DFD\DFD_manipulated_sequences\DFD_manipulated_sequences\02_07__walk_down_hall_angry__U7DEOZNV.mp4,fake,02,DFD_FAKE,train
E:\DFD\DFD_manipulated_sequences\DFD_manipulated_sequences\26_12__podium_speech_happy__BFBNM8FR.mp4,fake,26,DFD_FAKE,train
E:\DFD\DFD_manipulated_sequences\DFD_manipulated_sequences\15_02__walking_down_street_outside_angry__I8G2LWD1.mp4,fake,15,DFD_FAKE,val
E:\DFD\DFD_manipulated_sequences\DFD_manipulated_sequences\07_02__hugging_happy__O4SXNLRL.mp4,fake,07,DFD_FAKE,train
E:\DFD\DFD_manipulated_sequences\DFD_manipulated_sequences\15_21__hugging_happy__87WSBJP3.mp4,fake,15,DFD_FAKE,val
E:\DFD\DFD_manipulated_sequences\DFD_manipulated_sequences\02_13__walking_down_street_outside_angry__2YSYT2N3.mp4,fake,02,DFD_FAKE,train
E:\DFD\DFD_manipulated_sequences\DFD_manipulated_sequences\11_01__outside_talking_pan_laughing__9OM3VE0Y.mp4,fake,11,DFD_FAKE,train
E:\DFD\DFD_manipulated_sequences\DFD_manipulated_sequences\06_02__talking_against_wall__SU4OQCS9.mp4,fake,06,DFD_FAKE,train
E:\DFD\DFD_manipulated_sequences\DFD_manipulated_sequences\01_11__hugging_happy__5OVT6C66.mp4,fake,01,DFD_FAKE,train
E:\DFD\DFD_manipulated_sequences\DFD_manipulated_sequences\21_07__talking_against_wall__MKU99DVX.mp4,fake,21,DFD_FAKE,val
E:\DFD\DFD_manipulated_sequences\DFD_manipulated_sequences\07_02__talking_angry_couch__1VMZUH1W.mp4,fake,07,DFD_FAKE,train
E:\DFD\DFD_manipulated_sequences\DFD_manipulated_sequences\10_19__outside_talking_still_laughing__O2IKR6YM.mp4,fake,10,DFD_FAKE,train
E:\DFD\DFD_manipulated_sequences\DFD_manipulated_sequences\12_25__walking_and_outside_surprised__FQE07ND1.mp4,fake,12,DFD_FAKE,train
E:\DFD\DFD_manipulated_sequences\DFD_manipulated_sequences\03_27__walk_down_hall_angry__KWGI1LSZ.mp4,fake,03,DFD_FAKE,val
E:\DFD\DFD_manipulated_sequences\DFD_manipulated_sequences\22_10__walking_down_street_outside_angry__8YQ2EUQP.mp4,fake,22,DFD_FAKE,train
E:\DFD\DFD_manipulated_sequences\DFD_manipulated_sequences\20_15__secret_conversation__99NHTFBM.mp4,fake,20,DFD_FAKE,val
E:\DFD\DFD_manipulated_sequences\DFD_manipulated_sequences\21_09__talking_angry_couch__CGIID3GV.mp4,fake,21,DFD_FAKE,val
E:\DFD\DFD_manipulated_sequences\DFD_manipulated_sequences\25_07__outside_talking_pan_laughing__LZYKF7LK.mp4,fake,25,DFD_FAKE,train
E:\DFD\DFD_manipulated_sequences\DFD_manipulated_sequences\18_15__kitchen_still__V5VHLCOW.mp4,fake,18,DFD_FAKE,train
E:\DFD\DFD_manipulated_sequences\DFD_manipulated_sequences\01_11__meeting_serious__18HYCC8C.mp4,fake,01,DFD_FAKE,train
E:\DFD\DFD_manipulated_sequences\DFD_manipulated_sequences\15_02__exit_phone_room__XNJIS4S3.mp4,fake,15,DFD_FAKE,val
E:\DFD\DFD_manipulated_sequences\DFD_manipulated_sequences\14_27__exit_phone_room__0KSONKQ2.mp4,fake,14,DFD_FAKE,test
E:\DFD\DFD_manipulated_sequences\DFD_manipulated_sequences\21_25__walk_down_hall_angry__NFBISHIN.mp4,fake,21,DFD_FAKE,val
E:\DFD\DFD_manipulated_sequences\DFD_manipulated_sequences\21_09__kitchen_still__JEELOMN2.mp4,fake,21,DFD_FAKE,val
E:\DFD\DFD_manipulated_sequences\DFD_manipulated_sequences\05_16__walking_outside_cafe_disgusted__94435UY3.mp4,fake,05,DFD_FAKE,train
E:\DFD\DFD_manipulated_sequences\DFD_manipulated_sequences\15_20__walking_down_indoor_hall_disgust__99NHTFBM.mp4,fake,15,DFD_FAKE,val
E:\DFD\DFD_manipulated_sequences\DFD_manipulated_sequences\06_04__walking_down_indoor_hall_disgust__ZK95PQDE.mp4,fake,06,DFD_FAKE,train
E:\DFD\DFD_manipulated_sequences\DFD_manipulated_sequences\02_25__secret_conversation__Z7FQ69VP.mp4,fake,02,DFD_FAKE,train
E:\DFD\DFD_manipulated_sequences\DFD_manipulated_sequences\02_06__secret_conversation__O9WOC1KJ.mp4,fake,02,DFD_FAKE,train
E:\DFD\DFD_manipulated_sequences\DFD_manipulated_sequences\10_23__talking_against_wall__W02WYPCX.mp4,fake,10,DFD_FAKE,train
E:\DFD\DFD_manipulated_sequences\DFD_manipulated_sequences\21_25__hugging_happy__2R46UX3R.mp4,fake,21,DFD_FAKE,val
E:\DFD\DFD_manipulated_sequences\DFD_manipulated_sequences\11_13__talking_against_wall__61T622EK.mp4,fake,11,DFD_FAKE,train
E:\DFD\DFD_manipulated_sequences\DFD_manipulated_sequences\03_18__kitchen_still__22UBC0BS.mp4,fake,03,DFD_FAKE,val
E:\DFD\DFD_manipulated_sequences\DFD_manipulated_sequences\25_09__outside_talking_still_laughing__ODAQ7BZL.mp4,fake,25,DFD_FAKE,train
E:\DFD\DFD_manipulated_sequences\DFD_manipulated_sequences\07_21__exit_phone_room__K7KXUHMU.mp4,fake,07,DFD_FAKE,train
E:\DFD\DFD_manipulated_sequences\DFD_manipulated_sequences\03_15__kitchen_pan__AIOM1U5V.mp4,fake,03,DFD_FAKE,val
E:\DFD\DFD_manipulated_sequences\DFD_manipulated_sequences\26_12__talking_angry_couch__OVOQACG8.mp4,fake,26,DFD_FAKE,train
E:\DFD\DFD_manipulated_sequences\DFD_manipulated_sequences\20_06__podium_speech_happy__6SUW7063.mp4,fake,20,DFD_FAKE,val
E:\DFD\DFD_manipulated_sequences\DFD_manipulated_sequences\14_18__walking_and_outside_surprised__0YRBHIKG.mp4,fake,14,DFD_FAKE,test
E:\DFD\DFD_manipulated_sequences\DFD_manipulated_sequences\21_09__walking_down_street_outside_angry__JEELOMN2.mp4,fake,21,DFD_FAKE,val
E:\DFD\DFD_manipulated_sequences\DFD_manipulated_sequences\06_25__outside_talking_still_laughing__3QQBVBYN.mp4,fake,06,DFD_FAKE,train
E:\DFD\DFD_manipulated_sequences\DFD_manipulated_sequences\09_20__walk_down_hall_angry__RAGUKRMK.mp4,fake,09,DFD_FAKE,train
E:\DFD\DFD_manipulated_sequences\DFD_manipulated_sequences\01_20__meeting_serious__6UBMLXK3.mp4,fake,01,DFD_FAKE,train
E:\DFD\DFD_manipulated_sequences\DFD_manipulated_sequences\10_23__walk_down_hall_angry__GYY4VANY.mp4,fake,10,DFD_FAKE,train
E:\DFD\DFD_manipulated_sequences\DFD_manipulated_sequences\06_03__hugging_happy__4I8LRXWF.mp4,fake,06,DFD_FAKE,train
E:\DFD\DFD_manipulated_sequences\DFD_manipulated_sequences\20_07__outside_talking_still_laughing__5VT4USF9.mp4,fake,20,DFD_FAKE,val
E:\DFD\DFD_manipulated_sequences\DFD_manipulated_sequences\21_14__walking_outside_cafe_disgusted__N0WM4GSV.mp4,fake,21,DFD_FAKE,val
E:\DFD\DFD_manipulated_sequences\DFD_manipulated_sequences\07_12__podium_speech_happy__X9X7FAZG.mp4,fake,07,DFD_FAKE,train
E:\DFD\DFD_manipulated_sequences\DFD_manipulated_sequences\01_20__kitchen_still__D8GWGO2A.mp4,fake,01,DFD_FAKE,train
E:\DFD\DFD_manipulated_sequences\DFD_manipulated_sequences\07_03__outside_talking_still_laughing__IFSURI9X.mp4,fake,07,DFD_FAKE,train
E:\DFD\DFD_manipulated_sequences\DFD_manipulated_sequences\21_07__exit_phone_room__K7KXUHMU.mp4,fake,21,DFD_FAKE,val
E:\DFD\DFD_manipulated_sequences\DFD_manipulated_sequences\13_18__exit_phone_room__3II4T6H5.mp4,fake,13,DFD_FAKE,train
E:\DFD\DFD_manipulated_sequences\DFD_manipulated_sequences\26_06__kitchen_pan__L5BVR5L9.mp4,fake,26,DFD_FAKE,train
E:\DFD\DFD_manipulated_sequences\DFD_manipulated_sequences\21_11__talking_against_wall__T7DK03O1.mp4,fake,21,DFD_FAKE,val
E:\DFD\DFD_manipulated_sequences\DFD_manipulated_sequences\27_18__talking_angry_couch__GRZ07XTD.mp4,fake,27,DFD_FAKE,val
E:\DFD\DFD_manipulated_sequences\DFD_manipulated_sequences\03_13__exit_phone_room__GBYWJW06.mp4,fake,03,DFD_FAKE,val
E:\DFD\DFD_manipulated_sequences\DFD_manipulated_sequences\24_19__outside_talking_still_laughing__RKQTC50P.mp4,fake,24,DFD_FAKE,train
E:\DFD\DFD_manipulated_sequences\DFD_manipulated_sequences\21_02__kitchen_pan__Z0XHPQAR.mp4,fake,21,DFD_FAKE,val
E:\DFD\DFD_manipulated_sequences\DFD_manipulated_sequences\26_25__outside_talking_pan_laughing__157Z8P8P.mp4,fake,26,DFD_FAKE,train
E:\DFD\DFD_manipulated_sequences\DFD_manipulated_sequences\02_14__walking_outside_cafe_disgusted__3IUBEKCT.mp4,fake,02,DFD_FAKE,train
E:\DFD\DFD_manipulated_sequences\DFD_manipulated_sequences\26_12__exit_phone_room__HEKDCIHW.mp4,fake,26,DFD_FAKE,train
E:\DFD\DFD_manipulated_sequences\DFD_manipulated_sequences\07_26__walk_down_hall_angry__FGNGC2GT.mp4,fake,07,DFD_FAKE,train
E:\DFD\DFD_manipulated_sequences\DFD_manipulated_sequences\09_02__walking_down_street_outside_angry__6KUOFMZW.mp4,fake,09,DFD_FAKE,train
E:\DFD\DFD_manipulated_sequences\DFD_manipulated_sequences\03_11__outside_talking_still_laughing__P08VGHTA.mp4,fake,03,DFD_FAKE,val
E:\DFD\DFD_manipulated_sequences\DFD_manipulated_sequences\23_22__kitchen_still__J8JK3NBV.mp4,fake,23,DFD_FAKE,train
E:\DFD\DFD_manipulated_sequences\DFD_manipulated_sequences\02_09__exit_phone_room__HIH8YA82.mp4,fake,02,DFD_FAKE,train
E:\DFD\DFD_manipulated_sequences\DFD_manipulated_sequences\02_27__walk_down_hall_angry__78M8S6M6.mp4,fake,02,DFD_FAKE,train
E:\DFD\DFD_manipulated_sequences\DFD_manipulated_sequences\02_07__hugging_happy__O4SXNLRL.mp4,fake,02,DFD_FAKE,train
E:\DFD\DFD_manipulated_sequences\DFD_manipulated_sequences\05_17__walking_outside_cafe_disgusted__C4VHXZFY.mp4,fake,05,DFD_FAKE,train
E:\DFD\DFD_manipulated_sequences\DFD_manipulated_sequences\06_02__walking_down_indoor_hall_disgust__U6MDWIHG.mp4,fake,06,DFD_FAKE,train
E:\DFD\DFD_manipulated_sequences\DFD_manipulated_sequences\26_25__walk_down_hall_angry__XKQAYTLI.mp4,fake,26,DFD_FAKE,train
E:\DFD\DFD_manipulated_sequences\DFD_manipulated_sequences\05_08__kitchen_still__LVIZ2X8P.mp4,fake,05,DFD_FAKE,train
E:\DFD\DFD_manipulated_sequences\DFD_manipulated_sequences\14_02__podium_speech_happy__3IUBEKCT.mp4,fake,14,DFD_FAKE,test
E:\DFD\DFD_manipulated_sequences\DFD_manipulated_sequences\03_18__walking_down_street_outside_angry__22UBC0BS.mp4,fake,03,DFD_FAKE,val
E:\DFD\DFD_manipulated_sequences\DFD_manipulated_sequences\02_06__walking_down_indoor_hall_disgust__GH8TGTBS.mp4,fake,02,DFD_FAKE,train
E:\DFD\DFD_manipulated_sequences\DFD_manipulated_sequences\25_21__walk_down_hall_angry__NFBISHIN.mp4,fake,25,DFD_FAKE,train
E:\DFD\DFD_manipulated_sequences\DFD_manipulated_sequences\15_14__walking_down_street_outside_angry__OMLZILK3.mp4,fake,15,DFD_FAKE,val
E:\DFD\DFD_manipulated_sequences\DFD_manipulated_sequences\02_13__walking_and_outside_surprised__CP5HFV3K.mp4,fake,02,DFD_FAKE,train
E:\DFD\DFD_manipulated_sequences\DFD_manipulated_sequences\18_03__kitchen_pan__22UBC0BS.mp4,fake,18,DFD_FAKE,train
E:\DFD\DFD_manipulated_sequences\DFD_manipulated_sequences\21_20__hugging_happy__ZCB5OMEW.mp4,fake,21,DFD_FAKE,val
E:\DFD\DFD_manipulated_sequences\DFD_manipulated_sequences\01_15__walk_down_hall_angry__02HILKYO.mp4,fake,01,DFD_FAKE,train
E:\DFD\DFD_manipulated_sequences\DFD_manipulated_sequences\09_25__talking_angry_couch__5041ODBN.mp4,fake,09,DFD_FAKE,train
E:\DFD\DFD_manipulated_sequences\DFD_manipulated_sequences\14_20__walk_down_hall_angry__R7SPX6OK.mp4,fake,14,DFD_FAKE,test
E:\DFD\DFD_manipulated_sequences\DFD_manipulated_sequences\11_04__outside_talking_pan_laughing__JRQWOV1G.mp4,fake,11,DFD_FAKE,train
E:\DFD\DFD_manipulated_sequences\DFD_manipulated_sequences\22_10__walk_down_hall_angry__G48B2EQ2.mp4,fake,22,DFD_FAKE,train
E:\DFD\DFD_manipulated_sequences\DFD_manipulated_sequences\21_11__talking_angry_couch__T7DK03O1.mp4,fake,21,DFD_FAKE,val
E:\DFD\DFD_manipulated_sequences\DFD_manipulated_sequences\26_11__outside_talking_pan_laughing__ALJ0OHNM.mp4,fake,26,DFD_FAKE,train
E:\DFD\DFD_manipulated_sequences\DFD_manipulated_sequences\14_26__walking_outside_cafe_disgusted__ILLP29ZH.mp4,fake,14,DFD_FAKE,test
E:\DFD\DFD_manipulated_sequences\DFD_manipulated_sequences\02_06__walking_outside_cafe_disgusted__37DH75GQ.mp4,fake,02,DFD_FAKE,train
E:\DFD\DFD_manipulated_sequences\DFD_manipulated_sequences\06_26__talking_angry_couch__L5BVR5L9.mp4,fake,06,DFD_FAKE,train
E:\DFD\DFD_manipulated_sequences\DFD_manipulated_sequences\21_11__kitchen_still__T7DK03O1.mp4,fake,21,DFD_FAKE,val
E:\DFD\DFD_manipulated_sequences\DFD_manipulated_sequences\26_03__podium_speech_happy__WBSXBL82.mp4,fake,26,DFD_FAKE,train
E:\DFD\DFD_manipulated_sequences\DFD_manipulated_sequences\09_03__outside_talking_still_laughing__8DTEGQ54.mp4,fake,09,DFD_FAKE,train
E:\DFD\DFD_manipulated_sequences\DFD_manipulated_sequences\03_11__exit_phone_room__P08VGHTA.mp4,fake,03,DFD_FAKE,val
E:\DFD\DFD_manipulated_sequences\DFD_manipulated_sequences\12_25__walking_outside_cafe_disgusted__0SA36BZ5.mp4,fake,12,DFD_FAKE,train
E:\DFD\DFD_manipulated_sequences\DFD_manipulated_sequences\13_09__walking_down_street_outside_angry__8YDMHH02.mp4,fake,13,DFD_FAKE,train
E:\DFD\DFD_manipulated_sequences\DFD_manipulated_sequences\25_07__walking_down_street_outside_angry__IKMKYKPG.mp4,fake,25,DFD_FAKE,train
E:\DFD\DFD_manipulated_sequences\DFD_manipulated_sequences\01_20__kitchen_pan__6UBMLXK3.mp4,fake,01,DFD_FAKE,train
E:\DFD\DFD_manipulated_sequences\DFD_manipulated_sequences\03_07__walking_outside_cafe_disgusted__WPT3Z2KN.mp4,fake,03,DFD_FAKE,val
E:\DFD\DFD_manipulated_sequences\DFD_manipulated_sequences\20_14__walk_down_hall_angry__B014BKVO.mp4,fake,20,DFD_FAKE,val
E:\DFD\DFD_manipulated_sequences\DFD_manipulated_sequences\06_07__outside_talking_pan_laughing__NMGYPBXE.mp4,fake,06,DFD_FAKE,train
E:\DFD\DFD_manipulated_sequences\DFD_manipulated_sequences\28_05__walking_down_street_outside_angry__W3J028UG.mp4,fake,28,DFD_FAKE,train
E:\DFD\DFD_manipulated_sequences\DFD_manipulated_sequences\12_15__talking_angry_couch__N0SRODQD.mp4,fake,12,DFD_FAKE,train
E:\DFD\DFD_manipulated_sequences\DFD_manipulated_sequences\06_11__outside_talking_still_laughing__C8C4FW99.mp4,fake,06,DFD_FAKE,train
E:\DFD\DFD_manipulated_sequences\DFD_manipulated_sequences\24_19__exit_phone_room__0ZFOV5ZE.mp4,fake,24,DFD_FAKE,train
E:\DFD\DFD_manipulated_sequences\DFD_manipulated_sequences\18_02__walk_down_hall_angry__B95S4G6F.mp4,fake,18,DFD_FAKE,train
E:\DFD\DFD_manipulated_sequences\DFD_manipulated_sequences\11_21__secret_conversation__1EAA3MPV.mp4,fake,11,DFD_FAKE,train
E:\DFD\DFD_manipulated_sequences\DFD_manipulated_sequences\02_07__talking_against_wall__1ZE4HC06.mp4,fake,02,DFD_FAKE,train
E:\DFD\DFD_manipulated_sequences\DFD_manipulated_sequences\03_14__secret_conversation__KJ221YN0.mp4,fake,03,DFD_FAKE,val
E:\DFD\DFD_manipulated_sequences\DFD_manipulated_sequences\02_15__talking_against_wall__HTG660F8.mp4,fake,02,DFD_FAKE,train
E:\DFD\DFD_manipulated_sequences\DFD_manipulated_sequences\20_11__kitchen_still__GNK9UR8K.mp4,fake,20,DFD_FAKE,val
E:\DFD\DFD_manipulated_sequences\DFD_manipulated_sequences\03_14__podium_speech_happy__7JPPCV50.mp4,fake,03,DFD_FAKE,val
E:\DFD\DFD_manipulated_sequences\DFD_manipulated_sequences\14_18__kitchen_pan__A5A1Q467.mp4,fake,14,DFD_FAKE,test
E:\DFD\DFD_manipulated_sequences\DFD_manipulated_sequences\09_13__exit_phone_room__YP7MGDQ6.mp4,fake,09,DFD_FAKE,train
E:\DFD\DFD_manipulated_sequences\DFD_manipulated_sequences\08_05__exit_phone_room__BGI70HJ5.mp4,fake,08,DFD_FAKE,train
E:\DFD\DFD_manipulated_sequences\DFD_manipulated_sequences\07_06__exit_phone_room__NMGYPBXE.mp4,fake,07,DFD_FAKE,train
E:\DFD\DFD_manipulated_sequences\DFD_manipulated_sequences\03_15__walk_down_hall_angry__T5SHH2UL.mp4,fake,03,DFD_FAKE,val
E:\DFD\DFD_manipulated_sequences\DFD_manipulated_sequences\15_04__talking_against_wall__7NW4Z6WZ.mp4,fake,15,DFD_FAKE,val
E:\DFD\DFD_manipulated_sequences\DFD_manipulated_sequences\12_25__walking_outside_cafe_disgusted__G26LG5N7.mp4,fake,12,DFD_FAKE,train
E:\DFD\DFD_manipulated_sequences\DFD_manipulated_sequences\17_08__podium_speech_happy__JZYRLJ8T.mp4,fake,17,DFD_FAKE,train
E:\DFD\DFD_manipulated_sequences\DFD_manipulated_sequences\06_18__kitchen_pan__LH0KWJKM.mp4,fake,06,DFD_FAKE,train
E:\DFD\DFD_manipulated_sequences\DFD_manipulated_sequences\27_25__outside_talking_pan_laughing__1KU29EUL.mp4,fake,27,DFD_FAKE,val
E:\DFD\DFD_manipulated_sequences\DFD_manipulated_sequences\10_19__kitchen_still__IDX76N5R.mp4,fake,10,DFD_FAKE,train
E:\DFD\DFD_manipulated_sequences\DFD_manipulated_sequences\20_26__podium_speech_happy__1UEDQ3GY.mp4,fake,20,DFD_FAKE,val
E:\DFD\DFD_manipulated_sequences\DFD_manipulated_sequences\25_27__walk_down_hall_angry__1KU29EUL.mp4,fake,25,DFD_FAKE,train
E:\DFD\DFD_manipulated_sequences\DFD_manipulated_sequences\23_19__kitchen_still__WHQ1229T.mp4,fake,23,DFD_FAKE,train
E:\DFD\DFD_manipulated_sequences\DFD_manipulated_sequences\13_02__walking_down_street_outside_angry__0RKOCC6A.mp4,fake,13,DFD_FAKE,train
E:\DFD\DFD_manipulated_sequences\DFD_manipulated_sequences\21_07__outside_talking_still_laughing__K7KXUHMU.mp4,fake,21,DFD_FAKE,val
E:\DFD\DFD_manipulated_sequences\DFD_manipulated_sequences\02_01__talking_against_wall__YVGY8LOK.mp4,fake,02,DFD_FAKE,train
E:\DFD\DFD_manipulated_sequences\DFD_manipulated_sequences\06_02__kitchen_pan__O9WOC1KJ.mp4,fake,06,DFD_FAKE,train
E:\DFD\DFD_manipulated_sequences\DFD_manipulated_sequences\18_26__outside_talking_still_laughing__AI94QW74.mp4,fake,18,DFD_FAKE,train
E:\DFD\DFD_manipulated_sequences\DFD_manipulated_sequences\03_15__kitchen_still__AIOM1U5V.mp4,fake,03,DFD_FAKE,val
E:\DFD\DFD_manipulated_sequences\DFD_manipulated_sequences\07_25__walking_down_street_outside_angry__IKMKYKPG.mp4,fake,07,DFD_FAKE,train
E:\DFD\DFD_manipulated_sequences\DFD_manipulated_sequences\01_03__podium_speech_happy__480LQD1C.mp4,fake,01,DFD_FAKE,train
E:\DFD\DFD_manipulated_sequences\DFD_manipulated_sequences\26_27__podium_speech_happy__IE9N0ZI9.mp4,fake,26,DFD_FAKE,train
E:\DFD\DFD_manipulated_sequences\DFD_manipulated_sequences\15_03__kitchen_still__OY4I7ZU8.mp4,fake,15,DFD_FAKE,val
E:\DFD\DFD_manipulated_sequences\DFD_manipulated_sequences\07_03__outside_talking_still_laughing__7NGMD8FT.mp4,fake,07,DFD_FAKE,train
E:\DFD\DFD_manipulated_sequences\DFD_manipulated_sequences\09_02__walking_down_street_outside_angry__HIH8YA82.mp4,fake,09,DFD_FAKE,train
E:\DFD\DFD_manipulated_sequences\DFD_manipulated_sequences\01_02__talking_against_wall__YVGY8LOK.mp4,fake,01,DFD_FAKE,train
E:\DFD\DFD_manipulated_sequences\DFD_manipulated_sequences\01_20__kitchen_still__FW94AIMJ.mp4,fake,01,DFD_FAKE,train
E:\DFD\DFD_manipulated_sequences\DFD_manipulated_sequences\26_25__secret_conversation__0UFFR3U1.mp4,fake,26,DFD_FAKE,train
E:\DFD\DFD_manipulated_sequences\DFD_manipulated_sequences\19_23__walking_outside_cafe_disgusted__D1K19NUP.mp4,fake,19,DFD_FAKE,train
E:\DFD\DFD_manipulated_sequences\DFD_manipulated_sequences\03_15__meeting_serious__DNUJD8M2.mp4,fake,03,DFD_FAKE,val
E:\DFD\DFD_manipulated_sequences\DFD_manipulated_sequences\25_26__secret_conversation__GJT740J9.mp4,fake,25,DFD_FAKE,train
E:\DFD\DFD_manipulated_sequences\DFD_manipulated_sequences\13_09__outside_talking_pan_laughing__6K90KFOQ.mp4,fake,13,DFD_FAKE,train
E:\DFD\DFD_manipulated_sequences\DFD_manipulated_sequences\03_14__walk_down_hall_angry__P1L5PF4I.mp4,fake,03,DFD_FAKE,val
E:\DFD\DFD_manipulated_sequences\DFD_manipulated_sequences\10_24__exit_phone_room__356HPS7R.mp4,fake,10,DFD_FAKE,train
E:\DFD\DFD_manipulated_sequences\DFD_manipulated_sequences\02_18__outside_talking_still_laughing__OXMEEFUQ.mp4,fake,02,DFD_FAKE,train
E:\DFD\DFD_manipulated_sequences\DFD_manipulated_sequences\27_18__walk_down_hall_angry__BSOLX3SI.mp4,fake,27,DFD_FAKE,val
E:\DFD\DFD_manipulated_sequences\DFD_manipulated_sequences\26_18__exit_phone_room__AI94QW74.mp4,fake,26,DFD_FAKE,train
E:\DFD\DFD_manipulated_sequences\DFD_manipulated_sequences\10_22__outside_talking_pan_laughing__1TXK09OY.mp4,fake,10,DFD_FAKE,train
E:\DFD\DFD_manipulated_sequences\DFD_manipulated_sequences\18_11__talking_against_wall__PT4YKO2R.mp4,fake,18,DFD_FAKE,train
E:\DFD\DFD_manipulated_sequences\DFD_manipulated_sequences\21_11__walking_outside_cafe_disgusted__DU9VH27B.mp4,fake,21,DFD_FAKE,val
E:\DFD\DFD_manipulated_sequences\DFD_manipulated_sequences\14_18__kitchen_pan__HYMNQ00Q.mp4,fake,14,DFD_FAKE,test
E:\DFD\DFD_manipulated_sequences\DFD_manipulated_sequences\04_02__walk_down_hall_angry__SUIZOXAJ.mp4,fake,04,DFD_FAKE,train
E:\DFD\DFD_manipulated_sequences\DFD_manipulated_sequences\15_02__walking_and_outside_surprised__N864L40U.mp4,fake,15,DFD_FAKE,val
E:\DFD\DFD_manipulated_sequences\DFD_manipulated_sequences\02_15__hugging_happy__HTG660F8.mp4,fake,02,DFD_FAKE,train
E:\DFD\DFD_manipulated_sequences\DFD_manipulated_sequences\15_02__walking_and_outside_surprised__I8G2LWD1.mp4,fake,15,DFD_FAKE,val
E:\DFD\DFD_manipulated_sequences\DFD_manipulated_sequences\18_03__walking_outside_cafe_disgusted__UEC1BI8E.mp4,fake,18,DFD_FAKE,train
E:\DFD\DFD_manipulated_sequences\DFD_manipulated_sequences\01_12__outside_talking_pan_laughing__TNI7KUZ6.mp4,fake,01,DFD_FAKE,train
E:\DFD\DFD_manipulated_sequences\DFD_manipulated_sequences\21_04__talking_angry_couch__HY1VWEJK.mp4,fake,21,DFD_FAKE,val
E:\DFD\DFD_manipulated_sequences\DFD_manipulated_sequences\25_06__outside_talking_still_laughing__MI9BDQ7M.mp4,fake,25,DFD_FAKE,train
E:\DFD\DFD_manipulated_sequences\DFD_manipulated_sequences\20_14__talking_angry_couch__R7SPX6OK.mp4,fake,20,DFD_FAKE,val
E:\manipulated_videos_part_01\manipulated_videos\end_to_end_level_3\003_M101.mp4,fake,003,DF_MANIPULATED_01,train
E:\manipulated_videos_part_01\manipulated_videos\end_to_end_level_2\057_W012.mp4,fake,057,DF_MANIPULATED_01,train
E:\manipulated_videos_part_01\manipulated_videos\end_to_end_level_2\254_W042.mp4,fake,254,DF_MANIPULATED_01,train
E:\manipulated_videos_part_01\manipulated_videos\end_to_end_level_2\091_W017.mp4,fake,091,DF_MANIPULATED_01,test
E:\manipulated_videos_part_01\manipulated_videos\end_to_end_level_2\693_W016.mp4,fake,693,DF_MANIPULATED_01,test
E:\manipulated_videos_part_01\manipulated_videos\end_to_end_level_2\450_W024.mp4,fake,450,DF_MANIPULATED_01,train
E:\manipulated_videos_part_01\manipulated_videos\end_to_end_level_2\301_M105.mp4,fake,301,DF_MANIPULATED_01,train
E:\manipulated_videos_part_01\manipulated_videos\end_to_end_level_3\555_W040.mp4,fake,555,DF_MANIPULATED_01,val
E:\manipulated_videos_part_01\manipulated_videos\end_to_end_level_2\323_W007.mp4,fake,323,DF_MANIPULATED_01,train
E:\manipulated_videos_part_01\manipulated_videos\end_to_end_level_3\428_W022.mp4,fake,428,DF_MANIPULATED_01,train
E:\manipulated_videos_part_01\manipulated_videos\end_to_end_level_2\940_W100.mp4,fake,940,DF_MANIPULATED_01,val
E:\manipulated_videos_part_01\manipulated_videos\end_to_end_level_2\921_M135.mp4,fake,921,DF_MANIPULATED_01,train
E:\manipulated_videos_part_01\manipulated_videos\end_to_end_level_2\718_W019.mp4,fake,718,DF_MANIPULATED_01,train
E:\manipulated_videos_part_01\manipulated_videos\end_to_end_level_2\642_W008.mp4,fake,642,DF_MANIPULATED_01,train
E:\manipulated_videos_part_01\manipulated_videos\end_to_end_level_2\089_W016.mp4,fake,089,DF_MANIPULATED_01,val
E:\manipulated_videos_part_01\manipulated_videos\end_to_end_level_2\734_M009.mp4,fake,734,DF_MANIPULATED_01,train
E:\manipulated_videos_part_01\manipulated_videos\end_to_end_level_2\081_M120.mp4,fake,081,DF_MANIPULATED_01,test
E:\manipulated_videos_part_01\manipulated_videos\end_to_end_level_3\270_M015.mp4,fake,270,DF_MANIPULATED_01,val
E:\manipulated_videos_part_01\manipulated_videos\end_to_end_level_2\113_W019.mp4,fake,113,DF_MANIPULATED_01,test
E:\manipulated_videos_part_01\manipulated_videos\end_to_end_level_2\748_W023.mp4,fake,748,DF_MANIPULATED_01,train
E:\manipulated_videos_part_01\manipulated_videos\end_to_end_level_2\287_W125.mp4,fake,287,DF_MANIPULATED_01,train
E:\manipulated_videos_part_01\manipulated_videos\end_to_end_level_3\925_M136.mp4,fake,925,DF_MANIPULATED_01,val
E:\manipulated_videos_part_01\manipulated_videos\end_to_end_level_3\856_M023.mp4,fake,856,DF_MANIPULATED_01,train
E:\manipulated_videos_part_01\manipulated_videos\end_to_end_level_3\007_W101.mp4,fake,007,DF_MANIPULATED_01,train
E:\manipulated_videos_part_01\manipulated_videos\end_to_end_level_2\407_M029.mp4,fake,407,DF_MANIPULATED_01,train
E:\manipulated_videos_part_01\manipulated_videos\end_to_end_level_2\480_W133.mp4,fake,480,DF_MANIPULATED_01,test
E:\manipulated_videos_part_01\manipulated_videos\end_to_end_level_3\510_M104.mp4,fake,510,DF_MANIPULATED_01,train
E:\manipulated_videos_part_01\manipulated_videos\end_to_end_level_3\844_M134.mp4,fake,844,DF_MANIPULATED_01,train
E:\manipulated_videos_part_01\manipulated_videos\end_to_end_level_2\944_W100.mp4,fake,944,DF_MANIPULATED_01,train
E:\manipulated_videos_part_01\manipulated_videos\end_to_end_level_3\560_M114.mp4,fake,560,DF_MANIPULATED_01,train
E:\manipulated_videos_part_01\manipulated_videos\end_to_end_level_2\984_W131.mp4,fake,984,DF_MANIPULATED_01,train
E:\manipulated_videos_part_01\manipulated_videos\end_to_end_level_2\117_W132.mp4,fake,117,DF_MANIPULATED_01,val
E:\manipulated_videos_part_01\manipulated_videos\end_to_end_level_2\931_W125.mp4,fake,931,DF_MANIPULATED_01,train
E:\manipulated_videos_part_01\manipulated_videos\end_to_end_level_2\312_W101.mp4,fake,312,DF_MANIPULATED_01,train
E:\manipulated_videos_part_01\manipulated_videos\end_to_end_level_2\714_W019.mp4,fake,714,DF_MANIPULATED_01,train
E:\manipulated_videos_part_01\manipulated_videos\end_to_end_level_3\882_W041.mp4,fake,882,DF_MANIPULATED_01,test
E:\manipulated_videos_part_01\manipulated_videos\end_to_end_level_2\474_W028.mp4,fake,474,DF_MANIPULATED_01,train
E:\manipulated_videos_part_01\manipulated_videos\end_to_end_level_2\687_W015.mp4,fake,687,DF_MANIPULATED_01,val
E:\manipulated_videos_part_01\manipulated_videos\end_to_end_level_2\238_W039.mp4,fake,238,DF_MANIPULATED_01,train
E:\manipulated_videos_part_01\manipulated_videos\end_to_end_level_2\818_M018.mp4,fake,818,DF_MANIPULATED_01,train
E:\manipulated_videos_part_01\manipulated_videos\end_to_end_level_2\577_W110.mp4,fake,577,DF_MANIPULATED_01,train
E:\manipulated_videos_part_01\manipulated_videos\end_to_end_level_3\627_M121.mp4,fake,627,DF_MANIPULATED_01,train
E:\manipulated_videos_part_01\manipulated_videos\end_to_end_level_2\855_M023.mp4,fake,855,DF_MANIPULATED_01,train
E:\manipulated_videos_part_01\manipulated_videos\end_to_end_level_3\765_W027.mp4,fake,765,DF_MANIPULATED_01,train
E:\manipulated_videos_part_01\manipulated_videos\end_to_end_level_2\020_M109.mp4,fake,020,DF_MANIPULATED_01,train
E:\manipulated_videos_part_01\manipulated_videos\end_to_end_level_2\899_M028.mp4,fake,899,DF_MANIPULATED_01,train
E:\manipulated_videos_part_01\manipulated_videos\end_to_end_level_2\846_M021.mp4,fake,846,DF_MANIPULATED_01,train
E:\manipulated_videos_part_01\manipulated_videos\end_to_end_level_2\537_W136.mp4,fake,537,DF_MANIPULATED_01,val
E:\manipulated_videos_part_01\manipulated_videos\end_to_end_level_2\253_M014.mp4,fake,253,DF_MANIPULATED_01,train
E:\manipulated_videos_part_01\manipulated_videos\end_to_end_level_2\440_M137.mp4,fake,440,DF_MANIPULATED_01,val
E:\manipulated_videos_part_01\manipulated_videos\end_to_end_level_3\218_M011.mp4,fake,218,DF_MANIPULATED_01,train
E:\manipulated_videos_part_01\manipulated_videos\end_to_end_level_2\285_W116.mp4,fake,285,DF_MANIPULATED_01,train
E:\manipulated_videos_part_01\manipulated_videos\end_to_end_level_2\561_W041.mp4,fake,561,DF_MANIPULATED_01,train
E:\manipulated_videos_part_01\manipulated_videos\end_to_end_level_2\840_M134.mp4,fake,840,DF_MANIPULATED_01,val
E:\manipulated_videos_part_01\manipulated_videos\end_to_end_level_2\736_W022.mp4,fake,736,DF_MANIPULATED_01,train
E:\manipulated_videos_part_01\manipulated_videos\end_to_end_level_2\729_M008.mp4,fake,729,DF_MANIPULATED_01,train
E:\manipulated_videos_part_01\manipulated_videos\end_to_end_level_2\135_W023.mp4,fake,135,DF_MANIPULATED_01,train
E:\manipulated_videos_part_01\manipulated_videos\end_to_end_level_3\122_W021.mp4,fake,122,DF_MANIPULATED_01,test
E:\manipulated_videos_part_01\manipulated_videos\end_to_end_level_2\563_W041.mp4,fake,563,DF_MANIPULATED_01,train
E:\manipulated_videos_part_01\manipulated_videos\end_to_end_level_3\668_W005.mp4,fake,668,DF_MANIPULATED_01,val
E:\manipulated_videos_part_01\manipulated_videos\end_to_end_level_2\773_W028.mp4,fake,773,DF_MANIPULATED_01,train
E:\manipulated_videos_part_01\manipulated_videos\end_to_end_level_3\888_M027.mp4,fake,888,DF_MANIPULATED_01,val
E:\manipulated_videos_part_01\manipulated_videos\end_to_end_level_2\030_W008.mp4,fake,030,DF_MANIPULATED_01,train
E:\manipulated_videos_part_01\manipulated_videos\end_to_end_level_2\485_W031.mp4,fake,485,DF_MANIPULATED_01,train
E:\manipulated_videos_part_01\manipulated_videos\end_to_end_level_2\139_W024.mp4,fake,139,DF_MANIPULATED_01,train
E:\manipulated_videos_part_01\manipulated_videos\end_to_end_level_2\522_M101.mp4,fake,522,DF_MANIPULATED_01,train
E:\manipulated_videos_part_01\manipulated_videos\end_to_end_level_2\990_W012.mp4,fake,990,DF_MANIPULATED_01,test
E:\manipulated_videos_part_01\manipulated_videos\end_to_end_level_2\494_M039.mp4,fake,494,DF_MANIPULATED_01,train
E:\manipulated_videos_part_01\manipulated_videos\end_to_end_level_2\148_M004.mp4,fake,148,DF_MANIPULATED_01,train
E:\manipulated_videos_part_01\manipulated_videos\end_to_end_level_2\938_M034.mp4,fake,938,DF_MANIPULATED_01,val
E:\manipulated_videos_part_01\manipulated_videos\end_to_end_level_3\185_M008.mp4,fake,185,DF_MANIPULATED_01,val
E:\manipulated_videos_part_01\manipulated_videos\end_to_end_level_2\411_W019.mp4,fake,411,DF_MANIPULATED_01,train
E:\manipulated_videos_part_01\manipulated_videos\end_to_end_level_2\265_W111.mp4,fake,265,DF_MANIPULATED_01,test
E:\manipulated_videos_part_01\manipulated_videos\end_to_end_level_2\936_W125.mp4,fake,936,DF_MANIPULATED_01,train
E:\manipulated_videos_part_01\manipulated_videos\end_to_end_level_2\582_M117.mp4,fake,582,DF_MANIPULATED_01,train
E:\manipulated_videos_part_01\manipulated_videos\end_to_end_level_2\426_W021.mp4,fake,426,DF_MANIPULATED_01,train
E:\manipulated_videos_part_01\manipulated_videos\end_to_end_level_2\930_W116.mp4,fake,930,DF_MANIPULATED_01,train
E:\manipulated_videos_part_01\manipulated_videos\end_to_end_level_2\827_W035.mp4,fake,827,DF_MANIPULATED_01,train
E:\manipulated_videos_part_01\manipulated_videos\end_to_end_level_2\300_M018.mp4,fake,300,DF_MANIPULATED_01,test
E:\manipulated_videos_part_01\manipulated_videos\end_to_end_level_2\756_W025.mp4,fake,756,DF_MANIPULATED_01,train
E:\manipulated_videos_part_01\manipulated_videos\end_to_end_level_2\170_W029.mp4,fake,170,DF_MANIPULATED_01,train
E:\manipulated_videos_part_01\manipulated_videos\end_to_end_level_2\380_M027.mp4,fake,380,DF_MANIPULATED_01,train
E:\manipulated_videos_part_01\manipulated_videos\end_to_end_level_2\464_M139.mp4,fake,464,DF_MANIPULATED_01,train
E:\manipulated_videos_part_01\manipulated_videos\end_to_end_level_2\757_M012.mp4,fake,757,DF_MANIPULATED_01,train
E:\manipulated_videos_part_01\manipulated_videos\end_to_end_level_3\953_M137.mp4,fake,953,DF_MANIPULATED_01,train
E:\manipulated_videos_part_01\manipulated_videos\end_to_end_level_2\172_M133.mp4,fake,172,DF_MANIPULATED_01,test
E:\manipulated_videos_part_01\manipulated_videos\end_to_end_level_2\564_M114.mp4,fake,564,DF_MANIPULATED_01,train
E:\manipulated_videos_part_01\manipulated_videos\end_to_end_level_3\536_W037.mp4,fake,536,DF_MANIPULATED_01,test
E:\manipulated_videos_part_01\manipulated_videos\end_to_end_level_3\116_W132.mp4,fake,116,DF_MANIPULATED_01,train
E:\manipulated_videos_part_01\manipulated_videos\end_to_end_level_3\630_W006.mp4,fake,630,DF_MANIPULATED_01,test
E:\manipulated_videos_part_01\manipulated_videos\end_to_end_level_3\836_W037.mp4,fake,836,DF_MANIPULATED_01,train
E:\manipulated_videos_part_01\manipulated_videos\end_to_end_level_3\553_W040.mp4,fake,553,DF_MANIPULATED_01,val
E:\manipulated_videos_part_01\manipulated_videos\end_to_end_level_2\190_W032.mp4,fake,190,DF_MANIPULATED_01,val
E:\manipulated_videos_part_01\manipulated_videos\end_to_end_level_3\423_W021.mp4,fake,423,DF_MANIPULATED_01,train
E:\manipulated_videos_part_01\manipulated_videos\end_to_end_level_2\830_W036.mp4,fake,830,DF_MANIPULATED_01,val
E:\manipulated_videos_part_01\manipulated_videos\end_to_end_level_3\424_M031.mp4,fake,424,DF_MANIPULATED_01,train
E:\manipulated_videos_part_01\manipulated_videos\end_to_end_level_2\466_W027.mp4,fake,466,DF_MANIPULATED_01,val
E:\manipulated_videos_part_01\manipulated_videos\end_to_end_level_3\673_W013.mp4,fake,673,DF_MANIPULATED_01,train
E:\manipulated_videos_part_01\manipulated_videos\end_to_end_level_3\168_W029.mp4,fake,168,DF_MANIPULATED_01,train
E:\manipulated_videos_part_01\manipulated_videos\end_to_end_level_2\554_M113.mp4,fake,554,DF_MANIPULATED_01,train
E:\manipulated_videos_part_01\manipulated_videos\end_to_end_level_3\214_W035.mp4,fake,214,DF_MANIPULATED_01,train
E:\manipulated_videos_part_01\manipulated_videos\end_to_end_level_3\437_W023.mp4,fake,437,DF_MANIPULATED_01,test
E:\manipulated_videos_part_01\manipulated_videos\end_to_end_level_3\244_W040.mp4,fake,244,DF_MANIPULATED_01,train
E:\manipulated_videos_part_01\manipulated_videos\end_to_end_level_2\690_M004.mp4,fake,690,DF_MANIPULATED_01,train
E:\manipulated_videos_part_01\manipulated_videos\end_to_end_level_2\395_M028.mp4,fake,395,DF_MANIPULATED_01,train
E:\manipulated_videos_part_01\manipulated_videos\end_to_end_level_3\132_W023.mp4,fake,132,DF_MANIPULATED_01,test
E:\manipulated_videos_part_01\manipulated_videos\end_to_end_level_2\367_W005.mp4,fake,367,DF_MANIPULATED_01,train
E:\manipulated_videos_part_01\manipulated_videos\end_to_end_level_2\823_M018.mp4,fake,823,DF_MANIPULATED_01,val
E:\manipulated_videos_part_01\manipulated_videos\end_to_end_level_2\274_W112.mp4,fake,274,DF_MANIPULATED_01,train
E:\manipulated_videos_part_01\manipulated_videos\end_to_end_level_3\816_W135.mp4,fake,816,DF_MANIPULATED_01,train
E:\manipulated_videos_part_01\manipulated_videos\end_to_end_level_2\011_M131.mp4,fake,011,DF_MANIPULATED_01,train
E:\manipulated_videos_part_01\manipulated_videos\end_to_end_level_2\000_M101.mp4,fake,000,DF_MANIPULATED_01,test
E:\manipulated_videos_part_01\manipulated_videos\end_to_end_level_2\363_M025.mp4,fake,363,DF_MANIPULATED_01,train
E:\manipulated_videos_part_01\manipulated_videos\end_to_end_level_2\475_W028.mp4,fake,475,DF_MANIPULATED_01,train
E:\manipulated_videos_part_01\manipulated_videos\end_to_end_level_2\325_M021.mp4,fake,325,DF_MANIPULATED_01,train
E:\manipulated_videos_part_01\manipulated_videos\end_to_end_level_2\602_W125.mp4,fake,602,DF_MANIPULATED_01,train
E:\manipulated_videos_part_01\manipulated_videos\end_to_end_level_3\595_W116.mp4,fake,595,DF_MANIPULATED_01,train
E:\manipulated_videos_part_01\manipulated_videos\end_to_end_level_2\657_W131.mp4,fake,657,DF_MANIPULATED_01,train
E:\manipulated_videos_part_01\manipulated_videos\end_to_end_level_2\515_M106.mp4,fake,515,DF_MANIPULATED_01,test
E:\manipulated_videos_part_01\manipulated_videos\end_to_end_level_2\197_M009.mp4,fake,197,DF_MANIPULATED_01,train
E:\manipulated_videos_part_01\manipulated_videos\end_to_end_level_2\976_W009.mp4,fake,976,DF_MANIPULATED_01,test
E:\manipulated_videos_part_01\manipulated_videos\end_to_end_level_3\986_W131.mp4,fake,986,DF_MANIPULATED_01,train
E:\manipulated_videos_part_01\manipulated_videos\end_to_end_level_3\799_W031.mp4,fake,799,DF_MANIPULATED_01,train
E:\manipulated_videos_part_01\manipulated_videos\end_to_end_level_2\941_W100.mp4,fake,941,DF_MANIPULATED_01,train
E:\manipulated_videos_part_01\manipulated_videos\end_to_end_level_2\558_W040.mp4,fake,558,DF_MANIPULATED_01,train
E:\manipulated_videos_part_01\manipulated_videos\end_to_end_level_2\065_W005.mp4,fake,065,DF_MANIPULATED_01,train
E:\manipulated_videos_part_01\manipulated_videos\end_to_end_level_3\645_W009.mp4,fake,645,DF_MANIPULATED_01,train
E:\manipulated_videos_part_01\manipulated_videos\end_to_end_level_2\147_M132.mp4,fake,147,DF_MANIPULATED_01,train
E:\manipulated_videos_part_01\manipulated_videos\end_to_end_level_2\968_W008.mp4,fake,968,DF_MANIPULATED_01,test
E:\manipulated_videos_part_01\manipulated_videos\end_to_end_level_2\202_W134.mp4,fake,202,DF_MANIPULATED_01,train
E:\manipulated_videos_part_01\manipulated_videos\end_to_end_level_3\058_M117.mp4,fake,058,DF_MANIPULATED_01,train
E:\manipulated_videos_part_01\manipulated_videos\end_to_end_level_2\308_W101.mp4,fake,308,DF_MANIPULATED_01,train
E:\manipulated_videos_part_01\manipulated_videos\end_to_end_level_2\943_M137.mp4,fake,943,DF_MANIPULATED_01,train
E:\manipulated_videos_part_01\manipulated_videos\end_to_end_level_2\182_W133.mp4,fake,182,DF_MANIPULATED_01,train
E:\manipulated_videos_part_01\manipulated_videos\end_to_end_level_2\982_M038.mp4,fake,982,DF_MANIPULATED_01,train
E:\manipulated_videos_part_01\manipulated_videos\end_to_end_level_2\160_M005.mp4,fake,160,DF_MANIPULATED_01,train
E:\manipulated_videos_part_01\manipulated_videos\end_to_end_level_2\584_M118.mp4,fake,584,DF_MANIPULATED_01,test
E:\manipulated_videos_part_01\manipulated_videos\end_to_end_level_2\252_M014.mp4,fake,252,DF_MANIPULATED_01,train
E:\manipulated_videos_part_01\manipulated_videos\end_to_end_level_2\813_W134.mp4,fake,813,DF_MANIPULATED_01,val
E:\manipulated_videos_part_01\manipulated_videos\end_to_end_level_2\920_M135.mp4,fake,920,DF_MANIPULATED_01,test
E:\manipulated_videos_part_01\manipulated_videos\end_to_end_level_2\679_M131.mp4,fake,679,DF_MANIPULATED_01,val
E:\manipulated_videos_part_01\manipulated_videos\end_to_end_level_2\755_M011.mp4,fake,755,DF_MANIPULATED_01,train
E:\manipulated_videos_part_01\manipulated_videos\end_to_end_level_2\760_W025.mp4,fake,760,DF_MANIPULATED_01,train
E:\manipulated_videos_part_01\manipulated_videos\end_to_end_level_2\867_W040.mp4,fake,867,DF_MANIPULATED_01,train
E:\manipulated_videos_part_01\manipulated_videos\end_to_end_level_2\221_W037.mp4,fake,221,DF_MANIPULATED_01,val
E:\manipulated_videos_part_01\manipulated_videos\end_to_end_level_2\978_W010.mp4,fake,978,DF_MANIPULATED_01,train
E:\manipulated_videos_part_01\manipulated_videos\end_to_end_level_3\725_W021.mp4,fake,725,DF_MANIPULATED_01,train
E:\manipulated_videos_part_01\manipulated_videos\end_to_end_level_2\277_M016.mp4,fake,277,DF_MANIPULATED_01,test
E:\manipulated_videos_part_01\manipulated_videos\end_to_end_level_2\233_W039.mp4,fake,233,DF_MANIPULATED_01,train
E:\manipulated_videos_part_01\manipulated_videos\end_to_end_level_2\421_W132.mp4,fake,421,DF_MANIPULATED_01,train
E:\manipulated_videos_part_01\manipulated_videos\end_to_end_level_2\072_W013.mp4,fake,072,DF_MANIPULATED_01,train
E:\manipulated_videos_part_01\manipulated_videos\end_to_end_level_2\067_W005.mp4,fake,067,DF_MANIPULATED_01,test
E:\manipulated_videos_part_01\manipulated_videos\end_to_end_level_2\405_M029.mp4,fake,405,DF_MANIPULATED_01,val
E:\manipulated_videos_part_01\manipulated_videos\end_to_end_level_3\393_M028.mp4,fake,393,DF_MANIPULATED_01,val
E:\manipulated_videos_part_01\manipulated_videos\end_to_end_level_2\019_W007.mp4,fake,019,DF_MANIPULATED_01,train
E:\manipulated_videos_part_01\manipulated_videos\end_to_end_level_3\400_W018.mp4,fake,400,DF_MANIPULATED_01,train
E:\manipulated_videos_part_01\manipulated_videos\end_to_end_level_2\908_M030.mp4,fake,908,DF_MANIPULATED_01,train
E:\manipulated_videos_part_01\manipulated_videos\end_to_end_level_2\157_M004.mp4,fake,157,DF_MANIPULATED_01,train
E:\manipulated_videos_part_01\manipulated_videos\end_to_end_level_2\948_M105.mp4,fake,948,DF_MANIPULATED_01,train
E:\manipulated_videos_part_01\manipulated_videos\end_to_end_level_3\013_W006.mp4,fake,013,DF_MANIPULATED_01,train
E:\manipulated_videos_part_01\manipulated_videos\end_to_end_level_2\229_W136.mp4,fake,229,DF_MANIPULATED_01,val
E:\manipulated_videos_part_01\manipulated_videos\end_to_end_level_2\835_W036.mp4,fake,835,DF_MANIPULATED_01,train
E:\manipulated_videos_part_01\manipulated_videos\end_to_end_level_2\204_W135.mp4,fake,204,DF_MANIPULATED_01,test
E:\manipulated_videos_part_01\manipulated_videos\end_to_end_level_3\254_W042.mp4,fake,254,DF_MANIPULATED_01,train
E:\manipulated_videos_part_01\manipulated_videos\end_to_end_level_2\048_W131.mp4,fake,048,DF_MANIPULATED_01,train
E:\manipulated_videos_part_01\manipulated_videos\end_to_end_level_3\436_W022.mp4,fake,436,DF_MANIPULATED_01,train
E:\manipulated_videos_part_01\manipulated_videos\end_to_end_level_2\409_M030.mp4,fake,409,DF_MANIPULATED_01,train
E:\manipulated_videos_part_01\manipulated_videos\end_to_end_level_2\639_M122.mp4,fake,639,DF_MANIPULATED_01,train
E:\manipulated_videos_part_01\manipulated_videos\end_to_end_level_2\628_M121.mp4,fake,628,DF_MANIPULATED_01,train
E:\manipulated_videos_part_01\manipulated_videos\end_to_end_level_2\684_W014.mp4,fake,684,DF_MANIPULATED_01,val
E:\manipulated_videos_part_01\manipulated_videos\end_to_end_level_2\832_W036.mp4,fake,832,DF_MANIPULATED_01,train
E:\manipulated_videos_part_01\manipulated_videos\end_to_end_level_2\379_W014.mp4,fake,379,DF_MANIPULATED_01,test
E:\manipulated_videos_part_01\manipulated_videos\end_to_end_level_2\849_M022.mp4,fake,849,DF_MANIPULATED_01,train
E:\manipulated_videos_part_01\manipulated_videos\end_to_end_level_2\220_W036.mp4,fake,220,DF_MANIPULATED_01,train
E:\manipulated_videos_part_01\manipulated_videos\end_to_end_level_2\970_W008.mp4,fake,970,DF_MANIPULATED_01,val
E:\manipulated_videos_part_01\manipulated_videos\end_to_end_level_2\227_W136.mp4,fake,227,DF_MANIPULATED_01,train
E:\manipulated_videos_part_01\manipulated_videos\end_to_end_level_3\589_W112.mp4,fake,589,DF_MANIPULATED_01,train
E:\manipulated_videos_part_01\manipulated_videos\end_to_end_level_2\599_W125.mp4,fake,599,DF_MANIPULATED_01,train
E:\manipulated_videos_part_01\manipulated_videos\end_to_end_level_2\083_W015.mp4,fake,083,DF_MANIPULATED_01,test
E:\manipulated_videos_part_01\manipulated_videos\end_to_end_level_2\798_W031.mp4,fake,798,DF_MANIPULATED_01,train
E:\manipulated_videos_part_01\manipulated_videos\end_to_end_level_2\620_M120.mp4,fake,620,DF_MANIPULATED_01,train
E:\manipulated_videos_part_01\manipulated_videos\end_to_end_level_2\697_M005.mp4,fake,697,DF_MANIPULATED_01,test
E:\manipulated_videos_part_01\manipulated_videos\end_to_end_level_3\023_M113.mp4,fake,023,DF_MANIPULATED_01,train
E:\manipulated_videos_part_01\manipulated_videos\end_to_end_level_2\402_W018.mp4,fake,402,DF_MANIPULATED_01,train
E:\manipulated_videos_part_01\manipulated_videos\end_to_end_level_2\120_W021.mp4,fake,120,DF_MANIPULATED_01,train
E:\manipulated_videos_part_01\manipulated_videos\end_to_end_level_3\147_M132.mp4,fake,147,DF_MANIPULATED_01,train
E:\manipulated_videos_part_01\manipulated_videos\end_to_end_level_2\804_W032.mp4,fake,804,DF_MANIPULATED_01,train
E:\manipulated_videos_part_01\manipulated_videos\end_to_end_level_2\004_M101.mp4,fake,004,DF_MANIPULATED_01,train
E:\manipulated_videos_part_01\manipulated_videos\end_to_end_level_3\225_W037.mp4,fake,225,DF_MANIPULATED_01,test
E:\manipulated_videos_part_01\manipulated_videos\end_to_end_level_2\258_W110.mp4,fake,258,DF_MANIPULATED_01,train
E:\manipulated_videos_part_01\manipulated_videos\end_to_end_level_2\726_W021.mp4,fake,726,DF_MANIPULATED_01,train
E:\manipulated_videos_part_01\manipulated_videos\end_to_end_level_2\919_M031.mp4,fake,919,DF_MANIPULATED_01,test
E:\manipulated_videos_part_01\manipulated_videos\end_to_end_level_2\779_M013.mp4,fake,779,DF_MANIPULATED_01,train
E:\manipulated_videos_part_01\manipulated_videos\end_to_end_level_3\104_W018.mp4,fake,104,DF_MANIPULATED_01,train
E:\manipulated_videos_part_01\manipulated_videos\end_to_end_level_3\181_M007.mp4,fake,181,DF_MANIPULATED_01,train
E:\manipulated_videos_part_01\manipulated_videos\end_to_end_level_2\299_M105.mp4,fake,299,DF_MANIPULATED_01,train
E:\manipulated_videos_part_01\manipulated_videos\end_to_end_level_2\864_W039.mp4,fake,864,DF_MANIPULATED_01,train
E:\manipulated_videos_part_01\manipulated_videos\end_to_end_level_3\935_W125.mp4,fake,935,DF_MANIPULATED_01,val
E:\manipulated_videos_part_01\manipulated_videos\end_to_end_level_2\524_W035.mp4,fake,524,DF_MANIPULATED_01,train
E:\manipulated_videos_part_01\manipulated_videos\end_to_end_level_3\022_M109.mp4,fake,022,DF_MANIPULATED_01,val
E:\manipulated_videos_part_02\manipulated_videos\end_to_end_level_3\108_W019.mp4,fake,108,DF_MANIPULATED_02,train
E:\manipulated_videos_part_02\manipulated_videos\end_to_end_level_3\867_W040.mp4,fake,867,DF_MANIPULATED_02,train
E:\manipulated_videos_part_02\manipulated_videos\end_to_end_level_3\545_W039.mp4,fake,545,DF_MANIPULATED_02,train
E:\manipulated_videos_part_02\manipulated_videos\end_to_end_level_4\781_W029.mp4,fake,781,DF_MANIPULATED_02,train
E:\manipulated_videos_part_02\manipulated_videos\end_to_end_level_4\591_M118.mp4,fake,591,DF_MANIPULATED_02,train
E:\manipulated_videos_part_02\manipulated_videos\end_to_end_level_3\142_W025.mp4,fake,142,DF_MANIPULATED_02,train
E:\manipulated_videos_part_02\manipulated_videos\end_to_end_level_3\722_W132.mp4,fake,722,DF_MANIPULATED_02,train
E:\manipulated_videos_part_02\manipulated_videos\end_to_end_level_3\363_M025.mp4,fake,363,DF_MANIPULATED_02,train
E:\manipulated_videos_part_02\manipulated_videos\end_to_end_level_3\429_M136.mp4,fake,429,DF_MANIPULATED_02,train
E:\manipulated_videos_part_02\manipulated_videos\end_to_end_level_3\551_M109.mp4,fake,551,DF_MANIPULATED_02,train
E:\manipulated_videos_part_02\manipulated_videos\end_to_end_level_3\866_M024.mp4,fake,866,DF_MANIPULATED_02,test
E:\manipulated_videos_part_02\manipulated_videos\end_to_end_level_3\045_W010.mp4,fake,045,DF_MANIPULATED_02,train
E:\manipulated_videos_part_02\manipulated_videos\end_to_end_level_3\530_M141.mp4,fake,530,DF_MANIPULATED_02,test
E:\manipulated_videos_part_02\manipulated_videos\end_to_end_level_3\292_W125.mp4,fake,292,DF_MANIPULATED_02,train
E:\manipulated_videos_part_02\manipulated_videos\end_to_end_level_3\863_W039.mp4,fake,863,DF_MANIPULATED_02,train
E:\manipulated_videos_part_02\manipulated_videos\end_to_end_level_3\447_M034.mp4,fake,447,DF_MANIPULATED_02,train
E:\manipulated_videos_part_02\manipulated_videos\end_to_end_level_3\373_M026.mp4,fake,373,DF_MANIPULATED_02,train
E:\manipulated_videos_part_02\manipulated_videos\end_to_end_level_3\593_W112.mp4,fake,593,DF_MANIPULATED_02,train
E:\manipulated_videos_part_02\manipulated_videos\end_to_end_level_3\878_M026.mp4,fake,878,DF_MANIPULATED_02,test
E:\manipulated_videos_part_02\manipulated_videos\end_to_end_level_4\231_W136.mp4,fake,231,DF_MANIPULATED_02,train
E:\manipulated_videos_part_02\manipulated_videos\end_to_end_level_4\974_M038.mp4,fake,974,DF_MANIPULATED_02,train
E:\manipulated_videos_part_02\manipulated_videos\end_to_end_level_3\559_M113.mp4,fake,559,DF_MANIPULATED_02,test
E:\manipulated_videos_part_02\manipulated_videos\end_to_end_level_3\289_M134.mp4,fake,289,DF_MANIPULATED_02,train
E:\manipulated_videos_part_02\manipulated_videos\end_to_end_level_3\325_M021.mp4,fake,325,DF_MANIPULATED_02,train
E:\manipulated_videos_part_02\manipulated_videos\end_to_end_level_3\970_W008.mp4,fake,970,DF_MANIPULATED_02,val
E:\manipulated_videos_part_02\manipulated_videos\end_to_end_level_3\389_W016.mp4,fake,389,DF_MANIPULATED_02,val
E:\manipulated_videos_part_02\manipulated_videos\end_to_end_level_3\710_W018.mp4,fake,710,DF_MANIPULATED_02,train
E:\manipulated_videos_part_02\manipulated_videos\end_to_end_level_3\376_W014.mp4,fake,376,DF_MANIPULATED_02,train
E:\manipulated_videos_part_02\manipulated_videos\end_to_end_level_3\582_M117.mp4,fake,582,DF_MANIPULATED_02,train
E:\manipulated_videos_part_02\manipulated_videos\end_to_end_level_4\567_W042.mp4,fake,567,DF_MANIPULATED_02,test
E:\manipulated_videos_part_02\manipulated_videos\end_to_end_level_3\714_W019.mp4,fake,714,DF_MANIPULATED_02,train
E:\manipulated_videos_part_02\manipulated_videos\end_to_end_level_4\247_W040.mp4,fake,247,DF_MANIPULATED_02,train
E:\manipulated_videos_part_02\manipulated_videos\end_to_end_level_3\617_W101.mp4,fake,617,DF_MANIPULATED_02,train
E:\manipulated_videos_part_02\manipulated_videos\end_to_end_level_3\757_M012.mp4,fake,757,DF_MANIPULATED_02,train
E:\manipulated_videos_part_02\manipulated_videos\end_to_end_level_4\050_M115.mp4,fake,050,DF_MANIPULATED_02,train
E:\manipulated_videos_part_02\manipulated_videos\end_to_end_level_3\754_W024.mp4,fake,754,DF_MANIPULATED_02,train
E:\manipulated_videos_part_02\manipulated_videos\end_to_end_level_3\190_W032.mp4,fake,190,DF_MANIPULATED_02,val
E:\manipulated_videos_part_02\manipulated_videos\end_to_end_level_3\738_W022.mp4,fake,738,DF_MANIPULATED_02,val
E:\manipulated_videos_part_02\manipulated_videos\end_to_end_level_3\295_W100.mp4,fake,295,DF_MANIPULATED_02,val
E:\manipulated_videos_part_02\manipulated_videos\end_to_end_level_4\470_M139.mp4,fake,470,DF_MANIPULATED_02,val
E:\manipulated_videos_part_02\manipulated_videos\end_to_end_level_3\741_M010.mp4,fake,741,DF_MANIPULATED_02,test
E:\manipulated_videos_part_02\manipulated_videos\end_to_end_level_3\721_M008.mp4,fake,721,DF_MANIPULATED_02,test
E:\manipulated_videos_part_02\manipulated_videos\end_to_end_level_3\219_W036.mp4,fake,219,DF_MANIPULATED_02,val
E:\manipulated_videos_part_02\manipulated_videos\end_to_end_level_4\711_M007.mp4,fake,711,DF_MANIPULATED_02,train
E:\manipulated_videos_part_02\manipulated_videos\end_to_end_level_3\380_M027.mp4,fake,380,DF_MANIPULATED_02,train
E:\manipulated_videos_part_02\manipulated_videos\end_to_end_level_3\385_W015.mp4,fake,385,DF_MANIPULATED_02,train
E:\manipulated_videos_part_02\manipulated_videos\end_to_end_level_4\979_M038.mp4,fake,979,DF_MANIPULATED_02,train
E:\manipulated_videos_part_02\manipulated_videos\end_to_end_level_3\945_M137.mp4,fake,945,DF_MANIPULATED_02,train
E:\manipulated_videos_part_02\manipulated_videos\end_to_end_level_3\482_W133.mp4,fake,482,DF_MANIPULATED_02,train
E:\manipulated_videos_part_02\manipulated_videos\end_to_end_level_3\897_W110.mp4,fake,897,DF_MANIPULATED_02,train
E:\manipulated_videos_part_02\manipulated_videos\end_to_end_level_3\782_M014.mp4,fake,782,DF_MANIPULATED_02,train
E:\manipulated_videos_part_02\manipulated_videos\end_to_end_level_3\261_W110.mp4,fake,261,DF_MANIPULATED_02,train
E:\manipulated_videos_part_02\manipulated_videos\end_to_end_level_3\832_W036.mp4,fake,832,DF_MANIPULATED_02,train
E:\manipulated_videos_part_02\manipulated_videos\end_to_end_level_3\073_M119.mp4,fake,073,DF_MANIPULATED_02,train
E:\manipulated_videos_part_02\manipulated_videos\end_to_end_level_3\126_W022.mp4,fake,126,DF_MANIPULATED_02,train
E:\manipulated_videos_part_02\manipulated_videos\end_to_end_level_3\663_W012.mp4,fake,663,DF_MANIPULATED_02,train
E:\manipulated_videos_part_02\manipulated_videos\end_to_end_level_3\626_M121.mp4,fake,626,DF_MANIPULATED_02,test
E:\manipulated_videos_part_02\manipulated_videos\end_to_end_level_3\313_M135.mp4,fake,313,DF_MANIPULATED_02,val
E:\manipulated_videos_part_02\manipulated_videos\end_to_end_level_3\676_W013.mp4,fake,676,DF_MANIPULATED_02,val
E:\manipulated_videos_part_02\manipulated_videos\end_to_end_level_4\025_W007.mp4,fake,025,DF_MANIPULATED_02,test
E:\manipulated_videos_part_02\manipulated_videos\end_to_end_level_3\311_M135.mp4,fake,311,DF_MANIPULATED_02,train
E:\manipulated_videos_part_02\manipulated_videos\end_to_end_level_3\538_W136.mp4,fake,538,DF_MANIPULATED_02,train
E:\manipulated_videos_part_02\manipulated_videos\end_to_end_level_3\826_M019.mp4,fake,826,DF_MANIPULATED_02,test
E:\manipulated_videos_part_02\manipulated_videos\end_to_end_level_3\924_W116.mp4,fake,924,DF_MANIPULATED_02,train
E:\manipulated_videos_part_02\manipulated_videos\end_to_end_level_3\805_M016.mp4,fake,805,DF_MANIPULATED_02,val
E:\manipulated_videos_part_02\manipulated_videos\end_to_end_level_3\232_W039.mp4,fake,232,DF_MANIPULATED_02,val
E:\manipulated_videos_part_02\manipulated_videos\end_to_end_level_3\167_W028.mp4,fake,167,DF_MANIPULATED_02,train
E:\manipulated_videos_part_02\manipulated_videos\end_to_end_level_3\445_M034.mp4,fake,445,DF_MANIPULATED_02,train
E:\manipulated_videos_part_02\manipulated_videos\end_to_end_level_3\404_M029.mp4,fake,404,DF_MANIPULATED_02,train
E:\manipulated_videos_part_02\manipulated_videos\end_to_end_level_4\294_W100.mp4,fake,294,DF_MANIPULATED_02,test
E:\manipulated_videos_part_02\manipulated_videos\end_to_end_level_3\433_M136.mp4,fake,433,DF_MANIPULATED_02,test
E:\manipulated_videos_part_02\manipulated_videos\end_to_end_level_3\701_M132.mp4,fake,701,DF_MANIPULATED_02,train
E:\manipulated_videos_part_02\manipulated_videos\end_to_end_level_4\195_M008.mp4,fake,195,DF_MANIPULATED_02,train
E:\manipulated_videos_part_02\manipulated_videos\end_to_end_level_4\279_M134.mp4,fake,279,DF_MANIPULATED_02,test
E:\manipulated_videos_part_02\manipulated_videos\end_to_end_level_4\052_W012.mp4,fake,052,DF_MANIPULATED_02,train
E:\manipulated_videos_part_02\manipulated_videos\end_to_end_level_3\278_M016.mp4,fake,278,DF_MANIPULATED_02,test
E:\manipulated_videos_part_02\manipulated_videos\end_to_end_level_3\398_W017.mp4,fake,398,DF_MANIPULATED_02,train
E:\manipulated_videos_part_02\manipulated_videos\end_to_end_level_3\581_M117.mp4,fake,581,DF_MANIPULATED_02,train
E:\manipulated_videos_part_02\manipulated_videos\end_to_end_level_3\082_W015.mp4,fake,082,DF_MANIPULATED_02,val
E:\manipulated_videos_part_02\manipulated_videos\end_to_end_level_3\655_M123.mp4,fake,655,DF_MANIPULATED_02,train
E:\manipulated_videos_part_02\manipulated_videos\end_to_end_level_4\010_W006.mp4,fake,010,DF_MANIPULATED_02,test
E:\manipulated_videos_part_02\manipulated_videos\end_to_end_level_3\642_W008.mp4,fake,642,DF_MANIPULATED_02,train
E:\manipulated_videos_part_02\manipulated_videos\end_to_end_level_3\248_W041.mp4,fake,248,DF_MANIPULATED_02,train
E:\manipulated_videos_part_02\manipulated_videos\end_to_end_level_3\078_M119.mp4,fake,078,DF_MANIPULATED_02,val
E:\manipulated_videos_part_02\manipulated_videos\end_to_end_level_3\024_M113.mp4,fake,024,DF_MANIPULATED_02,train
E:\manipulated_videos_part_02\manipulated_videos\end_to_end_level_3\403_W018.mp4,fake,403,DF_MANIPULATED_02,train
E:\manipulated_videos_part_02\manipulated_videos\end_to_end_level_3\413_W019.mp4,fake,413,DF_MANIPULATED_02,train
E:\manipulated_videos_part_02\manipulated_videos\end_to_end_level_3\775_M013.mp4,fake,775,DF_MANIPULATED_02,test
E:\manipulated_videos_part_02\manipulated_videos\end_to_end_level_3\843_M134.mp4,fake,843,DF_MANIPULATED_02,train
E:\manipulated_videos_part_02\manipulated_videos\end_to_end_level_3\162_W028.mp4,fake,162,DF_MANIPULATED_02,train
E:\manipulated_videos_part_02\manipulated_videos\end_to_end_level_3\365_M026.mp4,fake,365,DF_MANIPULATED_02,train
E:\manipulated_videos_part_02\manipulated_videos\end_to_end_level_3\883_W041.mp4,fake,883,DF_MANIPULATED_02,train
E:\manipulated_videos_part_02\manipulated_videos\end_to_end_level_3\489_M038.mp4,fake,489,DF_MANIPULATED_02,train
E:\manipulated_videos_part_02\manipulated_videos\end_to_end_level_3\468_M139.mp4,fake,468,DF_MANIPULATED_02,train
E:\manipulated_videos_part_02\manipulated_videos\end_to_end_level_3\382_M027.mp4,fake,382,DF_MANIPULATED_02,val
E:\manipulated_videos_part_02\manipulated_videos\end_to_end_level_3\151_W026.mp4,fake,151,DF_MANIPULATED_02,train
E:\manipulated_videos_part_02\manipulated_videos\end_to_end_level_3\066_W005.mp4,fake,066,DF_MANIPULATED_02,train
E:\manipulated_videos_part_02\manipulated_videos\end_to_end_level_3\700_W016.mp4,fake,700,DF_MANIPULATED_02,train
E:\manipulated_videos_part_02\manipulated_videos\end_to_end_level_4\490_W032.mp4,fake,490,DF_MANIPULATED_02,test
E:\manipulated_videos_part_02\manipulated_videos\end_to_end_level_3\276_M016.mp4,fake,276,DF_MANIPULATED_02,val
E:\manipulated_videos_part_02\manipulated_videos\end_to_end_level_4\184_W031.mp4,fake,184,DF_MANIPULATED_02,val
E:\manipulated_videos_part_02\manipulated_videos\end_to_end_level_3\696_W016.mp4,fake,696,DF_MANIPULATED_02,train
E:\manipulated_videos_part_02\manipulated_videos\end_to_end_level_4\111_M123.mp4,fake,111,DF_MANIPULATED_02,train
E:\manipulated_videos_part_02\manipulated_videos\end_to_end_level_3\885_W042.mp4,fake,885,DF_MANIPULATED_02,train
E:\manipulated_videos_part_02\manipulated_videos\end_to_end_level_3\182_W133.mp4,fake,182,DF_MANIPULATED_02,train
E:\manipulated_videos_part_02\manipulated_videos\end_to_end_level_4\759_W025.mp4,fake,759,DF_MANIPULATED_02,train
E:\manipulated_videos_part_02\manipulated_videos\end_to_end_level_3\990_W012.mp4,fake,990,DF_MANIPULATED_02,test
E:\manipulated_videos_part_02\manipulated_videos\end_to_end_level_3\488_W031.mp4,fake,488,DF_MANIPULATED_02,train
E:\manipulated_videos_part_02\manipulated_videos\end_to_end_level_4\702_M132.mp4,fake,702,DF_MANIPULATED_02,train
E:\manipulated_videos_part_02\manipulated_videos\end_to_end_level_3\306_M019.mp4,fake,306,DF_MANIPULATED_02,train
E:\manipulated_videos_part_02\manipulated_videos\end_to_end_level_3\514_M106.mp4,fake,514,DF_MANIPULATED_02,test
E:\manipulated_videos_part_02\manipulated_videos\end_to_end_level_3\987_M038.mp4,fake,987,DF_MANIPULATED_02,train
E:\manipulated_videos_part_02\manipulated_videos\end_to_end_level_4\183_M007.mp4,fake,183,DF_MANIPULATED_02,train
E:\manipulated_videos_part_02\manipulated_videos\end_to_end_level_3\857_M023.mp4,fake,857,DF_MANIPULATED_02,train
E:\manipulated_videos_part_02\manipulated_videos\end_to_end_level_4\330_W008.mp4,fake,330,DF_MANIPULATED_02,train
E:\manipulated_videos_part_02\manipulated_videos\end_to_end_level_4\075_W014.mp4,fake,075,DF_MANIPULATED_02,train
E:\manipulated_videos_part_02\manipulated_videos\end_to_end_level_3\009_M131.mp4,fake,009,DF_MANIPULATED_02,train
E:\manipulated_videos_part_02\manipulated_videos\end_to_end_level_3\823_M018.mp4,fake,823,DF_MANIPULATED_02,val
E:\manipulated_videos_part_02\manipulated_videos\end_to_end_level_3\681_M131.mp4,fake,681,DF_MANIPULATED_02,val
E:\manipulated_videos_part_02\manipulated_videos\end_to_end_level_3\632_M122.mp4,fake,632,DF_MANIPULATED_02,val
E:\manipulated_videos_part_02\manipulated_videos\end_to_end_level_4\377_M026.mp4,fake,377,DF_MANIPULATED_02,val
E:\manipulated_videos_part_02\manipulated_videos\end_to_end_level_3\272_W112.mp4,fake,272,DF_MANIPULATED_02,test
E:\manipulated_videos_part_02\manipulated_videos\end_to_end_level_3\291_M018.mp4,fake,291,DF_MANIPULATED_02,train
E:\manipulated_videos_part_02\manipulated_videos\end_to_end_level_3\194_M008.mp4,fake,194,DF_MANIPULATED_02,test
E:\manipulated_videos_part_02\manipulated_videos\end_to_end_level_3\110_M123.mp4,fake,110,DF_MANIPULATED_02,train
E:\manipulated_videos_part_02\manipulated_videos\end_to_end_level_3\340_W010.mp4,fake,340,DF_MANIPULATED_02,train
E:\manipulated_videos_part_02\manipulated_videos\end_to_end_level_3\619_M120.mp4,fake,619,DF_MANIPULATED_02,test
E:\manipulated_videos_part_02\manipulated_videos\end_to_end_level_3\361_M025.mp4,fake,361,DF_MANIPULATED_02,train
E:\manipulated_videos_part_02\manipulated_videos\end_to_end_level_3\242_W040.mp4,fake,242,DF_MANIPULATED_02,train
E:\manipulated_videos_part_02\manipulated_videos\end_to_end_level_4\799_W031.mp4,fake,799,DF_MANIPULATED_02,train
E:\manipulated_videos_part_02\manipulated_videos\end_to_end_level_3\235_M012.mp4,fake,235,DF_MANIPULATED_02,train
E:\manipulated_videos_part_02\manipulated_videos\end_to_end_level_3\364_M025.mp4,fake,364,DF_MANIPULATED_02,train
E:\manipulated_videos_part_02\manipulated_videos\end_to_end_level_3\427_W021.mp4,fake,427,DF_MANIPULATED_02,train
E:\manipulated_videos_part_02\manipulated_videos\end_to_end_level_3\049_W131.mp4,fake,049,DF_MANIPULATED_02,train
E:\manipulated_videos_part_02\manipulated_videos\end_to_end_level_3\699_M132.mp4,fake,699,DF_MANIPULATED_02,train
E:\manipulated_videos_part_02\manipulated_videos\end_to_end_level_3\592_W112.mp4,fake,592,DF_MANIPULATED_02,test
E:\manipulated_videos_part_02\manipulated_videos\end_to_end_level_3\370_W013.mp4,fake,370,DF_MANIPULATED_02,train
E:\manipulated_videos_part_02\manipulated_videos\end_to_end_level_3\449_M138.mp4,fake,449,DF_MANIPULATED_02,train
E:\manipulated_videos_part_02\manipulated_videos\end_to_end_level_3\921_M135.mp4,fake,921,DF_MANIPULATED_02,train
E:\manipulated_videos_part_02\manipulated_videos\end_to_end_level_4\451_M138.mp4,fake,451,DF_MANIPULATED_02,train
E:\manipulated_videos_part_02\manipulated_videos\end_to_end_level_3\821_M018.mp4,fake,821,DF_MANIPULATED_02,train
E:\manipulated_videos_part_02\manipulated_videos\end_to_end_level_3\707_M007.mp4,fake,707,DF_MANIPULATED_02,train
E:\manipulated_videos_part_02\manipulated_videos\end_to_end_level_3\842_W136.mp4,fake,842,DF_MANIPULATED_02,val
E:\manipulated_videos_part_02\manipulated_videos\end_to_end_level_3\305_W101.mp4,fake,305,DF_MANIPULATED_02,test
E:\manipulated_videos_part_02\manipulated_videos\end_to_end_level_3\919_M031.mp4,fake,919,DF_MANIPULATED_02,test
E:\manipulated_videos_part_02\manipulated_videos\end_to_end_level_3\245_M013.mp4,fake,245,DF_MANIPULATED_02,test
E:\manipulated_videos_part_02\manipulated_videos\end_to_end_level_4\116_W132.mp4,fake,116,DF_MANIPULATED_02,train
E:\manipulated_videos_part_02\manipulated_videos\end_to_end_level_3\753_W024.mp4,fake,753,DF_MANIPULATED_02,train
E:\manipulated_videos_part_02\manipulated_videos\end_to_end_level_3\483_W133.mp4,fake,483,DF_MANIPULATED_02,train
E:\manipulated_videos_part_02\manipulated_videos\end_to_end_level_3\331_W009.mp4,fake,331,DF_MANIPULATED_02,test
E:\manipulated_videos_part_02\manipulated_videos\end_to_end_level_3\838_W037.mp4,fake,838,DF_MANIPULATED_02,test
E:\manipulated_videos_part_02\manipulated_videos\end_to_end_level_3\580_W110.mp4,fake,580,DF_MANIPULATED_02,train
E:\manipulated_videos_part_02\manipulated_videos\end_to_end_level_3\794_M015.mp4,fake,794,DF_MANIPULATED_02,train
E:\manipulated_videos_part_02\manipulated_videos\end_to_end_level_3\610_W100.mp4,fake,610,DF_MANIPULATED_02,train
E:\manipulated_videos_part_02\manipulated_videos\end_to_end_level_3\526_W035.mp4,fake,526,DF_MANIPULATED_02,train
E:\manipulated_videos_part_02\manipulated_videos\end_to_end_level_4\503_W134.mp4,fake,503,DF_MANIPULATED_02,train
E:\manipulated_videos_part_02\manipulated_videos\end_to_end_level_3\795_W133.mp4,fake,795,DF_MANIPULATED_02,train
E:\manipulated_videos_part_02\manipulated_videos\end_to_end_level_3\452_M138.mp4,fake,452,DF_MANIPULATED_02,val
E:\manipulated_videos_part_02\manipulated_videos\end_to_end_level_3\679_M131.mp4,fake,679,DF_MANIPULATED_02,val
E:\manipulated_videos_part_02\manipulated_videos\end_to_end_level_3\763_W026.mp4,fake,763,DF_MANIPULATED_02,train
E:\manipulated_videos_part_02\manipulated_videos\end_to_end_level_3\430_W022.mp4,fake,430,DF_MANIPULATED_02,val
E:\manipulated_videos_part_02\manipulated_videos\end_to_end_level_3\002_M101.mp4,fake,002,DF_MANIPULATED_02,train
E:\manipulated_videos_part_02\manipulated_videos\end_to_end_level_3\246_W040.mp4,fake,246,DF_MANIPULATED_02,train
E:\manipulated_videos_part_02\manipulated_videos\end_to_end_level_3\200_W134.mp4,fake,200,DF_MANIPULATED_02,train
E:\manipulated_videos_part_02\manipulated_videos\end_to_end_level_3\463_M139.mp4,fake,463,DF_MANIPULATED_02,train
E:\manipulated_videos_part_02\manipulated_videos\end_to_end_level_3\053_W012.mp4,fake,053,DF_MANIPULATED_02,train
E:\manipulated_videos_part_02\manipulated_videos\end_to_end_level_3\063_M118.mp4,fake,063,DF_MANIPULATED_02,test
E:\manipulated_videos_part_02\manipulated_videos\end_to_end_level_3\783_W029.mp4,fake,783,DF_MANIPULATED_02,train
E:\manipulated_videos_part_02\manipulated_videos\end_to_end_level_3\137_W024.mp4,fake,137,DF_MANIPULATED_02,train
E:\manipulated_videos_part_02\manipulated_videos\end_to_end_level_3\407_M029.mp4,fake,407,DF_MANIPULATED_02,train
E:\manipulated_videos_part_02\manipulated_videos\end_to_end_level_3\806_W032.mp4,fake,806,DF_MANIPULATED_02,train
E:\manipulated_videos_part_02\manipulated_videos\end_to_end_level_3\081_M120.mp4,fake,081,DF_MANIPULATED_02,test
E:\manipulated_videos_part_02\manipulated_videos\end_to_end_level_3\531_W036.mp4,fake,531,DF_MANIPULATED_02,test
E:\manipulated_videos_part_02\manipulated_videos\end_to_end_level_3\518_M106.mp4,fake,518,DF_MANIPULATED_02,test
E:\manipulated_videos_part_02\manipulated_videos\end_to_end_level_3\940_W100.mp4,fake,940,DF_MANIPULATED_02,val
E:\manipulated_videos_part_02\manipulated_videos\end_to_end_level_3\660_W131.mp4,fake,660,DF_MANIPULATED_02,train
E:\manipulated_videos_part_02\manipulated_videos\end_to_end_level_3\302_M105.mp4,fake,302,DF_MANIPULATED_02,val
E:\manipulated_videos_part_02\manipulated_videos\end_to_end_level_3\958_W006.mp4,fake,958,DF_MANIPULATED_02,train
E:\manipulated_videos_part_02\manipulated_videos\end_to_end_level_3\756_W025.mp4,fake,756,DF_MANIPULATED_02,train
E:\manipulated_videos_part_02\manipulated_videos\end_to_end_level_3\659_W131.mp4,fake,659,DF_MANIPULATED_02,train
E:\manipulated_videos_part_03\manipulated_videos\end_to_end_level_4\128_M124.mp4,fake,128,DF_MANIPULATED_03,val
E:\manipulated_videos_part_03\manipulated_videos\end_to_end_level_4\041_M115.mp4,fake,041,DF_MANIPULATED_03,train
E:\manipulated_videos_part_03\manipulated_videos\end_to_end_level_4\638_M122.mp4,fake,638,DF_MANIPULATED_03,train
E:\manipulated_videos_part_03\manipulated_videos\end_to_end_level_4\710_W018.mp4,fake,710,DF_MANIPULATED_03,train
E:\manipulated_videos_part_03\manipulated_videos\end_to_end_level_4\432_M136.mp4,fake,432,DF_MANIPULATED_03,test
E:\manipulated_videos_part_03\manipulated_videos\end_to_end_level_4\278_M016.mp4,fake,278,DF_MANIPULATED_03,test
E:\manipulated_videos_part_03\manipulated_videos\end_to_end_level_4\729_M008.mp4,fake,729,DF_MANIPULATED_03,train
E:\manipulated_videos_part_03\manipulated_videos\end_to_end_level_4\515_M106.mp4,fake,515,DF_MANIPULATED_03,test
E:\manipulated_videos_part_03\manipulated_videos\end_to_end_level_4\934_W125.mp4,fake,934,DF_MANIPULATED_03,train
E:\manipulated_videos_part_03\manipulated_videos\end_to_end_level_4\415_M030.mp4,fake,415,DF_MANIPULATED_03,train
E:\manipulated_videos_part_03\manipulated_videos\end_to_end_level_4\066_W005.mp4,fake,066,DF_MANIPULATED_03,train
E:\manipulated_videos_part_03\manipulated_videos\end_to_end_level_4\914_M031.mp4,fake,914,DF_MANIPULATED_03,train
E:\manipulated_videos_part_03\manipulated_videos\end_to_end_level_4\224_M011.mp4,fake,224,DF_MANIPULATED_03,test
E:\manipulated_videos_part_03\manipulated_videos\end_to_end_level_4\930_W116.mp4,fake,930,DF_MANIPULATED_03,train
E:\manipulated_videos_part_03\manipulated_videos\end_to_end_level_4\468_M139.mp4,fake,468,DF_MANIPULATED_03,train
E:\manipulated_videos_part_03\manipulated_videos\end_to_end_level_4\074_W014.mp4,fake,074,DF_MANIPULATED_03,val
E:\manipulated_videos_part_03\manipulated_videos\end_to_end_level_4\178_W133.mp4,fake,178,DF_MANIPULATED_03,train
E:\manipulated_videos_part_03\manipulated_videos\end_to_end_level_4\466_W027.mp4,fake,466,DF_MANIPULATED_03,val
E:\manipulated_videos_part_03\manipulated_videos\end_to_end_level_4\283_M134.mp4,fake,283,DF_MANIPULATED_03,train
E:\manipulated_videos_part_03\manipulated_videos\end_to_end_level_4\548_M109.mp4,fake,548,DF_MANIPULATED_03,val
E:\manipulated_videos_part_03\manipulated_videos\end_to_end_level_4\276_M016.mp4,fake,276,DF_MANIPULATED_03,val
E:\manipulated_videos_part_03\manipulated_videos\end_to_end_level_4\749_W023.mp4,fake,749,DF_MANIPULATED_03,train
E:\manipulated_videos_part_03\manipulated_videos\end_to_end_level_4\009_M131.mp4,fake,009,DF_MANIPULATED_03,train
E:\manipulated_videos_part_03\manipulated_videos\end_to_end_level_4\570_W042.mp4,fake,570,DF_MANIPULATED_03,val
E:\manipulated_videos_part_03\manipulated_videos\end_to_end_level_4\460_W026.mp4,fake,460,DF_MANIPULATED_03,train
E:\manipulated_videos_part_03\manipulated_videos\end_to_end_level_4\229_W136.mp4,fake,229,DF_MANIPULATED_03,val
E:\manipulated_videos_part_03\manipulated_videos\end_to_end_level_4\767_M012.mp4,fake,767,DF_MANIPULATED_03,train
E:\manipulated_videos_part_03\manipulated_videos\end_to_end_level_4\649_W010.mp4,fake,649,DF_MANIPULATED_03,train
E:\manipulated_videos_part_03\manipulated_videos\end_to_end_level_4\505_M140.mp4,fake,505,DF_MANIPULATED_03,train
E:\manipulated_videos_part_03\manipulated_videos\end_to_end_level_4\204_W135.mp4,fake,204,DF_MANIPULATED_03,test
E:\manipulated_videos_part_03\manipulated_videos\end_to_end_level_4\631_M121.mp4,fake,631,DF_MANIPULATED_03,train
E:\manipulated_videos_part_03\manipulated_videos\end_to_end_level_4\273_M016.mp4,fake,273,DF_MANIPULATED_03,test
E:\manipulated_videos_part_03\manipulated_videos\end_to_end_level_4\144_W025.mp4,fake,144,DF_MANIPULATED_03,train
E:\manipulated_videos_part_03\manipulated_videos\end_to_end_level_4\078_M119.mp4,fake,078,DF_MANIPULATED_03,val
E:\manipulated_videos_part_03\manipulated_videos\end_to_end_level_4\918_W112.mp4,fake,918,DF_MANIPULATED_03,train
E:\manipulated_videos_part_03\manipulated_videos\end_to_end_level_4\965_W007.mp4,fake,965,DF_MANIPULATED_03,val
E:\manipulated_videos_part_03\manipulated_videos\end_to_end_level_4\233_W039.mp4,fake,233,DF_MANIPULATED_03,train
E:\manipulated_videos_part_03\manipulated_videos\end_to_end_level_4\248_W041.mp4,fake,248,DF_MANIPULATED_03,train
E:\manipulated_videos_part_03\manipulated_videos\end_to_end_level_4\941_W100.mp4,fake,941,DF_MANIPULATED_03,train
E:\manipulated_videos_part_03\manipulated_videos\end_to_end_level_4\441_W023.mp4,fake,441,DF_MANIPULATED_03,test
E:\manipulated_videos_part_03\manipulated_videos\end_to_end_level_4\277_M016.mp4,fake,277,DF_MANIPULATED_03,test
E:\manipulated_videos_part_03\manipulated_videos\end_to_end_level_4\551_M109.mp4,fake,551,DF_MANIPULATED_03,train
E:\manipulated_videos_part_03\manipulated_videos\end_to_end_level_4\472_W028.mp4,fake,472,DF_MANIPULATED_03,train
E:\manipulated_videos_part_03\manipulated_videos\end_to_end_level_4\900_W111.mp4,fake,900,DF_MANIPULATED_03,train
E:\manipulated_videos_part_03\manipulated_videos\end_to_end_level_4\622_M120.mp4,fake,622,DF_MANIPULATED_03,train
E:\manipulated_videos_part_03\manipulated_videos\end_to_end_level_4\029_W008.mp4,fake,029,DF_MANIPULATED_03,train
E:\manipulated_videos_part_03\manipulated_videos\end_to_end_level_4\388_W015.mp4,fake,388,DF_MANIPULATED_03,test
E:\manipulated_videos_part_03\manipulated_videos\end_to_end_level_4\115_M123.mp4,fake,115,DF_MANIPULATED_03,val
E:\manipulated_videos_part_03\manipulated_videos\end_to_end_level_4\803_W032.mp4,fake,803,DF_MANIPULATED_03,train
E:\manipulated_videos_part_03\manipulated_videos\end_to_end_level_4\409_M030.mp4,fake,409,DF_MANIPULATED_03,train
E:\manipulated_videos_part_03\manipulated_videos\end_to_end_level_4\459_W025.mp4,fake,459,DF_MANIPULATED_03,train
E:\manipulated_videos_part_03\manipulated_videos\end_to_end_level_4\883_W041.mp4,fake,883,DF_MANIPULATED_03,train
E:\manipulated_videos_part_03\manipulated_videos\end_to_end_level_4\846_M021.mp4,fake,846,DF_MANIPULATED_03,train
E:\manipulated_videos_part_03\manipulated_videos\end_to_end_level_4\435_M137.mp4,fake,435,DF_MANIPULATED_03,train
E:\manipulated_videos_part_03\manipulated_videos\end_to_end_level_4\197_M009.mp4,fake,197,DF_MANIPULATED_03,train
E:\manipulated_videos_part_03\manipulated_videos\end_to_end_level_4\206_W135.mp4,fake,206,DF_MANIPULATED_03,train
E:\manipulated_videos_part_03\manipulated_videos\end_to_end_level_4\102_M122.mp4,fake,102,DF_MANIPULATED_03,val
E:\manipulated_videos_part_03\manipulated_videos\end_to_end_level_4\370_W013.mp4,fake,370,DF_MANIPULATED_03,train
E:\manipulated_videos_part_03\manipulated_videos\end_to_end_level_4\806_W032.mp4,fake,806,DF_MANIPULATED_03,train
E:\manipulated_videos_part_03\manipulated_videos\end_to_end_level_4\106_M122.mp4,fake,106,DF_MANIPULATED_03,train
E:\manipulated_videos_part_03\manipulated_videos\end_to_end_level_4\253_M014.mp4,fake,253,DF_MANIPULATED_03,train
E:\manipulated_videos_part_03\manipulated_videos\end_to_end_level_4\260_W110.mp4,fake,260,DF_MANIPULATED_03,train
E:\manipulated_videos_part_03\manipulated_videos\end_to_end_level_4\249_W041.mp4,fake,249,DF_MANIPULATED_03,train
E:\manipulated_videos_part_03\manipulated_videos\end_to_end_level_4\714_W019.mp4,fake,714,DF_MANIPULATED_03,train
E:\manipulated_videos_part_03\manipulated_videos\end_to_end_level_4\118_W132.mp4,fake,118,DF_MANIPULATED_03,val
E:\manipulated_videos_part_03\manipulated_videos\end_to_end_level_4\977_W010.mp4,fake,977,DF_MANIPULATED_03,train
E:\manipulated_videos_part_03\manipulated_videos\end_to_end_level_4\872_M024.mp4,fake,872,DF_MANIPULATED_03,val
E:\manipulated_videos_part_03\manipulated_videos\end_to_end_level_4\073_M119.mp4,fake,073,DF_MANIPULATED_03,train
E:\manipulated_videos_part_03\manipulated_videos\end_to_end_level_4\757_M012.mp4,fake,757,DF_MANIPULATED_03,train
E:\manipulated_videos_part_03\manipulated_videos\end_to_end_level_4\031_M113.mp4,fake,031,DF_MANIPULATED_03,train
E:\manipulated_videos_part_03\manipulated_videos\end_to_end_level_4\905_W111.mp4,fake,905,DF_MANIPULATED_03,train
E:\manipulated_videos_part_03\manipulated_videos\end_to_end_level_4\261_W110.mp4,fake,261,DF_MANIPULATED_03,train
E:\manipulated_videos_part_03\manipulated_videos\end_to_end_level_4\516_W135.mp4,fake,516,DF_MANIPULATED_03,train
E:\manipulated_videos_part_03\manipulated_videos\end_to_end_level_4\529_W036.mp4,fake,529,DF_MANIPULATED_03,train
E:\manipulated_videos_part_03\manipulated_videos\end_to_end_level_4\186_W031.mp4,fake,186,DF_MANIPULATED_03,train
E:\manipulated_videos_part_03\manipulated_videos\end_to_end_level_4\508_W135.mp4,fake,508,DF_MANIPULATED_03,test
E:\manipulated_videos_part_03\manipulated_videos\end_to_end_level_4\488_W031.mp4,fake,488,DF_MANIPULATED_03,train
E:\manipulated_videos_part_03\manipulated_videos\end_to_end_level_4\381_W015.mp4,fake,381,DF_MANIPULATED_03,test
E:\manipulated_videos_part_03\manipulated_videos\end_to_end_level_4\903_M029.mp4,fake,903,DF_MANIPULATED_03,train
E:\manipulated_videos_part_03\manipulated_videos\end_to_end_level_4\924_W116.mp4,fake,924,DF_MANIPULATED_03,train
E:\manipulated_videos_part_03\manipulated_videos\end_to_end_level_4\173_M133.mp4,fake,173,DF_MANIPULATED_03,train
E:\manipulated_videos_part_03\manipulated_videos\end_to_end_level_4\394_M028.mp4,fake,394,DF_MANIPULATED_03,test
E:\manipulated_videos_part_03\manipulated_videos\end_to_end_level_4\668_W005.mp4,fake,668,DF_MANIPULATED_03,val
E:\manipulated_videos_part_03\manipulated_videos\end_to_end_level_4\718_W019.mp4,fake,718,DF_MANIPULATED_03,train
E:\manipulated_videos_part_03\manipulated_videos\end_to_end_level_4\255_W042.mp4,fake,255,DF_MANIPULATED_03,val
E:\manipulated_videos_part_03\manipulated_videos\end_to_end_level_4\094_M121.mp4,fake,094,DF_MANIPULATED_03,train
E:\manipulated_videos_part_03\manipulated_videos\end_to_end_level_4\832_W036.mp4,fake,832,DF_MANIPULATED_03,train
E:\manipulated_videos_part_03\manipulated_videos\end_to_end_level_4\489_M038.mp4,fake,489,DF_MANIPULATED_03,train
E:\manipulated_videos_part_03\manipulated_videos\end_to_end_level_4\621_W101.mp4,fake,621,DF_MANIPULATED_03,train
E:\manipulated_videos_part_03\manipulated_videos\end_to_end_level_4\740_W022.mp4,fake,740,DF_MANIPULATED_03,train
E:\manipulated_videos_part_03\manipulated_videos\end_to_end_level_4\217_W036.mp4,fake,217,DF_MANIPULATED_03,test
E:\manipulated_videos_part_03\manipulated_videos\end_to_end_level_4\931_W125.mp4,fake,931,DF_MANIPULATED_03,train
E:\manipulated_videos_part_03\manipulated_videos\end_to_end_level_4\661_W012.mp4,fake,661,DF_MANIPULATED_03,train
E:\manipulated_videos_part_03\manipulated_videos\end_to_end_level_4\300_M018.mp4,fake,300,DF_MANIPULATED_03,test
E:\manipulated_videos_part_03\manipulated_videos\end_to_end_level_4\045_W010.mp4,fake,045,DF_MANIPULATED_03,train
E:\manipulated_videos_part_03\manipulated_videos\end_to_end_level_4\056_M117.mp4,fake,056,DF_MANIPULATED_03,train
E:\manipulated_videos_part_03\manipulated_videos\end_to_end_level_4\935_W125.mp4,fake,935,DF_MANIPULATED_03,val
E:\manipulated_videos_part_03\manipulated_videos\end_to_end_level_4\624_W006.mp4,fake,624,DF_MANIPULATED_03,val
E:\manipulated_videos_part_03\manipulated_videos\end_to_end_level_4\793_M015.mp4,fake,793,DF_MANIPULATED_03,train
E:\manipulated_videos_part_03\manipulated_videos\end_to_end_level_4\726_W021.mp4,fake,726,DF_MANIPULATED_03,train
E:\manipulated_videos_part_03\manipulated_videos\end_to_end_level_4\790_M014.mp4,fake,790,DF_MANIPULATED_03,train
E:\manipulated_videos_part_03\manipulated_videos\end_to_end_level_4\146_W025.mp4,fake,146,DF_MANIPULATED_03,train
E:\manipulated_videos_part_03\manipulated_videos\end_to_end_level_4\899_M028.mp4,fake,899,DF_MANIPULATED_03,train
E:\manipulated_videos_part_03\manipulated_videos\end_to_end_level_4\188_W031.mp4,fake,188,DF_MANIPULATED_03,train
E:\manipulated_videos_part_03\manipulated_videos\end_to_end_level_4\312_W101.mp4,fake,312,DF_MANIPULATED_03,train
E:\manipulated_videos_part_03\manipulated_videos\end_to_end_level_4\046_W010.mp4,fake,046,DF_MANIPULATED_03,train
E:\manipulated_videos_part_03\manipulated_videos\end_to_end_level_4\002_M101.mp4,fake,002,DF_MANIPULATED_03,train
E:\manipulated_videos_part_03\manipulated_videos\end_to_end_level_4\134_W023.mp4,fake,134,DF_MANIPULATED_03,train
E:\manipulated_videos_part_03\manipulated_videos\end_to_end_level_4\194_M008.mp4,fake,194,DF_MANIPULATED_03,test
E:\manipulated_videos_part_03\manipulated_videos\end_to_end_level_4\910_M030.mp4,fake,910,DF_MANIPULATED_03,train
E:\manipulated_videos_part_03\manipulated_videos\end_to_end_level_4\886_M027.mp4,fake,886,DF_MANIPULATED_03,train
E:\manipulated_videos_part_03\manipulated_videos\end_to_end_level_4\424_M031.mp4,fake,424,DF_MANIPULATED_03,train
E:\manipulated_videos_part_03\manipulated_videos\end_to_end_level_4\355_W012.mp4,fake,355,DF_MANIPULATED_03,train
E:\manipulated_videos_part_03\manipulated_videos\end_to_end_level_4\281_W116.mp4,fake,281,DF_MANIPULATED_03,train
E:\manipulated_videos_part_03\manipulated_videos\end_to_end_level_4\981_W010.mp4,fake,981,DF_MANIPULATED_03,train
E:\manipulated_videos_part_03\manipulated_videos\end_to_end_level_4\761_W026.mp4,fake,761,DF_MANIPULATED_03,val
E:\manipulated_videos_part_03\manipulated_videos\end_to_end_level_4\484_M038.mp4,fake,484,DF_MANIPULATED_03,train
E:\manipulated_videos_part_03\manipulated_videos\end_to_end_level_4\612_M119.mp4,fake,612,DF_MANIPULATED_03,train
E:\manipulated_videos_part_03\manipulated_videos\end_to_end_level_4\926_W116.mp4,fake,926,DF_MANIPULATED_03,test
E:\manipulated_videos_part_03\manipulated_videos\end_to_end_level_4\839_W037.mp4,fake,839,DF_MANIPULATED_03,train
E:\manipulated_videos_part_03\manipulated_videos\end_to_end_level_4\465_W026.mp4,fake,465,DF_MANIPULATED_03,test
E:\manipulated_videos_part_03\manipulated_videos\end_to_end_level_4\456_M138.mp4,fake,456,DF_MANIPULATED_03,train
E:\manipulated_videos_part_03\manipulated_videos\end_to_end_level_4\296_W100.mp4,fake,296,DF_MANIPULATED_03,train
E:\manipulated_videos_part_03\manipulated_videos\end_to_end_level_4\971_M138.mp4,fake,971,DF_MANIPULATED_03,train
E:\manipulated_videos_part_03\manipulated_videos\end_to_end_level_4\696_W016.mp4,fake,696,DF_MANIPULATED_03,train
E:\manipulated_videos_part_03\manipulated_videos\end_to_end_level_4\165_W028.mp4,fake,165,DF_MANIPULATED_03,train
E:\manipulated_videos_part_03\manipulated_videos\end_to_end_level_4\285_W116.mp4,fake,285,DF_MANIPULATED_03,train
E:\manipulated_videos_part_03\manipulated_videos\end_to_end_level_4\892_W110.mp4,fake,892,DF_MANIPULATED_03,val
E:\manipulated_videos_part_03\manipulated_videos\end_to_end_level_4\954_W101.mp4,fake,954,DF_MANIPULATED_03,val
E:\manipulated_videos_part_03\manipulated_videos\end_to_end_level_4\410_W019.mp4,fake,410,DF_MANIPULATED_03,val
E:\manipulated_videos_part_03\manipulated_videos\end_to_end_level_4\939_M034.mp4,fake,939,DF_MANIPULATED_03,train
E:\manipulated_videos_part_03\manipulated_videos\end_to_end_level_4\651_W010.mp4,fake,651,DF_MANIPULATED_03,train
E:\manipulated_videos_part_03\manipulated_videos\end_to_end_level_4\097_M121.mp4,fake,097,DF_MANIPULATED_03,train
E:\manipulated_videos_part_03\manipulated_videos\end_to_end_level_4\765_W027.mp4,fake,765,DF_MANIPULATED_03,train
E:\manipulated_videos_part_03\manipulated_videos\end_to_end_level_4\635_W007.mp4,fake,635,DF_MANIPULATED_03,train
E:\manipulated_videos_part_03\manipulated_videos\end_to_end_level_4\681_M131.mp4,fake,681,DF_MANIPULATED_03,val
E:\manipulated_videos_part_03\manipulated_videos\end_to_end_level_4\303_M105.mp4,fake,303,DF_MANIPULATED_03,train
E:\manipulated_videos_part_03\manipulated_videos\end_to_end_level_4\577_W110.mp4,fake,577,DF_MANIPULATED_03,train
E:\manipulated_videos_part_03\manipulated_videos\end_to_end_level_4\820_M018.mp4,fake,820,DF_MANIPULATED_03,val
E:\manipulated_videos_part_03\manipulated_videos\end_to_end_level_4\400_W018.mp4,fake,400,DF_MANIPULATED_03,train
E:\manipulated_videos_part_03\manipulated_videos\end_to_end_level_4\479_W029.mp4,fake,479,DF_MANIPULATED_03,train
E:\manipulated_videos_part_03\manipulated_videos\end_to_end_level_4\619_M120.mp4,fake,619,DF_MANIPULATED_03,test
E:\manipulated_videos_part_03\manipulated_videos\end_to_end_level_4\445_M034.mp4,fake,445,DF_MANIPULATED_03,train
E:\manipulated_videos_part_03\manipulated_videos\end_to_end_level_4\791_M015.mp4,fake,791,DF_MANIPULATED_03,val
E:\manipulated_videos_part_03\manipulated_videos\end_to_end_level_4\778_W028.mp4,fake,778,DF_MANIPULATED_03,test
E:\manipulated_videos_part_03\manipulated_videos\end_to_end_level_4\824_M019.mp4,fake,824,DF_MANIPULATED_03,train
E:\manipulated_videos_part_03\manipulated_videos\end_to_end_level_4\600_M118.mp4,fake,600,DF_MANIPULATED_03,train
E:\manipulated_videos_part_03\manipulated_videos\end_to_end_level_4\126_W022.mp4,fake,126,DF_MANIPULATED_03,train
E:\manipulated_videos_part_03\manipulated_videos\end_to_end_level_4\151_W026.mp4,fake,151,DF_MANIPULATED_03,train
E:\manipulated_videos_part_03\manipulated_videos\end_to_end_level_4\265_W111.mp4,fake,265,DF_MANIPULATED_03,test
E:\manipulated_videos_part_03\manipulated_videos\end_to_end_level_4\960_W006.mp4,fake,960,DF_MANIPULATED_03,val
E:\manipulated_videos_part_03\manipulated_videos\end_to_end_level_4\786_W133.mp4,fake,786,DF_MANIPULATED_03,train
E:\manipulated_videos_part_03\manipulated_videos\end_to_end_level_4\599_W125.mp4,fake,599,DF_MANIPULATED_03,train
E:\manipulated_videos_part_03\manipulated_videos\end_to_end_level_4\693_W016.mp4,fake,693,DF_MANIPULATED_03,test
E:\manipulated_videos_part_03\manipulated_videos\end_to_end_level_4\030_W008.mp4,fake,030,DF_MANIPULATED_03,train
E:\manipulated_videos_part_03\manipulated_videos\end_to_end_level_4\636_W007.mp4,fake,636,DF_MANIPULATED_03,train
E:\manipulated_videos_part_03\manipulated_videos\end_to_end_level_4\108_W019.mp4,fake,108,DF_MANIPULATED_03,train
E:\manipulated_videos_part_03\manipulated_videos\end_to_end_level_4\662_W012.mp4,fake,662,DF_MANIPULATED_03,train
E:\manipulated_videos_part_03\manipulated_videos\end_to_end_level_4\098_M121.mp4,fake,098,DF_MANIPULATED_03,train
E:\manipulated_videos_part_03\manipulated_videos\end_to_end_level_4\288_W125.mp4,fake,288,DF_MANIPULATED_03,train
E:\manipulated_videos_part_03\manipulated_videos\end_to_end_level_4\287_W125.mp4,fake,287,DF_MANIPULATED_03,train
E:\manipulated_videos_part_03\manipulated_videos\end_to_end_level_4\269_M015.mp4,fake,269,DF_MANIPULATED_03,train
E:\manipulated_videos_part_03\manipulated_videos\end_to_end_level_4\251_W041.mp4,fake,251,DF_MANIPULATED_03,train
E:\manipulated_videos_part_03\manipulated_videos\end_to_end_level_4\607_W100.mp4,fake,607,DF_MANIPULATED_03,train
E:\manipulated_videos_part_03\manipulated_videos\end_to_end_level_4\528_M101.mp4,fake,528,DF_MANIPULATED_03,train
E:\manipulated_videos_part_03\manipulated_videos\end_to_end_level_4\538_W136.mp4,fake,538,DF_MANIPULATED_03,train
E:\manipulated_videos_part_03\manipulated_videos\end_to_end_level_4\228_M011.mp4,fake,228,DF_MANIPULATED_03,test
E:\manipulated_videos_part_03\manipulated_videos\end_to_end_level_4\063_M118.mp4,fake,063,DF_MANIPULATED_03,test
E:\manipulated_videos_part_03\manipulated_videos\end_to_end_level_4\469_W027.mp4,fake,469,DF_MANIPULATED_03,train
E:\manipulated_videos_part_03\manipulated_videos\end_to_end_level_4\893_W110.mp4,fake,893,DF_MANIPULATED_03,train
E:\manipulated_videos_part_03\manipulated_videos\end_to_end_level_4\522_M101.mp4,fake,522,DF_MANIPULATED_03,train
E:\manipulated_videos_part_03\manipulated_videos\end_to_end_level_4\752_W024.mp4,fake,752,DF_MANIPULATED_03,train
E:\manipulated_videos_part_03\manipulated_videos\end_to_end_level_4\284_W116.mp4,fake,284,DF_MANIPULATED_03,train
E:\manipulated_videos_part_03\manipulated_videos\end_to_end_level_4\372_W013.mp4,fake,372,DF_MANIPULATED_03,test
E:\manipulated_videos_part_03\manipulated_videos\end_to_end_level_4\686_W015.mp4,fake,686,DF_MANIPULATED_03,train
E:\manipulated_videos_part_03\manipulated_videos\end_to_end_level_4\835_W036.mp4,fake,835,DF_MANIPULATED_03,train
E:\manipulated_videos_part_03\manipulated_videos\end_to_end_level_4\990_W012.mp4,fake,990,DF_MANIPULATED_03,test
E:\manipulated_videos_part_03\manipulated_videos\end_to_end_level_4\852_M022.mp4,fake,852,DF_MANIPULATED_03,val
E:\manipulated_videos_part_03\manipulated_videos\end_to_end_level_4\383_M027.mp4,fake,383,DF_MANIPULATED_03,train
E:\manipulated_videos_part_03\manipulated_videos\end_to_end_level_4\770_M012.mp4,fake,770,DF_MANIPULATED_03,test
E:\manipulated_videos_part_04\manipulated_videos\end_to_end_level_5\978_W010.mp4,fake,978,DF_MANIPULATED_04,train
E:\manipulated_videos_part_04\manipulated_videos\end_to_end_level_5\571_M115.mp4,fake,571,DF_MANIPULATED_04,train
E:\manipulated_videos_part_04\manipulated_videos\end_to_end_level_5\014_M131.mp4,fake,014,DF_MANIPULATED_04,val
E:\manipulated_videos_part_04\manipulated_videos\end_to_end_level_5\636_W007.mp4,fake,636,DF_MANIPULATED_04,train
E:\manipulated_videos_part_04\manipulated_videos\end_to_end_level_5\360_W012.mp4,fake,360,DF_MANIPULATED_04,train
E:\manipulated_videos_part_04\manipulated_videos\end_to_end_level_5\853_W136.mp4,fake,853,DF_MANIPULATED_04,train
E:\manipulated_videos_part_04\manipulated_videos\end_to_end_level_5\483_W133.mp4,fake,483,DF_MANIPULATED_04,train
E:\manipulated_videos_part_04\manipulated_videos\end_to_end_level_4\154_W026.mp4,fake,154,DF_MANIPULATED_04,train
E:\manipulated_videos_part_04\manipulated_videos\end_to_end_level_4\697_M005.mp4,fake,697,DF_MANIPULATED_04,test
E:\manipulated_videos_part_04\manipulated_videos\end_to_end_level_5\556_W040.mp4,fake,556,DF_MANIPULATED_04,train
E:\manipulated_videos_part_04\manipulated_videos\end_to_end_level_5\678_W014.mp4,fake,678,DF_MANIPULATED_04,train
E:\manipulated_videos_part_04\manipulated_videos\end_to_end_level_5\283_M134.mp4,fake,283,DF_MANIPULATED_04,train
E:\manipulated_videos_part_04\manipulated_videos\end_to_end_level_5\894_M027.mp4,fake,894,DF_MANIPULATED_04,train
E:\manipulated_videos_part_04\manipulated_videos\end_to_end_level_5\393_M028.mp4,fake,393,DF_MANIPULATED_04,val
E:\manipulated_videos_part_04\manipulated_videos\end_to_end_level_5\600_M118.mp4,fake,600,DF_MANIPULATED_04,train
E:\manipulated_videos_part_04\manipulated_videos\end_to_end_level_4\298_M018.mp4,fake,298,DF_MANIPULATED_04,train
E:\manipulated_videos_part_04\manipulated_videos\end_to_end_level_4\271_W111.mp4,fake,271,DF_MANIPULATED_04,test
E:\manipulated_videos_part_04\manipulated_videos\end_to_end_level_5\773_W028.mp4,fake,773,DF_MANIPULATED_04,train
E:\manipulated_videos_part_04\manipulated_videos\end_to_end_level_4\618_W101.mp4,fake,618,DF_MANIPULATED_04,train
E:\manipulated_videos_part_04\manipulated_videos\end_to_end_level_5\508_W135.mp4,fake,508,DF_MANIPULATED_04,test
E:\manipulated_videos_part_04\manipulated_videos\end_to_end_level_5\175_M133.mp4,fake,175,DF_MANIPULATED_04,test
E:\manipulated_videos_part_04\manipulated_videos\end_to_end_level_5\291_M018.mp4,fake,291,DF_MANIPULATED_04,train
E:\manipulated_videos_part_04\manipulated_videos\end_to_end_level_5\423_W021.mp4,fake,423,DF_MANIPULATED_04,train
E:\manipulated_videos_part_04\manipulated_videos\end_to_end_level_5\065_W005.mp4,fake,065,DF_MANIPULATED_04,train
E:\manipulated_videos_part_04\manipulated_videos\end_to_end_level_5\658_M124.mp4,fake,658,DF_MANIPULATED_04,test
E:\manipulated_videos_part_04\manipulated_videos\end_to_end_level_5\495_M039.mp4,fake,495,DF_MANIPULATED_04,val
E:\manipulated_videos_part_04\manipulated_videos\end_to_end_level_5\985_W131.mp4,fake,985,DF_MANIPULATED_04,test
E:\manipulated_videos_part_04\manipulated_videos\end_to_end_level_5\326_M021.mp4,fake,326,DF_MANIPULATED_04,train
E:\manipulated_videos_part_04\manipulated_videos\end_to_end_level_5\764_W026.mp4,fake,764,DF_MANIPULATED_04,train
E:\manipulated_videos_part_04\manipulated_videos\end_to_end_level_5\129_M124.mp4,fake,129,DF_MANIPULATED_04,train
E:\manipulated_videos_part_04\manipulated_videos\end_to_end_level_5\220_W036.mp4,fake,220,DF_MANIPULATED_04,train
E:\manipulated_videos_part_04\manipulated_videos\end_to_end_level_5\064_M118.mp4,fake,064,DF_MANIPULATED_04,train
E:\manipulated_videos_part_04\manipulated_videos\end_to_end_level_5\116_W132.mp4,fake,116,DF_MANIPULATED_04,train
E:\manipulated_videos_part_04\manipulated_videos\end_to_end_level_5\471_W027.mp4,fake,471,DF_MANIPULATED_04,test
E:\manipulated_videos_part_04\manipulated_videos\end_to_end_level_5\179_M007.mp4,fake,179,DF_MANIPULATED_04,val
E:\manipulated_videos_part_04\manipulated_videos\end_to_end_level_5\101_W018.mp4,fake,101,DF_MANIPULATED_04,val
E:\manipulated_videos_part_04\manipulated_videos\end_to_end_level_4\353_M024.mp4,fake,353,DF_MANIPULATED_04,val
E:\manipulated_videos_part_04\manipulated_videos\end_to_end_level_5\596_W116.mp4,fake,596,DF_MANIPULATED_04,train
E:\manipulated_videos_part_04\manipulated_videos\end_to_end_level_5\544_W039.mp4,fake,544,DF_MANIPULATED_04,test
E:\manipulated_videos_part_04\manipulated_videos\end_to_end_level_5\847_M021.mp4,fake,847,DF_MANIPULATED_04,val
E:\manipulated_videos_part_04\manipulated_videos\end_to_end_level_4\034_W009.mp4,fake,034,DF_MANIPULATED_04,train
E:\manipulated_videos_part_04\manipulated_videos\end_to_end_level_5\768_M012.mp4,fake,768,DF_MANIPULATED_04,train
E:\manipulated_videos_part_04\manipulated_videos\end_to_end_level_5\568_M114.mp4,fake,568,DF_MANIPULATED_04,train
E:\manipulated_videos_part_04\manipulated_videos\end_to_end_level_5\212_M010.mp4,fake,212,DF_MANIPULATED_04,train
E:\manipulated_videos_part_04\manipulated_videos\end_to_end_level_5\746_M011.mp4,fake,746,DF_MANIPULATED_04,train
E:\manipulated_videos_part_04\manipulated_videos\end_to_end_level_5\971_M138.mp4,fake,971,DF_MANIPULATED_04,train
E:\manipulated_videos_part_04\manipulated_videos\end_to_end_level_5\770_M012.mp4,fake,770,DF_MANIPULATED_04,test
E:\manipulated_videos_part_04\manipulated_videos\end_to_end_level_5\075_W014.mp4,fake,075,DF_MANIPULATED_04,train
E:\manipulated_videos_part_04\manipulated_videos\end_to_end_level_5\777_M013.mp4,fake,777,DF_MANIPULATED_04,train
E:\manipulated_videos_part_04\manipulated_videos\end_to_end_level_5\507_W134.mp4,fake,507,DF_MANIPULATED_04,train
E:\manipulated_videos_part_04\manipulated_videos\end_to_end_level_5\445_M034.mp4,fake,445,DF_MANIPULATED_04,train
E:\manipulated_videos_part_04\manipulated_videos\end_to_end_level_5\235_M012.mp4,fake,235,DF_MANIPULATED_04,train
E:\manipulated_videos_part_04\manipulated_videos\end_to_end_level_5\330_W008.mp4,fake,330,DF_MANIPULATED_04,train
E:\manipulated_videos_part_04\manipulated_videos\end_to_end_level_5\582_M117.mp4,fake,582,DF_MANIPULATED_04,train
E:\manipulated_videos_part_04\manipulated_videos\end_to_end_level_5\706_W017.mp4,fake,706,DF_MANIPULATED_04,train
E:\manipulated_videos_part_04\manipulated_videos\end_to_end_level_5\613_M120.mp4,fake,613,DF_MANIPULATED_04,train
E:\manipulated_videos_part_04\manipulated_videos\end_to_end_level_5\433_M136.mp4,fake,433,DF_MANIPULATED_04,test
E:\manipulated_videos_part_04\manipulated_videos\end_to_end_level_5\707_M007.mp4,fake,707,DF_MANIPULATED_04,train
E:\manipulated_videos_part_04\manipulated_videos\end_to_end_level_5\474_W028.mp4,fake,474,DF_MANIPULATED_04,train
E:\manipulated_videos_part_04\manipulated_videos\end_to_end_level_5\716_W019.mp4,fake,716,DF_MANIPULATED_04,train
E:\manipulated_videos_part_04\manipulated_videos\end_to_end_level_5\392_W016.mp4,fake,392,DF_MANIPULATED_04,test
E:\manipulated_videos_part_04\manipulated_videos\end_to_end_level_5\595_W116.mp4,fake,595,DF_MANIPULATED_04,train
E:\manipulated_videos_part_04\manipulated_videos\end_to_end_level_5\342_M022.mp4,fake,342,DF_MANIPULATED_04,train
E:\manipulated_videos_part_04\manipulated_videos\end_to_end_level_5\118_W132.mp4,fake,118,DF_MANIPULATED_04,val
E:\manipulated_videos_part_04\manipulated_videos\end_to_end_level_5\646_W009.mp4,fake,646,DF_MANIPULATED_04,train
E:\manipulated_videos_part_04\manipulated_videos\end_to_end_level_4\391_W016.mp4,fake,391,DF_MANIPULATED_04,train
E:\manipulated_videos_part_04\manipulated_videos\end_to_end_level_5\641_W008.mp4,fake,641,DF_MANIPULATED_04,val
E:\manipulated_videos_part_04\manipulated_videos\end_to_end_level_5\153_M004.mp4,fake,153,DF_MANIPULATED_04,train
E:\manipulated_videos_part_04\manipulated_videos\end_to_end_level_4\822_W135.mp4,fake,822,DF_MANIPULATED_04,test
E:\manipulated_videos_part_04\manipulated_videos\end_to_end_level_4\324_M021.mp4,fake,324,DF_MANIPULATED_04,train
E:\manipulated_videos_part_04\manipulated_videos\end_to_end_level_5\523_M101.mp4,fake,523,DF_MANIPULATED_04,train
E:\manipulated_videos_part_04\manipulated_videos\end_to_end_level_5\633_W007.mp4,fake,633,DF_MANIPULATED_04,train
E:\manipulated_videos_part_04\manipulated_videos\end_to_end_level_5\084_W015.mp4,fake,084,DF_MANIPULATED_04,test
E:\manipulated_videos_part_04\manipulated_videos\end_to_end_level_5\317_W006.mp4,fake,317,DF_MANIPULATED_04,train
E:\manipulated_videos_part_04\manipulated_videos\end_to_end_level_5\964_W007.mp4,fake,964,DF_MANIPULATED_04,train
E:\manipulated_videos_part_04\manipulated_videos\end_to_end_level_5\415_M030.mp4,fake,415,DF_MANIPULATED_04,train
E:\manipulated_videos_part_04\manipulated_videos\end_to_end_level_4\514_M106.mp4,fake,514,DF_MANIPULATED_04,test
E:\manipulated_videos_part_04\manipulated_videos\end_to_end_level_5\823_M018.mp4,fake,823,DF_MANIPULATED_04,val
E:\manipulated_videos_part_04\manipulated_videos\end_to_end_level_5\543_M141.mp4,fake,543,DF_MANIPULATED_04,train
E:\manipulated_videos_part_04\manipulated_videos\end_to_end_level_5\464_M139.mp4,fake,464,DF_MANIPULATED_04,train
E:\manipulated_videos_part_04\manipulated_videos\end_to_end_level_5\174_W029.mp4,fake,174,DF_MANIPULATED_04,train
E:\manipulated_videos_part_04\manipulated_videos\end_to_end_level_5\997_W005.mp4,fake,997,DF_MANIPULATED_04,val
E:\manipulated_videos_part_04\manipulated_videos\end_to_end_level_5\165_W028.mp4,fake,165,DF_MANIPULATED_04,train
E:\manipulated_videos_part_04\manipulated_videos\end_to_end_level_5\711_M007.mp4,fake,711,DF_MANIPULATED_04,train
E:\manipulated_videos_part_04\manipulated_videos\end_to_end_level_5\553_W040.mp4,fake,553,DF_MANIPULATED_04,val
E:\manipulated_videos_part_04\manipulated_videos\end_to_end_level_5\068_W013.mp4,fake,068,DF_MANIPULATED_04,train
E:\manipulated_videos_part_04\manipulated_videos\end_to_end_level_5\943_M137.mp4,fake,943,DF_MANIPULATED_04,train
E:\manipulated_videos_part_04\manipulated_videos\end_to_end_level_5\744_M010.mp4,fake,744,DF_MANIPULATED_04,train
E:\manipulated_videos_part_04\manipulated_videos\end_to_end_level_5\930_W116.mp4,fake,930,DF_MANIPULATED_04,train
E:\manipulated_videos_part_04\manipulated_videos\end_to_end_level_5\715_M007.mp4,fake,715,DF_MANIPULATED_04,train
E:\manipulated_videos_part_04\manipulated_videos\end_to_end_level_5\895_M028.mp4,fake,895,DF_MANIPULATED_04,train
E:\manipulated_videos_part_04\manipulated_videos\end_to_end_level_5\127_M124.mp4,fake,127,DF_MANIPULATED_04,train
E:\manipulated_videos_part_04\manipulated_videos\end_to_end_level_5\311_M135.mp4,fake,311,DF_MANIPULATED_04,train
E:\manipulated_videos_part_04\manipulated_videos\end_to_end_level_5\513_M104.mp4,fake,513,DF_MANIPULATED_04,train
E:\manipulated_videos_part_04\manipulated_videos\end_to_end_level_5\325_M021.mp4,fake,325,DF_MANIPULATED_04,train
E:\manipulated_videos_part_04\manipulated_videos\end_to_end_level_5\585_W111.mp4,fake,585,DF_MANIPULATED_04,train
E:\manipulated_videos_part_04\manipulated_videos\end_to_end_level_5\097_M121.mp4,fake,097,DF_MANIPULATED_04,train
E:\manipulated_videos_part_04\manipulated_videos\end_to_end_level_5\276_M016.mp4,fake,276,DF_MANIPULATED_04,val
E:\manipulated_videos_part_04\manipulated_videos\end_to_end_level_5\367_W005.mp4,fake,367,DF_MANIPULATED_04,train
E:\manipulated_videos_part_04\manipulated_videos\end_to_end_level_5\071_M119.mp4,fake,071,DF_MANIPULATED_04,train
E:\manipulated_videos_part_04\manipulated_videos\end_to_end_level_5\673_W013.mp4,fake,673,DF_MANIPULATED_04,train
E:\manipulated_videos_part_04\manipulated_videos\end_to_end_level_5\248_W041.mp4,fake,248,DF_MANIPULATED_04,train
E:\manipulated_videos_part_04\manipulated_videos\end_to_end_level_5\667_W005.mp4,fake,667,DF_MANIPULATED_04,train
E:\manipulated_videos_part_04\manipulated_videos\end_to_end_level_4\156_W027.mp4,fake,156,DF_MANIPULATED_04,train
E:\manipulated_videos_part_04\manipulated_videos\end_to_end_level_5\839_W037.mp4,fake,839,DF_MANIPULATED_04,train
E:\manipulated_videos_part_04\manipulated_videos\end_to_end_level_5\831_W036.mp4,fake,831,DF_MANIPULATED_04,train
E:\manipulated_videos_part_04\manipulated_videos\end_to_end_level_5\925_M136.mp4,fake,925,DF_MANIPULATED_04,val
E:\manipulated_videos_part_04\manipulated_videos\end_to_end_level_5\082_W015.mp4,fake,082,DF_MANIPULATED_04,val
E:\manipulated_videos_part_04\manipulated_videos\end_to_end_level_5\642_W008.mp4,fake,642,DF_MANIPULATED_04,train
E:\manipulated_videos_part_04\manipulated_videos\end_to_end_level_5\952_W101.mp4,fake,952,DF_MANIPULATED_04,test
E:\manipulated_videos_part_04\manipulated_videos\end_to_end_level_5\981_W010.mp4,fake,981,DF_MANIPULATED_04,train
E:\manipulated_videos_part_04\manipulated_videos\end_to_end_level_4\389_W016.mp4,fake,389,DF_MANIPULATED_04,val
E:\manipulated_videos_part_04\manipulated_videos\end_to_end_level_5\149_W026.mp4,fake,149,DF_MANIPULATED_04,train
E:\manipulated_videos_part_04\manipulated_videos\end_to_end_level_5\102_M122.mp4,fake,102,DF_MANIPULATED_04,val
E:\manipulated_videos_part_04\manipulated_videos\end_to_end_level_5\303_M105.mp4,fake,303,DF_MANIPULATED_04,train
E:\manipulated_videos_part_04\manipulated_videos\end_to_end_level_5\904_W111.mp4,fake,904,DF_MANIPULATED_04,test
E:\manipulated_videos_part_04\manipulated_videos\end_to_end_level_5\378_W014.mp4,fake,378,DF_MANIPULATED_04,test
E:\manipulated_videos_part_04\manipulated_videos\end_to_end_level_5\747_M011.mp4,fake,747,DF_MANIPULATED_04,train
E:\manipulated_videos_part_04\manipulated_videos\end_to_end_level_5\912_M031.mp4,fake,912,DF_MANIPULATED_04,val
E:\manipulated_videos_part_04\manipulated_videos\end_to_end_level_4\198_M009.mp4,fake,198,DF_MANIPULATED_04,test
E:\manipulated_videos_part_04\manipulated_videos\end_to_end_level_5\124_W022.mp4,fake,124,DF_MANIPULATED_04,test
E:\manipulated_videos_part_04\manipulated_videos\end_to_end_level_5\954_W101.mp4,fake,954,DF_MANIPULATED_04,val
E:\manipulated_videos_part_04\manipulated_videos\end_to_end_level_5\468_M139.mp4,fake,468,DF_MANIPULATED_04,train
E:\manipulated_videos_part_04\manipulated_videos\end_to_end_level_4\035_M114.mp4,fake,035,DF_MANIPULATED_04,train
E:\manipulated_videos_part_04\manipulated_videos\end_to_end_level_5\833_M019.mp4,fake,833,DF_MANIPULATED_04,train
E:\manipulated_videos_part_04\manipulated_videos\end_to_end_level_5\615_M105.mp4,fake,615,DF_MANIPULATED_04,train
E:\manipulated_videos_part_04\manipulated_videos\end_to_end_level_4\429_M136.mp4,fake,429,DF_MANIPULATED_04,train
E:\manipulated_videos_part_04\manipulated_videos\end_to_end_level_5\085_W015.mp4,fake,085,DF_MANIPULATED_04,train
E:\manipulated_videos_part_04\manipulated_videos\end_to_end_level_5\562_M114.mp4,fake,562,DF_MANIPULATED_04,train
E:\manipulated_videos_part_04\manipulated_videos\end_to_end_level_5\365_M026.mp4,fake,365,DF_MANIPULATED_04,train
E:\manipulated_videos_part_04\manipulated_videos\end_to_end_level_5\270_M015.mp4,fake,270,DF_MANIPULATED_04,val
E:\manipulated_videos_part_04\manipulated_videos\end_to_end_level_5\128_M124.mp4,fake,128,DF_MANIPULATED_04,val
E:\manipulated_videos_part_04\manipulated_videos\end_to_end_level_5\750_W023.mp4,fake,750,DF_MANIPULATED_04,train
E:\manipulated_videos_part_04\manipulated_videos\end_to_end_level_5\029_W008.mp4,fake,029,DF_MANIPULATED_04,train
E:\manipulated_videos_part_04\manipulated_videos\end_to_end_level_4\779_M013.mp4,fake,779,DF_MANIPULATED_04,train
E:\manipulated_videos_part_04\manipulated_videos\end_to_end_level_5\481_W133.mp4,fake,481,DF_MANIPULATED_04,train
E:\manipulated_videos_part_04\manipulated_videos\end_to_end_level_5\435_M137.mp4,fake,435,DF_MANIPULATED_04,train
E:\manipulated_videos_part_04\manipulated_videos\end_to_end_level_5\854_M022.mp4,fake,854,DF_MANIPULATED_04,test
E:\manipulated_videos_part_04\manipulated_videos\end_to_end_level_5\908_M030.mp4,fake,908,DF_MANIPULATED_04,train
E:\manipulated_videos_part_04\manipulated_videos\end_to_end_level_4\605_M119.mp4,fake,605,DF_MANIPULATED_04,train
E:\manipulated_videos_part_04\manipulated_videos\end_to_end_level_5\470_M139.mp4,fake,470,DF_MANIPULATED_04,val
E:\manipulated_videos_part_04\manipulated_videos\end_to_end_level_4\160_M005.mp4,fake,160,DF_MANIPULATED_04,train
E:\manipulated_videos_part_04\manipulated_videos\end_to_end_level_5\759_W025.mp4,fake,759,DF_MANIPULATED_04,train
E:\manipulated_videos_part_04\manipulated_videos\end_to_end_level_5\012_W006.mp4,fake,012,DF_MANIPULATED_04,train
E:\manipulated_videos_part_04\manipulated_videos\end_to_end_level_5\364_M025.mp4,fake,364,DF_MANIPULATED_04,train
E:\manipulated_videos_part_04\manipulated_videos\end_to_end_level_5\654_W131.mp4,fake,654,DF_MANIPULATED_04,train
E:\manipulated_videos_part_04\manipulated_videos\end_to_end_level_5\345_M023.mp4,fake,345,DF_MANIPULATED_04,train
E:\manipulated_videos_part_04\manipulated_videos\end_to_end_level_5\036_M114.mp4,fake,036,DF_MANIPULATED_04,train
E:\manipulated_videos_part_04\manipulated_videos\end_to_end_level_5\001_W101.mp4,fake,001,DF_MANIPULATED_04,train
E:\manipulated_videos_part_04\manipulated_videos\end_to_end_level_5\059_M118.mp4,fake,059,DF_MANIPULATED_04,train
E:\manipulated_videos_part_04\manipulated_videos\end_to_end_level_5\705_M132.mp4,fake,705,DF_MANIPULATED_04,train
E:\manipulated_videos_part_04\manipulated_videos\end_to_end_level_5\734_M009.mp4,fake,734,DF_MANIPULATED_04,train
E:\manipulated_videos_part_04\manipulated_videos\end_to_end_level_5\025_W007.mp4,fake,025,DF_MANIPULATED_04,test
E:\manipulated_videos_part_04\manipulated_videos\end_to_end_level_4\187_M008.mp4,fake,187,DF_MANIPULATED_04,val
E:\manipulated_videos_part_04\manipulated_videos\end_to_end_level_5\637_W008.mp4,fake,637,DF_MANIPULATED_04,train
E:\manipulated_videos_part_04\manipulated_videos\end_to_end_level_5\171_M133.mp4,fake,171,DF_MANIPULATED_04,train
E:\manipulated_videos_part_04\manipulated_videos\end_to_end_level_5\288_W125.mp4,fake,288,DF_MANIPULATED_04,train
E:\manipulated_videos_part_04\manipulated_videos\end_to_end_level_5\490_W032.mp4,fake,490,DF_MANIPULATED_04,test
E:\manipulated_videos_part_04\manipulated_videos\end_to_end_level_5\494_M039.mp4,fake,494,DF_MANIPULATED_04,train
E:\manipulated_videos_part_04\manipulated_videos\end_to_end_level_5\268_M015.mp4,fake,268,DF_MANIPULATED_04,train
E:\manipulated_videos_part_04\manipulated_videos\end_to_end_level_5\357_M024.mp4,fake,357,DF_MANIPULATED_04,train
E:\manipulated_videos_part_04\manipulated_videos\end_to_end_level_5\765_W027.mp4,fake,765,DF_MANIPULATED_04,train
E:\manipulated_videos_part_04\manipulated_videos\end_to_end_level_5\804_W032.mp4,fake,804,DF_MANIPULATED_04,train
E:\manipulated_videos_part_04\manipulated_videos\end_to_end_level_5\967_W008.mp4,fake,967,DF_MANIPULATED_04,train
E:\manipulated_videos_part_04\manipulated_videos\end_to_end_level_5\932_M136.mp4,fake,932,DF_MANIPULATED_04,train
E:\manipulated_videos_part_04\manipulated_videos\end_to_end_level_5\112_W019.mp4,fake,112,DF_MANIPULATED_04,train
E:\manipulated_videos_part_04\manipulated_videos\end_to_end_level_5\310_M019.mp4,fake,310,DF_MANIPULATED_04,train
E:\manipulated_videos_part_04\manipulated_videos\end_to_end_level_5\887_W042.mp4,fake,887,DF_MANIPULATED_04,train
E:\manipulated_videos_part_04\manipulated_videos\end_to_end_level_5\301_M105.mp4,fake,301,DF_MANIPULATED_04,train
E:\manipulated_videos_part_04\manipulated_videos\end_to_end_level_5\905_W111.mp4,fake,905,DF_MANIPULATED_04,train
E:\manipulated_videos_part_05\manipulated_videos\end_to_end_level_5\399_W017.mp4,fake,399,DF_MANIPULATED_05,train
E:\manipulated_videos_part_05\manipulated_videos\end_to_end_level_5\488_W031.mp4,fake,488,DF_MANIPULATED_05,train
E:\manipulated_videos_part_05\manipulated_videos\end_to_end_level_5\532_W036.mp4,fake,532,DF_MANIPULATED_05,train
E:\manipulated_videos_part_05\manipulated_videos\end_to_end_mix_2_distortions\075_W014.mp4,fake,075,DF_MANIPULATED_05,train
E:\manipulated_videos_part_05\manipulated_videos\end_to_end_level_5\621_W101.mp4,fake,621,DF_MANIPULATED_05,train
E:\manipulated_videos_part_05\manipulated_videos\end_to_end_level_5\748_W023.mp4,fake,748,DF_MANIPULATED_05,train
E:\manipulated_videos_part_05\manipulated_videos\end_to_end_level_5\772_W028.mp4,fake,772,DF_MANIPULATED_05,train
E:\manipulated_videos_part_05\manipulated_videos\end_to_end_level_5\236_M012.mp4,fake,236,DF_MANIPULATED_05,train
E:\manipulated_videos_part_05\manipulated_videos\end_to_end_level_5\638_M122.mp4,fake,638,DF_MANIPULATED_05,train
E:\manipulated_videos_part_05\manipulated_videos\end_to_end_level_5\376_W014.mp4,fake,376,DF_MANIPULATED_05,train
E:\manipulated_videos_part_05\manipulated_videos\end_to_end_level_5\274_W112.mp4,fake,274,DF_MANIPULATED_05,train
E:\manipulated_videos_part_05\manipulated_videos\end_to_end_level_5\502_M140.mp4,fake,502,DF_MANIPULATED_05,train
E:\manipulated_videos_part_05\manipulated_videos\end_to_end_level_5\449_M138.mp4,fake,449,DF_MANIPULATED_05,train
E:\manipulated_videos_part_05\manipulated_videos\end_to_end_mix_2_distortions\193_W032.mp4,fake,193,DF_MANIPULATED_05,train
E:\manipulated_videos_part_05\manipulated_videos\end_to_end_level_5\999_W005.mp4,fake,999,DF_MANIPULATED_05,train
E:\manipulated_videos_part_05\manipulated_videos\end_to_end_level_5\123_W021.mp4,fake,123,DF_MANIPULATED_05,train
E:\manipulated_videos_part_05\manipulated_videos\end_to_end_mix_2_distortions\768_M012.mp4,fake,768,DF_MANIPULATED_05,train
E:\manipulated_videos_part_05\manipulated_videos\end_to_end_level_5\373_M026.mp4,fake,373,DF_MANIPULATED_05,train
E:\manipulated_videos_part_05\manipulated_videos\end_to_end_level_5\531_W036.mp4,fake,531,DF_MANIPULATED_05,test
E:\manipulated_videos_part_05\manipulated_videos\end_to_end_level_5\577_W110.mp4,fake,577,DF_MANIPULATED_05,train
E:\manipulated_videos_part_05\manipulated_videos\end_to_end_mix_2_distortions\892_W110.mp4,fake,892,DF_MANIPULATED_05,val
E:\manipulated_videos_part_05\manipulated_videos\end_to_end_mix_2_distortions\983_W131.mp4,fake,983,DF_MANIPULATED_05,train
E:\manipulated_videos_part_05\manipulated_videos\end_to_end_level_5\019_W007.mp4,fake,019,DF_MANIPULATED_05,train
E:\manipulated_videos_part_05\manipulated_videos\end_to_end_mix_2_distortions\758_W025.mp4,fake,758,DF_MANIPULATED_05,val
E:\manipulated_videos_part_05\manipulated_videos\end_to_end_level_5\792_M015.mp4,fake,792,DF_MANIPULATED_05,train
E:\manipulated_videos_part_05\manipulated_videos\end_to_end_level_5\860_W136.mp4,fake,860,DF_MANIPULATED_05,train
E:\manipulated_videos_part_05\manipulated_videos\end_to_end_level_5\383_M027.mp4,fake,383,DF_MANIPULATED_05,train
E:\manipulated_videos_part_05\manipulated_videos\end_to_end_level_5\096_W017.mp4,fake,096,DF_MANIPULATED_05,test
E:\manipulated_videos_part_05\manipulated_videos\end_to_end_level_5\534_W037.mp4,fake,534,DF_MANIPULATED_05,train
E:\manipulated_videos_part_05\manipulated_videos\end_to_end_mix_2_distortions\789_W133.mp4,fake,789,DF_MANIPULATED_05,train
E:\manipulated_videos_part_05\manipulated_videos\end_to_end_level_5\960_W006.mp4,fake,960,DF_MANIPULATED_05,val
E:\manipulated_videos_part_05\manipulated_videos\end_to_end_mix_2_distortions\288_W125.mp4,fake,288,DF_MANIPULATED_05,train
E:\manipulated_videos_part_05\manipulated_videos\end_to_end_level_5\313_M135.mp4,fake,313,DF_MANIPULATED_05,val
E:\manipulated_videos_part_05\manipulated_videos\end_to_end_mix_2_distortions\712_W018.mp4,fake,712,DF_MANIPULATED_05,train
E:\manipulated_videos_part_05\manipulated_videos\end_to_end_level_5\323_W007.mp4,fake,323,DF_MANIPULATED_05,train
E:\manipulated_videos_part_05\manipulated_videos\end_to_end_level_5\358_M025.mp4,fake,358,DF_MANIPULATED_05,train
E:\manipulated_videos_part_05\manipulated_videos\end_to_end_mix_2_distortions\257_W042.mp4,fake,257,DF_MANIPULATED_05,train
E:\manipulated_videos_part_05\manipulated_videos\end_to_end_level_5\639_M122.mp4,fake,639,DF_MANIPULATED_05,train
E:\manipulated_videos_part_05\manipulated_videos\end_to_end_level_5\186_W031.mp4,fake,186,DF_MANIPULATED_05,train
E:\manipulated_videos_part_05\manipulated_videos\end_to_end_mix_2_distortions\571_M115.mp4,fake,571,DF_MANIPULATED_05,train
E:\manipulated_videos_part_05\manipulated_videos\end_to_end_level_5\115_M123.mp4,fake,115,DF_MANIPULATED_05,val
E:\manipulated_videos_part_05\manipulated_videos\end_to_end_level_5\262_W110.mp4,fake,262,DF_MANIPULATED_05,train
E:\manipulated_videos_part_05\manipulated_videos\end_to_end_level_5\535_W037.mp4,fake,535,DF_MANIPULATED_05,train
E:\manipulated_videos_part_05\manipulated_videos\end_to_end_level_5\551_M109.mp4,fake,551,DF_MANIPULATED_05,train
E:\manipulated_videos_part_05\manipulated_videos\end_to_end_level_5\927_M136.mp4,fake,927,DF_MANIPULATED_05,train
E:\manipulated_videos_part_05\manipulated_videos\end_to_end_level_5\224_M011.mp4,fake,224,DF_MANIPULATED_05,test
E:\manipulated_videos_part_05\manipulated_videos\end_to_end_mix_2_distortions\781_W029.mp4,fake,781,DF_MANIPULATED_05,train
E:\manipulated_videos_part_05\manipulated_videos\end_to_end_mix_2_distortions\092_M120.mp4,fake,092,DF_MANIPULATED_05,train
E:\manipulated_videos_part_05\manipulated_videos\end_to_end_level_5\867_W040.mp4,fake,867,DF_MANIPULATED_05,train
E:\manipulated_videos_part_05\manipulated_videos\end_to_end_level_5\598_W116.mp4,fake,598,DF_MANIPULATED_05,val
E:\manipulated_videos_part_05\manipulated_videos\end_to_end_level_5\439_W023.mp4,fake,439,DF_MANIPULATED_05,test
E:\manipulated_videos_part_05\manipulated_videos\end_to_end_mix_2_distortions\952_W101.mp4,fake,952,DF_MANIPULATED_05,test
E:\manipulated_videos_part_05\manipulated_videos\end_to_end_mix_2_distortions\543_M141.mp4,fake,543,DF_MANIPULATED_05,train
E:\manipulated_videos_part_05\manipulated_videos\end_to_end_level_5\623_W101.mp4,fake,623,DF_MANIPULATED_05,test
E:\manipulated_videos_part_05\manipulated_videos\end_to_end_level_5\928_M136.mp4,fake,928,DF_MANIPULATED_05,train
E:\manipulated_videos_part_05\manipulated_videos\end_to_end_level_5\749_W023.mp4,fake,749,DF_MANIPULATED_05,train
E:\manipulated_videos_part_05\manipulated_videos\end_to_end_level_5\845_M021.mp4,fake,845,DF_MANIPULATED_05,train
E:\manipulated_videos_part_05\manipulated_videos\end_to_end_level_5\877_M026.mp4,fake,877,DF_MANIPULATED_05,train
E:\manipulated_videos_part_05\manipulated_videos\end_to_end_level_5\846_M021.mp4,fake,846,DF_MANIPULATED_05,train
E:\manipulated_videos_part_05\manipulated_videos\end_to_end_level_5\095_W017.mp4,fake,095,DF_MANIPULATED_05,train
E:\manipulated_videos_part_05\manipulated_videos\end_to_end_level_5\396_W017.mp4,fake,396,DF_MANIPULATED_05,train
E:\manipulated_videos_part_05\manipulated_videos\end_to_end_level_5\704_W017.mp4,fake,704,DF_MANIPULATED_05,train
E:\manipulated_videos_part_05\manipulated_videos\end_to_end_level_5\146_W025.mp4,fake,146,DF_MANIPULATED_05,train
E:\manipulated_videos_part_05\manipulated_videos\end_to_end_mix_2_distortions\702_M132.mp4,fake,702,DF_MANIPULATED_05,train
E:\manipulated_videos_part_05\manipulated_videos\end_to_end_level_5\614_M105.mp4,fake,614,DF_MANIPULATED_05,train
E:\manipulated_videos_part_05\manipulated_videos\end_to_end_mix_2_distortions\330_W008.mp4,fake,330,DF_MANIPULATED_05,train
E:\manipulated_videos_part_05\manipulated_videos\end_to_end_mix_2_distortions\254_W042.mp4,fake,254,DF_MANIPULATED_05,train
E:\manipulated_videos_part_05\manipulated_videos\end_to_end_level_5\557_M113.mp4,fake,557,DF_MANIPULATED_05,val
E:\manipulated_videos_part_05\manipulated_videos\end_to_end_mix_2_distortions\443_M137.mp4,fake,443,DF_MANIPULATED_05,test
E:\manipulated_videos_part_05\manipulated_videos\end_to_end_level_5\366_W005.mp4,fake,366,DF_MANIPULATED_05,train
E:\manipulated_videos_part_05\manipulated_videos\end_to_end_level_5\070_W013.mp4,fake,070,DF_MANIPULATED_05,train
E:\manipulated_videos_part_05\manipulated_videos\end_to_end_level_5\160_M005.mp4,fake,160,DF_MANIPULATED_05,train
E:\manipulated_videos_part_05\manipulated_videos\end_to_end_mix_2_distortions\171_M133.mp4,fake,171,DF_MANIPULATED_05,train
E:\manipulated_videos_part_05\manipulated_videos\end_to_end_level_5\334_W009.mp4,fake,334,DF_MANIPULATED_05,train
E:\manipulated_videos_part_05\manipulated_videos\end_to_end_mix_2_distortions\774_M013.mp4,fake,774,DF_MANIPULATED_05,train
E:\manipulated_videos_part_05\manipulated_videos\end_to_end_mix_2_distortions\629_W006.mp4,fake,629,DF_MANIPULATED_05,train
E:\manipulated_videos_part_05\manipulated_videos\end_to_end_mix_2_distortions\625_W006.mp4,fake,625,DF_MANIPULATED_05,train
E:\manipulated_videos_part_05\manipulated_videos\end_to_end_mix_2_distortions\816_W135.mp4,fake,816,DF_MANIPULATED_05,train
E:\manipulated_videos_part_05\manipulated_videos\end_to_end_mix_2_distortions\591_M118.mp4,fake,591,DF_MANIPULATED_05,train
E:\manipulated_videos_part_05\manipulated_videos\end_to_end_mix_2_distortions\784_W029.mp4,fake,784,DF_MANIPULATED_05,train
E:\manipulated_videos_part_05\manipulated_videos\end_to_end_level_5\701_M132.mp4,fake,701,DF_MANIPULATED_05,train
E:\manipulated_videos_part_05\manipulated_videos\end_to_end_level_5\319_M135.mp4,fake,319,DF_MANIPULATED_05,train
E:\manipulated_videos_part_05\manipulated_videos\end_to_end_mix_2_distortions\908_M030.mp4,fake,908,DF_MANIPULATED_05,train
E:\manipulated_videos_part_05\manipulated_videos\end_to_end_level_5\187_M008.mp4,fake,187,DF_MANIPULATED_05,val
E:\manipulated_videos_part_05\manipulated_videos\end_to_end_mix_2_distortions\715_M007.mp4,fake,715,DF_MANIPULATED_05,train
E:\manipulated_videos_part_05\manipulated_videos\end_to_end_mix_2_distortions\925_M136.mp4,fake,925,DF_MANIPULATED_05,val
E:\manipulated_videos_part_05\manipulated_videos\end_to_end_mix_2_distortions\377_M026.mp4,fake,377,DF_MANIPULATED_05,val
E:\manipulated_videos_part_05\manipulated_videos\end_to_end_level_5\061_M118.mp4,fake,061,DF_MANIPULATED_05,train
E:\manipulated_videos_part_05\manipulated_videos\end_to_end_mix_2_distortions\725_W021.mp4,fake,725,DF_MANIPULATED_05,train
E:\manipulated_videos_part_05\manipulated_videos\end_to_end_level_5\322_W007.mp4,fake,322,DF_MANIPULATED_05,train
E:\manipulated_videos_part_05\manipulated_videos\end_to_end_level_5\931_W125.mp4,fake,931,DF_MANIPULATED_05,train
E:\manipulated_videos_part_05\manipulated_videos\end_to_end_level_5\286_M134.mp4,fake,286,DF_MANIPULATED_05,train
E:\manipulated_videos_part_05\manipulated_videos\end_to_end_mix_2_distortions\854_M022.mp4,fake,854,DF_MANIPULATED_05,test
E:\manipulated_videos_part_05\manipulated_videos\end_to_end_mix_2_distortions\856_M023.mp4,fake,856,DF_MANIPULATED_05,train
E:\manipulated_videos_part_05\manipulated_videos\end_to_end_level_5\265_W111.mp4,fake,265,DF_MANIPULATED_05,test
E:\manipulated_videos_part_05\manipulated_videos\end_to_end_mix_2_distortions\234_M012.mp4,fake,234,DF_MANIPULATED_05,train
E:\manipulated_videos_part_05\manipulated_videos\end_to_end_level_5\984_W131.mp4,fake,984,DF_MANIPULATED_05,train
E:\manipulated_videos_part_05\manipulated_videos\end_to_end_mix_2_distortions\021_W007.mp4,fake,021,DF_MANIPULATED_05,train
E:\manipulated_videos_part_05\manipulated_videos\end_to_end_mix_2_distortions\851_M022.mp4,fake,851,DF_MANIPULATED_05,train
E:\manipulated_videos_part_05\manipulated_videos\end_to_end_level_5\000_M101.mp4,fake,000,DF_MANIPULATED_05,test
E:\manipulated_videos_part_05\manipulated_videos\end_to_end_level_5\011_M131.mp4,fake,011,DF_MANIPULATED_05,train
E:\manipulated_videos_part_05\manipulated_videos\end_to_end_level_5\875_M025.mp4,fake,875,DF_MANIPULATED_05,train
E:\manipulated_videos_part_05\manipulated_videos\end_to_end_level_5\188_W031.mp4,fake,188,DF_MANIPULATED_05,train
E:\manipulated_videos_part_05\manipulated_videos\end_to_end_level_5\094_M121.mp4,fake,094,DF_MANIPULATED_05,train
E:\manipulated_videos_part_05\manipulated_videos\end_to_end_level_5\580_W110.mp4,fake,580,DF_MANIPULATED_05,train
E:\manipulated_videos_part_05\manipulated_videos\end_to_end_mix_2_distortions\848_M021.mp4,fake,848,DF_MANIPULATED_05,test
E:\manipulated_videos_part_05\manipulated_videos\end_to_end_mix_2_distortions\244_W040.mp4,fake,244,DF_MANIPULATED_05,train
E:\manipulated_videos_part_05\manipulated_videos\end_to_end_level_5\119_W132.mp4,fake,119,DF_MANIPULATED_05,val
E:\manipulated_videos_part_05\manipulated_videos\end_to_end_mix_2_distortions\586_W111.mp4,fake,586,DF_MANIPULATED_05,train
E:\manipulated_videos_part_05\manipulated_videos\end_to_end_level_5\264_W111.mp4,fake,264,DF_MANIPULATED_05,train
E:\manipulated_videos_part_05\manipulated_videos\end_to_end_level_5\779_M013.mp4,fake,779,DF_MANIPULATED_05,train
E:\manipulated_videos_part_05\manipulated_videos\end_to_end_mix_2_distortions\836_W037.mp4,fake,836,DF_MANIPULATED_05,train
E:\manipulated_videos_part_05\manipulated_videos\end_to_end_mix_2_distortions\470_M139.mp4,fake,470,DF_MANIPULATED_05,val
E:\manipulated_videos_part_05\manipulated_videos\end_to_end_mix_2_distortions\279_M134.mp4,fake,279,DF_MANIPULATED_05,test
E:\manipulated_videos_part_05\manipulated_videos\end_to_end_level_5\381_W015.mp4,fake,381,DF_MANIPULATED_05,test
E:\manipulated_videos_part_05\manipulated_videos\end_to_end_mix_2_distortions\350_W131.mp4,fake,350,DF_MANIPULATED_05,train
E:\manipulated_videos_part_05\manipulated_videos\end_to_end_mix_2_distortions\326_M021.mp4,fake,326,DF_MANIPULATED_05,train
E:\manipulated_videos_part_05\manipulated_videos\end_to_end_level_5\604_W125.mp4,fake,604,DF_MANIPULATED_05,val
E:\manipulated_videos_part_05\manipulated_videos\end_to_end_mix_2_distortions\147_M132.mp4,fake,147,DF_MANIPULATED_05,train
E:\manipulated_videos_part_05\manipulated_videos\end_to_end_mix_2_distortions\578_W110.mp4,fake,578,DF_MANIPULATED_05,train
E:\manipulated_videos_part_05\manipulated_videos\end_to_end_mix_2_distortions\005_W101.mp4,fake,005,DF_MANIPULATED_05,train
E:\manipulated_videos_part_05\manipulated_videos\end_to_end_level_5\087_M120.mp4,fake,087,DF_MANIPULATED_05,train
E:\manipulated_videos_part_05\manipulated_videos\end_to_end_level_5\421_W132.mp4,fake,421,DF_MANIPULATED_05,train
E:\manipulated_videos_part_05\manipulated_videos\end_to_end_mix_2_distortions\888_M027.mp4,fake,888,DF_MANIPULATED_05,val
E:\manipulated_videos_part_05\manipulated_videos\end_to_end_level_5\287_W125.mp4,fake,287,DF_MANIPULATED_05,train
E:\manipulated_videos_part_05\manipulated_videos\end_to_end_mix_2_distortions\424_M031.mp4,fake,424,DF_MANIPULATED_05,train
E:\manipulated_videos_part_05\manipulated_videos\end_to_end_level_5\828_W035.mp4,fake,828,DF_MANIPULATED_05,val
E:\manipulated_videos_part_05\manipulated_videos\end_to_end_level_5\198_M009.mp4,fake,198,DF_MANIPULATED_05,test
E:\manipulated_videos_part_05\manipulated_videos\end_to_end_level_5\229_W136.mp4,fake,229,DF_MANIPULATED_05,val
E:\manipulated_videos_part_05\manipulated_videos\end_to_end_mix_2_distortions\711_M007.mp4,fake,711,DF_MANIPULATED_05,train
E:\manipulated_videos_part_05\manipulated_videos\end_to_end_mix_2_distortions\394_M028.mp4,fake,394,DF_MANIPULATED_05,test
E:\manipulated_videos_part_05\manipulated_videos\end_to_end_mix_2_distortions\122_W021.mp4,fake,122,DF_MANIPULATED_05,test
E:\manipulated_videos_part_05\manipulated_videos\end_to_end_mix_2_distortions\669_M124.mp4,fake,669,DF_MANIPULATED_05,train
E:\manipulated_videos_part_05\manipulated_videos\end_to_end_mix_2_distortions\168_W029.mp4,fake,168,DF_MANIPULATED_05,train
E:\manipulated_videos_part_05\manipulated_videos\end_to_end_mix_2_distortions\214_W035.mp4,fake,214,DF_MANIPULATED_05,train
E:\manipulated_videos_part_05\manipulated_videos\end_to_end_level_5\285_W116.mp4,fake,285,DF_MANIPULATED_05,train
E:\manipulated_videos_part_05\manipulated_videos\end_to_end_level_5\948_M105.mp4,fake,948,DF_MANIPULATED_05,train
E:\manipulated_videos_part_05\manipulated_videos\end_to_end_level_5\033_M114.mp4,fake,033,DF_MANIPULATED_05,train
E:\manipulated_videos_part_05\manipulated_videos\end_to_end_level_5\491_M038.mp4,fake,491,DF_MANIPULATED_05,train
E:\manipulated_videos_part_05\manipulated_videos\end_to_end_level_5\975_W009.mp4,fake,975,DF_MANIPULATED_05,train
E:\manipulated_videos_part_05\manipulated_videos\end_to_end_level_5\401_M029.mp4,fake,401,DF_MANIPULATED_05,test
E:\manipulated_videos_part_05\manipulated_videos\end_to_end_level_5\721_M008.mp4,fake,721,DF_MANIPULATED_05,test
E:\manipulated_videos_part_05\manipulated_videos\end_to_end_level_5\815_M133.mp4,fake,815,DF_MANIPULATED_05,train
E:\manipulated_videos_part_05\manipulated_videos\end_to_end_level_5\280_W112.mp4,fake,280,DF_MANIPULATED_05,test
E:\manipulated_videos_part_05\manipulated_videos\end_to_end_level_5\944_W100.mp4,fake,944,DF_MANIPULATED_05,train
E:\manipulated_videos_part_05\manipulated_videos\end_to_end_level_5\980_W010.mp4,fake,980,DF_MANIPULATED_05,train
E:\manipulated_videos_part_05\manipulated_videos\end_to_end_mix_2_distortions\039_M114.mp4,fake,039,DF_MANIPULATED_05,train
E:\manipulated_videos_part_05\manipulated_videos\end_to_end_level_5\498_M039.mp4,fake,498,DF_MANIPULATED_05,val
E:\manipulated_videos_part_05\manipulated_videos\end_to_end_mix_2_distortions\185_M008.mp4,fake,185,DF_MANIPULATED_05,val
E:\manipulated_videos_part_05\manipulated_videos\end_to_end_level_5\666_M124.mp4,fake,666,DF_MANIPULATED_05,test
E:\manipulated_videos_part_05\manipulated_videos\end_to_end_mix_2_distortions\705_M132.mp4,fake,705,DF_MANIPULATED_05,train
E:\manipulated_videos_part_05\manipulated_videos\end_to_end_level_5\454_W024.mp4,fake,454,DF_MANIPULATED_05,train
E:\manipulated_videos_part_05\manipulated_videos\end_to_end_level_5\034_W009.mp4,fake,034,DF_MANIPULATED_05,train
E:\manipulated_videos_part_05\manipulated_videos\end_to_end_level_5\650_W010.mp4,fake,650,DF_MANIPULATED_05,train
E:\manipulated_videos_part_05\manipulated_videos\end_to_end_mix_2_distortions\088_W016.mp4,fake,088,DF_MANIPULATED_05,train
E:\manipulated_videos_part_05\manipulated_videos\end_to_end_mix_2_distortions\653_M123.mp4,fake,653,DF_MANIPULATED_05,test
E:\manipulated_videos_part_05\manipulated_videos\end_to_end_mix_2_distortions\206_W135.mp4,fake,206,DF_MANIPULATED_05,train
E:\manipulated_videos_part_05\manipulated_videos\end_to_end_mix_2_distortions\085_W015.mp4,fake,085,DF_MANIPULATED_05,train
E:\manipulated_videos_part_05\manipulated_videos\end_to_end_mix_2_distortions\001_W101.mp4,fake,001,DF_MANIPULATED_05,train
E:\manipulated_videos_part_05\manipulated_videos\end_to_end_level_5\042_W010.mp4,fake,042,DF_MANIPULATED_05,train
E:\manipulated_videos_part_05\manipulated_videos\end_to_end_level_5\222_W037.mp4,fake,222,DF_MANIPULATED_05,train
E:\manipulated_videos_part_05\manipulated_videos\end_to_end_mix_2_distortions\764_W026.mp4,fake,764,DF_MANIPULATED_05,train
E:\manipulated_videos_part_05\manipulated_videos\end_to_end_level_5\537_W136.mp4,fake,537,DF_MANIPULATED_05,val
E:\manipulated_videos_part_05\manipulated_videos\end_to_end_mix_2_distortions\335_M022.mp4,fake,335,DF_MANIPULATED_05,train
E:\manipulated_videos_part_05\manipulated_videos\end_to_end_mix_2_distortions\333_M021.mp4,fake,333,DF_MANIPULATED_05,train
E:\manipulated_videos_part_05\manipulated_videos\end_to_end_mix_2_distortions\974_M038.mp4,fake,974,DF_MANIPULATED_05,train
E:\manipulated_videos_part_05\manipulated_videos\end_to_end_mix_2_distortions\111_M123.mp4,fake,111,DF_MANIPULATED_05,train
E:\manipulated_videos_part_05\manipulated_videos\end_to_end_mix_2_distortions\600_M118.mp4,fake,600,DF_MANIPULATED_05,train
E:\manipulated_videos_part_05\manipulated_videos\end_to_end_level_5\438_W023.mp4,fake,438,DF_MANIPULATED_05,train
E:\manipulated_videos_part_05\manipulated_videos\end_to_end_level_5\690_M004.mp4,fake,690,DF_MANIPULATED_05,train
